295.000 0.000 5.292 3.03 -0.392 6.117
295.000 0.100 8.56 0.308 -1.02 8.64
295.000 0.200 6.302 -3.787 -0.664 7.408
295.000 0.300 2.05 -4.279 0.022 4.781
295.000 0.400 -0.794 -3.582 0.57 3.761
295.000 0.500 -3.382 -2.671 1.316 4.554
295.000 0.600 -5.105 -0.065 2.076 5.554
295.000 0.700 -4.16 2.445 2.522 5.478
295.000 0.800 -2.832 4.535 2.912 6.108
295.000 0.900 -0.535 7.352 2.584 7.817
295.000 1.000 3.491 10.466 1.9 11.2
295.000 1.100 10.944 14.396 1.393 18.142
295.000 1.200 25.417 15.655 0.74 29.863
295.000 1.300 37.622 4.457 -0.131 37.91
295.000 1.400 33.421 -4.989 -1.136 33.932
295.000 1.500 30.926 -10.091 -2.635 32.827
295.000 1.600 21.271 -18.045 -1.636 28.036
295.000 1.700 8.489 -17.535 0.466 19.506
295.000 1.800 1.256 -14.181 1.527 14.32
295.000 1.900 -2.944 -12.508 1.839 12.981
295.000 2.000 -7.617 -12.816 1.51 14.988
295.000 2.100 -16.167 -13.83 0.635 21.288
295.000 2.200 -27.603 -7.772 0.213 28.677
295.000 2.300 -24.214 3.906 0.498 24.532
295.000 2.400 -14.103 4.884 1.583 15.011
295.000 2.500 -9.918 2.35 2.861 10.591
295.000 2.600 -9.846 1.196 3.987 10.693
295.000 2.700 -10.054 3.463 4.425 11.518
295.000 2.800 -6.354 5.755 2.677 8.984
295.000 2.900 -2.372 4.798 0.838 5.423
295.000 3.000 -0.333 3.168 0.253 3.204
295.000 3.100 0.802 2.626 0.282 2.768
295.000 3.200 2.563 3.052 -0.09 3.995
295.000 3.300 6.017 2.783 -1.329 6.768
295.000 3.400 8.943 -1.126 -2.461 9.35
295.000 3.500 6.708 -5.515 -1.702 8.854
295.000 3.600 3.321 -6.988 -0.352 7.748
295.000 3.700 0.504 -7.796 1.219 7.908
295.000 3.800 -2.396 -8.101 2.944 8.946
295.000 3.900 -5.474 -8.144 4.118 10.643
295.000 4.000 -9.716 -8.133 4.814 13.557
295.000 4.100 -14.089 -5.63 5.274 16.069
295.000 4.200 -14.255 -3.247 4.937 15.44
295.000 4.300 -15.119 -2.747 5.089 16.201
295.000 4.400 -14.361 -0.549 6.343 15.725
295.000 4.500 -12.415 -0.325 8.445 15.028
295.000 4.600 -12.509 0.274 10.377 16.261
295.000 4.700 -13.757 2.255 11.367 17.992
295.000 4.800 -14.501 7.479 10.842 19.592
295.000 4.900 -9.844 12.803 6.49 17.407
295.000 5.000 -3.568 12.853 0.641 13.362
295.000 5.100 0.755 9.778 -4.219 10.712
295.000 5.200 3.18 5.023 -7.623 9.755
295.000 5.300 2.986 -1.126 -8.711 9.378
295.000 5.400 -0.847 -6.286 -6.907 9.424
295.000 5.500 -6.219 -7.38 -3.906 10.423
295.000 5.600 -9.199 -6.46 -1.898 11.406
295.000 5.700 -12.767 -5.071 -0.377 13.746
295.000 5.800 -13.424 -0.722 -0.041 13.446
295.000 5.900 -11.621 0.922 -1.038 11.708
295.000 6.000 -9.995 3.292 -2.178 10.785
295.000 6.100 -4.468 3.598 -3.387 6.736
295.000 6.200 -0.663 -0.694 -4.161 4.31
295.000 6.300 -1.29 -6.385 -3.408 7.356
295.000 6.400 -5.477 -11.452 -1.337 12.788
295.000 6.500 -13.595 -16.104 1.948 21.183
295.000 6.600 -28.153 -16.319 7.398 33.371
295.000 6.700 -37.825 -2.464 11.606 39.65
295.000 6.800 -28.141 8.55 10.019 31.114
295.000 6.900 -18.595 8.478 8.496 22.23
295.000 7.000 -14.026 6.932 7.581 17.489
295.000 7.100 -12.148 5.849 7.118 15.325
295.000 7.200 -10.779 6.251 6.565 14.134
295.000 7.300 -9.132 6.594 5.631 12.624
295.000 7.400 -7.44 7.847 4.749 11.83
295.000 7.500 -4.009 9.074 2.863 10.332
295.000 7.600 -0.218 8.885 0.879 8.933
295.000 7.700 3.554 8.29 -0.784 9.057
295.000 7.800 8.108 6.147 -2.523 10.492
295.000 7.900 9.271 0.911 -3.154 9.849
295.000 8.000 6.014 -1.577 -2.483 6.712
295.000 8.100 3.887 -1.582 -2.384 4.842
295.000 8.200 3.229 -1.996 -3.044 4.878
295.000 8.300 2.461 -4.441 -4.061 6.512
295.000 8.400 -1.754 -8.582 -4.158 9.702
295.000 8.500 -10.332 -9.802 -3.046 14.574
295.000 8.600 -15.16 -4.849 -0.401 15.944
295.000 8.700 -13.505 -2.022 3.976 14.234
295.000 8.800 -13.467 0.115 7.668 15.5
295.000 8.900 -14.26 3.513 8.555 17.009
295.000 9.000 -14.635 10.176 8.209 19.643
295.000 9.100 -4.669 19.838 5.272 21.057
295.000 9.200 14.387 19.039 0.498 23.87
295.000 9.300 22.998 5.05 -2.15 23.649
295.000 9.400 15.616 -2.351 -2.154 15.948
295.000 9.500 10.701 -1.499 -2.54 11.11
295.000 9.600 10.968 -0.422 -3.704 11.593
295.000 9.700 13.238 -3.807 -5.331 14.78
295.000 9.800 8.599 -11.209 -4.074 14.716
295.000 9.900 -2.332 -12.524 -0.439 12.763
295.000 10.000 -8.86 -6.962 2.233 11.501
295.000 10.100 -8.383 -3.324 3.785 9.794
295.000 10.200 -8.338 -2.242 5.237 10.112
295.000 10.300 -9.545 -0.991 6.137 11.404
295.000 10.400 -11.396 2.309 6.696 13.429
295.000 10.500 -8.777 7.858 4.91 12.771
295.000 10.600 -2.251 9.181 1.376 9.557
295.000 10.700 2.964 6.974 -0.941 7.64
295.000 10.800 7.116 4.013 -1.678 8.345
295.000 10.900 9.816 -2.079 -1.232 10.116
295.000 11.000 4.329 -7.955 1.124 9.137
295.000 11.100 -3.472 -6.42 3.718 8.204
295.000 11.200 -5.978 -0.97 4.788 7.732
295.000 11.300 -4.421 2.238 4.359 6.611
295.000 11.400 -2.767 3.372 3.106 5.365
295.000 11.500 -1.431 3.367 1.474 3.952
295.000 11.600 -0.707 2.311 0.194 2.431
295.000 11.700 -1.092 0.927 -0.091 1.441
295.000 11.800 -2.294 0.554 0.457 2.412
295.000 11.900 -2.697 1.42 0.7 3.135
295.000 12.000 -2.297 1.953 0.49 3.062
295.000 12.100 -1.683 2.7 0.292 3.203
295.000 12.200 -0.14 3.093 -0.161 3.107
295.000 12.300 1.102 2.548 -0.305 2.798
295.000 12.400 1.439 2.3 0.378 2.746
295.000 12.500 1.862 3.615 1.291 4.274
295.000 12.600 4.206 6.288 1.309 7.685
295.000 12.700 9.831 7.793 -0.282 12.554
295.000 12.800 14.337 4.059 -2.27 15.078
295.000 12.900 12.225 0.929 -2.956 12.616
295.000 13.000 10.527 0.873 -3.945 11.28
295.000 13.100 10.543 0.635 -4.531 11.497
295.000 13.200 11.615 -0.525 -4.875 12.611
295.000 13.300 10.772 -3.467 -3.781 11.935
295.000 13.400 7.693 -3.848 -1.179 8.687
295.000 13.500 5.989 -2.267 0.39 6.422
295.000 13.600 5.701 -0.488 0.784 5.781
295.000 13.700 6.907 -0.329 0.256 6.925
295.000 13.800 5.754 -1.855 -0.21 6.054
295.000 13.900 3.603 -1.602 -0.623 3.996
295.000 14.000 2.797 -0.951 -1.19 3.188
295.000 14.100 2.813 -0.851 -1.726 3.41
295.000 14.200 2.925 -1.464 -1.896 3.783
295.000 14.300 2.687 -2.202 -1.427 3.758
295.000 14.400 2.214 -2.962 -0.705 3.767
295.000 14.500 0.731 -3.681 0.478 3.786
295.000 14.600 -1.39 -3.096 1.735 3.817
295.000 14.700 -2.683 -1.534 2.085 3.735
295.000 14.800 -3.271 -0.447 1.587 3.669
295.000 14.900 -3.599 0.824 1.019 3.836
295.000 15.000 -2.286 1.714 0.446 2.898
295.100 0.000 4.542 2.591 2.799 5.936
295.100 0.100 7.312 0.28 3.933 8.317
295.100 0.200 5.513 -3.207 3 7.067
295.100 0.300 2.023 -3.792 1.237 4.504
295.100 0.400 -0.575 -3.533 0.183 3.628
295.100 0.500 -3.284 -2.897 -0.348 4.442
295.100 0.600 -5.324 -0.676 -0.374 5.428
295.100 0.700 -5.528 1.355 0.678 5.778
295.100 0.800 -5.719 3.869 2.037 7.234
295.100 0.900 -2.97 7.477 2.731 8.508
295.100 1.000 1.749 9.781 3.883 10.686
295.100 1.100 8.114 12.185 6.975 16.23
295.100 1.200 18.365 12.244 12.665 25.452
295.100 1.300 26.784 4.428 17.05 32.08
295.100 1.400 26.674 -2.627 15.616 31.117
295.100 1.500 26.762 -8.58 13.853 31.478
295.100 1.600 18.648 -16.644 10.337 27.119
295.100 1.700 6.987 -16.545 6.158 18.999
295.100 1.800 -0.029 -13.429 3.459 13.868
295.100 1.900 -4.53 -11.509 1.503 12.463
295.100 2.000 -8.61 -10.173 -1.399 13.408
295.100 2.100 -13.045 -9.485 -7.212 17.672
295.100 2.200 -18.584 -5.947 -13.039 23.468
295.100 2.300 -17.526 0.178 -11.309 20.86
295.100 2.400 -13.727 1.061 -5.036 14.665
295.100 2.500 -12.276 0.813 -1.438 12.392
295.100 2.600 -12.778 0.535 -1.031 12.832
295.100 2.700 -13.526 3.921 -1.241 14.139
295.100 2.800 -7.479 7.182 -1.255 10.451
295.100 2.900 -1.389 5.319 -1.152 5.626
295.100 3.000 0.728 2.558 -0.212 2.678
295.100 3.100 1.104 2.089 1.122 2.622
295.100 3.200 2.749 3.244 1.872 4.652
295.100 3.300 6.991 3.479 2.193 8.117
295.100 3.400 10.901 -0.92 2.377 11.199
295.100 3.500 8.554 -5.891 1.916 10.565
295.100 3.600 5.21 -7.734 1.568 9.458
295.100 3.700 1.359 -9.395 2.35 9.779
295.100 3.800 -3.446 -9.304 3.498 10.52
295.100 3.900 -7.295 -8.015 3.323 11.337
295.100 4.000 -10.863 -7.226 1.479 13.135
295.100 4.100 -14.318 -4.876 -0.645 15.148
295.100 4.200 -14.021 -2.999 -1.32 14.415
295.100 4.300 -14.145 -3.589 -0.948 14.648
295.100 4.400 -14.643 -3.457 1.502 15.149
295.100 4.500 -15.96 -3.618 5.562 17.307
295.100 4.600 -18.27 -1.379 8.572 20.253
295.100 4.700 -20.261 2.046 9.258 22.408
295.100 4.800 -21.845 10.057 7.658 25.269
295.100 4.900 -13.75 18.552 3.495 23.361
295.100 5.000 -3.077 18.608 -2.253 19.004
295.100 5.100 4.164 14.362 -7.632 16.854
295.100 5.200 9.124 8.105 -11.952 17.277
295.100 5.300 10.01 -1.264 -13.996 17.504
295.100 5.400 4.01 -8.622 -13.003 16.198
295.100 5.500 -3.588 -9.778 -11.22 15.314
295.100 5.600 -7.468 -8.189 -8.889 14.207
295.100 5.700 -11.051 -5.943 -7.444 14.591
295.100 5.800 -11.572 -0.738 -6.725 13.41
295.100 5.900 -8.832 1.935 -6.734 11.281
295.100 6.000 -5.978 3.817 -7.27 10.192
295.100 6.100 -0.911 3.855 -6.838 7.964
295.100 6.200 3.179 -0.729 -6.596 7.394
295.100 6.300 1.667 -7.385 -6.423 9.932
295.100 6.400 -3.852 -12.637 -6.526 14.773
295.100 6.500 -12.982 -17.565 -7.455 23.103
295.100 6.600 -29.402 -18.407 -9.746 36.033
295.100 6.700 -41.262 -4.089 -10.51 42.792
295.100 6.800 -32.374 6.663 -5.585 33.611
295.100 6.900 -25.226 7.243 -0.453 26.44
295.100 7.000 -20.121 7.384 0.753 21.597
295.100 7.100 -18.079 5.671 0.84 19.055
295.100 7.200 -16.384 7.044 0.996 17.91
295.100 7.300 -13.169 6.962 0.804 14.95
295.100 7.400 -11.336 8.619 1.045 14.299
295.100 7.500 -5.91 10.484 0.899 12.077
295.100 7.600 -0.571 9.843 0.786 9.894
295.100 7.700 3.848 8.933 1.034 9.786
295.100 7.800 9.029 6.666 1.713 11.364
295.100 7.900 10.459 1.071 1.751 10.676
295.100 8.000 7.11 -1.189 0.617 7.254
295.100 8.100 5.383 -0.806 -0.632 5.494
295.100 8.200 5.408 -0.63 -1.946 5.793
295.100 8.300 6.35 -2.814 -3.905 7.977
295.100 8.400 3.384 -7.335 -6.49 10.365
295.100 8.500 -2.915 -9.478 -9.453 13.705
295.100 8.600 -8.816 -9.465 -8.336 15.408
295.100 8.700 -15.376 -8.656 -1.325 17.704
295.100 8.800 -21.507 -2.305 4.241 22.047
295.100 8.900 -20.599 4.815 3.586 21.473
295.100 9.000 -18.842 11.164 1.515 21.977
295.100 9.100 -8.038 20.207 3.126 21.978
295.100 9.200 10.411 18.826 7.81 22.889
295.100 9.300 19.216 6.564 9.503 22.427
295.100 9.400 15.401 0.006 5.887 16.499
295.100 9.500 13.155 -0.165 2.824 13.467
295.100 9.600 14.233 0.479 2.43 14.459
295.100 9.700 18.364 -2.962 2.521 18.785
295.100 9.800 13.111 -12.054 1.19 17.867
295.100 9.900 0.361 -13.328 -1.193 13.402
295.100 10.000 -7.231 -8.569 -1.931 11.391
295.100 10.100 -9.446 -5.622 0.224 11.008
295.100 10.200 -11.93 -3.51 2.322 12.662
295.100 10.300 -13.383 -1.144 2.499 13.673
295.100 10.400 -15.985 2.822 1.6 16.32
295.100 10.500 -12.004 10.385 0.343 15.883
295.100 10.600 -2.346 11.398 -0.953 11.681
295.100 10.700 4.186 7.408 -1.285 8.61
295.100 10.800 7.788 2.874 0.221 8.311
295.100 10.900 9.125 -3.881 2.78 10.31
295.100 11.000 2.863 -9.791 4.378 11.114
295.100 11.100 -5.593 -7.683 5.493 10.99
295.100 11.200 -8.469 -1.018 5.798 10.326
295.100 11.300 -6.816 3.216 4.995 9.053
295.100 11.400 -4.472 5.192 3.32 7.623
295.100 11.500 -1.709 5.389 0.837 5.722
295.100 11.600 0.117 3.485 -1.298 3.725
295.100 11.700 -0.397 0.899 -2.255 2.46
295.100 11.800 -2.8 0.022 -2.256 3.598
295.100 11.900 -3.453 1.449 -1.947 4.224
295.100 12.000 -2.347 1.944 -1.606 3.449
295.100 12.100 -1.425 2.709 -1.198 3.292
295.100 12.200 0.753 3.195 -0.787 3.381
295.100 12.300 2.613 1.962 -0.249 3.284
295.100 12.400 2.09 0.743 1.369 2.617
295.100 12.500 1.116 2.218 3.584 4.373
295.100 12.600 2.831 5.717 5.653 8.534
295.100 12.700 8.837 8.229 7.657 14.308
295.100 12.800 14.503 5.488 8.024 17.469
295.100 12.900 14.234 3.452 4.663 15.379
295.100 13.000 15.574 2.553 0.931 15.815
295.100 13.100 15.776 0.435 0.556 15.798
295.100 13.200 17.343 -0.79 1.655 17.447
295.100 13.300 15.57 -5.795 2.998 16.889
295.100 13.400 8.576 -5.999 4.852 11.544
295.100 13.500 5.084 -2.933 5.784 8.25
295.100 13.600 4.331 -0.246 5.464 6.987
295.100 13.700 5.477 0.455 4.793 7.302
295.100 13.800 5.048 -0.573 3.105 5.963
295.100 13.900 3.981 -0.413 0.985 4.128
295.100 14.000 3.907 -0.135 -0.419 3.936
295.100 14.100 4.623 -0.281 -1.226 4.794
295.100 14.200 5.275 -1.783 -1.386 5.742
295.100 14.300 4.372 -3.149 -0.284 5.399
295.100 14.400 3.523 -3.909 0.975 5.357
295.100 14.500 1.005 -4.877 1.958 5.356
295.100 14.600 -2.497 -3.649 2.423 5.048
295.100 14.700 -3.974 -0.875 1.873 4.486
295.100 14.800 -3.529 0.693 0.354 3.62
295.100 14.900 -3.043 1.455 -0.993 3.52
295.100 15.000 -1.771 1.746 -1.032 2.698
295.200 0.000 1.585 0.807 3.815 4.212
295.200 0.100 2.023 -0.025 5.027 5.424
295.200 0.200 1.903 -1.098 4 4.575
295.200 0.300 1.321 -1.873 1.821 2.95
295.200 0.400 0.062 -2.47 0.181 2.519
295.200 0.500 -1.904 -2.194 -0.875 3.084
295.200 0.600 -3.499 -0.786 -1.513 3.943
295.200 0.700 -4.566 0.576 -1.706 4.964
295.200 0.800 -5.643 2.86 -1.499 6.551
295.200 0.900 -3.519 5.864 0.207 6.865
295.200 1.000 -0.013 6.848 3.329 7.629
295.200 1.100 3.365 7.108 7.653 10.986
295.200 1.200 6.848 5.708 13.321 16.037
295.200 1.300 9.47 2.491 17.849 20.374
295.200 1.400 11.613 -1.395 18.739 22.119
295.200 1.500 12.044 -6.435 17.843 22.509
295.200 1.600 8.258 -11.267 14.037 19.823
295.200 1.700 2.2 -11.967 8.626 14.918
295.200 1.800 -2.314 -10.043 3.877 11.013
295.200 1.900 -5.834 -8.455 -0.382 10.29
295.200 2.000 -8.401 -5.361 -4.783 11.075
295.200 2.100 -6.366 -2.688 -10.08 12.235
295.200 2.200 -3.901 -3.066 -14.495 15.323
295.200 2.300 -5.648 -4.708 -13.822 15.657
295.200 2.400 -10.415 -4.121 -9.927 14.97
295.200 2.500 -12.244 -0.56 -7.292 14.266
295.200 2.600 -10.376 1.14 -6.846 12.486
295.200 2.700 -8.82 3.322 -6.518 11.466
295.200 2.800 -4.225 5.478 -3.993 7.999
295.200 2.900 0.905 3.847 -1.165 4.13
295.200 3.000 1.753 0.69 1.084 2.178
295.200 3.100 0.523 0.675 2.915 3.04
295.200 3.200 1.384 2.492 4.098 4.995
295.200 3.300 4.865 2.83 4.774 7.384
295.200 3.400 7.87 -0.976 5.216 9.494
295.200 3.500 6.788 -5.347 5.319 10.149
295.200 3.600 4.719 -7.715 5.469 10.569
295.200 3.700 0.432 -9.963 5.428 11.354
295.200 3.800 -5.478 -9.118 4.814 11.676
295.200 3.900 -9.093 -6.041 2.895 11.296
295.200 4.000 -10.531 -4.156 -0.544 11.341
295.200 4.100 -11.604 -2.823 -3.817 12.551
295.200 4.200 -10.891 -2.69 -5.474 12.505
295.200 4.300 -11.129 -5.03 -5.05 13.245
295.200 4.400 -13.432 -7.336 -2.112 15.489
295.200 4.500 -18.072 -7.786 2.554 19.904
295.200 4.600 -22.466 -3.472 6.2 23.677
295.200 4.700 -24.472 2.613 7.196 25.849
295.200 4.800 -24.278 13.029 5.651 28.386
295.200 4.900 -14.319 23.571 1.446 27.704
295.200 5.000 -0.487 24.403 -4.366 24.797
295.200 5.100 9.65 19.195 -9.762 23.656
295.200 5.200 17.284 11.603 -13.886 25.238
295.200 5.300 19.797 -0.786 -15.807 25.643
295.200 5.400 13.227 -9.68 -15.44 22.624
295.200 5.500 5.934 -11.755 -14.101 19.346
295.200 5.600 -0.276 -10.937 -11.283 15.745
295.200 5.700 -5.29 -7.241 -8.809 12.571
295.200 5.800 -6.371 -1.47 -7.645 10.077
295.200 5.900 -3.804 2.236 -7.362 8.614
295.200 6.000 -0.52 3.624 -7.379 8.285
295.200 6.100 3.117 3.257 -7.019 8.397
295.200 6.200 6.211 -0.699 -6.944 9.377
295.200 6.300 4.978 -6.565 -7.822 11.369
295.200 6.400 0.844 -10.808 -9.988 14.755
295.200 6.500 -5.576 -14.182 -13.457 20.336
295.200 6.600 -14.892 -13.5 -18.663 27.432
295.200 6.700 -21.44 -5.842 -21.768 31.133
295.200 6.800 -21.912 0.249 -18.432 28.732
295.200 6.900 -22.774 3.664 -14.764 27.562
295.200 7.000 -18.564 6.769 -12.42 23.452
295.200 7.100 -15.365 5.213 -11.48 19.926
295.200 7.200 -13.678 5.858 -9.834 17.863
295.200 7.300 -11 5.718 -6.812 14.168
295.200 7.400 -9.544 7.388 -4.524 12.903
295.200 7.500 -5.403 9.261 -2.133 10.937
295.200 7.600 -1.157 8.815 -0.069 8.893
295.200 7.700 2.309 7.69 1.639 8.199
295.200 7.800 5.495 5.384 3.393 8.42
295.200 7.900 6.452 1.679 4.162 7.878
295.200 8.000 5.279 0.133 3.545 6.38
295.200 8.100 4.93 0.508 2.498 5.566
295.200 8.200 5.645 1.022 0.858 5.813
295.200 8.300 7.522 -0.425 -1.228 7.644
295.200 8.400 7.52 -3.666 -4.288 9.404
295.200 8.500 6.924 -6.646 -7.866 12.41
295.200 8.600 1.708 -12.733 -8.86 15.618
295.200 8.700 -12.651 -14.066 -6.917 20.15
295.200 8.800 -24.073 -4.008 -5.587 25.041
295.200 8.900 -20.683 6.345 -4.964 22.208
295.200 9.000 -14.913 10.746 -4.242 18.881
295.200 9.100 -7.313 14.61 -0.163 16.347
295.200 9.200 1.894 12.743 6.854 14.599
295.200 9.300 7.306 6.883 11.219 15.066
295.200 9.400 9.81 3.175 11.093 15.16
295.200 9.500 11.958 0.905 10.357 15.861
295.200 9.600 11.503 -0.43 10.553 15.635
295.200 9.700 12.088 -2.519 10.701 16.357
295.200 9.800 9.097 -7.727 7.244 13.981
295.200 9.900 2.83 -9.216 1.315 9.748
295.200 10.000 -2.194 -8.359 -2.152 8.92
295.200 10.100 -7.025 -7.221 -2.418 10.373
295.200 10.200 -11.374 -4.24 -2.142 12.336
295.200 10.300 -12.647 -0.508 -2.045 12.83
295.200 10.400 -13.226 4.11 -2.863 14.149
295.200 10.500 -8.854 10.827 -3.437 14.407
295.200 10.600 0.189 11.668 -3.511 12.189
295.200 10.700 6.268 6.178 -2.79 9.237
295.200 10.800 7.528 0.097 -0.236 7.541
295.200 10.900 6.081 -6.264 2.582 9.116
295.200 11.000 -0.872 -11.241 4.671 12.217
295.200 11.100 -10.225 -8.625 6.136 14.73
295.200 11.200 -12.884 -0.214 6.074 14.256
295.200 11.300 -9.887 4.73 4.559 11.881
295.200 11.400 -6.382 7.572 2.449 10.209
295.200 11.500 -1.324 8.163 -0.402 8.286
295.200 11.600 2.442 5.352 -3.07 6.639
295.200 11.700 2.778 1.762 -4.612 5.666
295.200 11.800 1.097 0.236 -5.602 5.713
295.200 11.900 0.102 0.493 -5.103 5.128
295.200 12.000 0.008 0.883 -3.268 3.385
295.200 12.100 0.321 1.756 -1.733 2.49
295.200 12.200 1.915 2.264 -0.274 2.984
295.200 12.300 3.504 0.645 1.324 3.81
295.200 12.400 1.688 -1.445 3.182 3.894
295.200 12.500 -1.24 -0.269 5.642 5.797
295.200 12.600 -1.703 2.921 8.51 9.171
295.200 12.700 0.182 5.17 12.087 13.162
295.200 12.800 3.171 6.59 14.211 15.996
295.200 12.900 8.619 7.504 12.107 16.661
295.200 13.000 15.274 4.377 10.255 18.92
295.200 13.100 14.97 -0.841 10.277 18.187
295.200 13.200 13.27 -2.49 12.025 18.091
295.200 13.300 10.173 -6.039 12.434 17.173
295.200 13.400 3.309 -6.129 10.855 12.908
295.200 13.500 -0.692 -2.261 9.634 9.931
295.200 13.600 -0.394 0.928 7.765 7.842
295.200 13.700 0.969 1.735 6.193 6.516
295.200 13.800 2.224 1.733 4.297 5.15
295.200 13.900 3.615 1.464 2.258 4.515
295.200 14.000 4.68 0.757 1.034 4.859
295.200 14.100 5.813 0.054 0.702 5.861
295.200 14.200 6.643 -2.469 1.138 7.183
295.200 14.300 4.273 -4.717 2.373 6.798
295.200 14.400 1.756 -5.053 3.947 6.654
295.200 14.500 -1.137 -5.006 4.235 6.661
295.200 14.600 -4.278 -3.098 3.488 6.337
295.200 14.700 -4.95 0.582 2.134 5.429
295.200 14.800 -2.699 2.647 -0.005 3.787
295.200 14.900 -0.582 2.178 -1.632 2.787
295.200 15.000 -0.088 1.178 -1.57 1.968
295.300 0.000 -0.622 -0.521 2.896 3.013
295.300 0.100 -1.304 -0.172 3.451 3.7
295.300 0.200 -0.574 0.425 2.942 3.031
295.300 0.300 0.527 -0.157 1.685 1.782
295.300 0.400 0.355 -1.203 0.417 1.354
295.300 0.500 -0.91 -1.227 -0.673 1.716
295.300 0.600 -1.898 -0.066 -1.646 2.56
295.300 0.700 -2.061 1.212 -2.587 3.574
295.300 0.800 -1.902 2.366 -3.104 4.397
295.300 0.900 -1.253 3.182 -1.764 3.891
295.300 1.000 -0.652 3.17 1.151 3.445
295.300 1.100 0.167 2.75 4.64 5.397
295.300 1.200 0.778 1.088 8.313 8.427
295.300 1.300 0.805 -0.368 11.671 11.72
295.300 1.400 1.85 -2.249 14.179 14.482
295.300 1.500 1.823 -4.908 14.74 15.646
295.300 1.600 0.252 -6.776 12.277 14.027
295.300 1.700 -2.208 -6.873 7.808 10.636
295.300 1.800 -3.769 -5.075 2.773 6.913
295.300 1.900 -4.109 -3.445 -2.658 6.013
295.300 2.000 -3.576 -1.182 -7.327 8.275
295.300 2.100 0.031 0.59 -9.595 9.637
295.300 2.200 3.987 -1.554 -10.655 11.491
295.300 2.300 2.07 -5.73 -11.421 12.946
295.300 2.400 -3.377 -5.668 -11.956 13.658
295.300 2.500 -5.875 -2.325 -11.092 12.772
295.300 2.600 -4.782 -0.029 -8.731 9.964
295.300 2.700 -3.225 1.134 -6.315 7.191
295.300 2.800 -1.493 1.844 -2.992 3.83
295.300 2.900 0.355 0.85 0.633 1.124
295.300 3.000 -0.132 -1.209 3.018 3.254
295.300 3.100 -2.1 -0.833 4.65 5.17
295.300 3.200 -1.734 1.787 5.75 6.267
295.300 3.300 2.042 2.495 6.078 6.883
295.300 3.400 5.185 -1.375 6.487 8.418
295.300 3.500 3.375 -5.977 7.108 9.882
295.300 3.600 -0.153 -8.064 7.804 11.224
295.300 3.700 -4.484 -9.071 7.25 12.449
295.300 3.800 -9.967 -7.506 5.641 13.693
295.300 3.900 -12.486 -2.319 2.521 12.951
295.300 4.000 -10.485 0.477 -2.871 10.887
295.300 4.100 -8.755 0.29 -7.643 11.636
295.300 4.200 -6.783 -1.736 -9.941 12.178
295.300 4.300 -6.936 -6.55 -9.963 13.817
295.300 4.400 -11.433 -11.854 -6.921 17.899
295.300 4.500 -20.888 -13.232 -1.262 24.882
295.300 4.600 -28.578 -6.032 3.383 29.688
295.300 4.700 -30.257 2.374 4.902 31.238
295.300 4.800 -29.972 15.49 4.55 34.729
295.300 4.900 -15.826 29.313 0.642 33.689
295.300 5.000 3.226 30.262 -5.237 30.94
295.300 5.100 16.823 23.819 -10.07 30.867
295.300 5.200 27.425 14.943 -14.068 34.308
295.300 5.300 31.233 -0.919 -15.721 35.069
295.300 5.400 22.904 -11.774 -12.777 28.84
295.300 5.500 14.353 -14.08 -9.613 22.441
295.300 5.600 5.628 -13.547 -7.504 16.559
295.300 5.700 -1.453 -8.72 -6.193 10.795
295.300 5.800 -3.228 -2.069 -5.515 6.75
295.300 5.900 -0.776 2.143 -5.215 5.758
295.300 6.000 2.539 3.581 -5.155 6.838
295.300 6.100 6.204 3.442 -5.411 8.982
295.300 6.200 9.807 -0.061 -6.148 11.616
295.300 6.300 8.934 -5.172 -7.02 12.504
295.300 6.400 6.526 -7.959 -8.906 13.624
295.300 6.500 2.735 -10.348 -11.868 15.989
295.300 6.600 -2.307 -8.984 -15.361 17.96
295.300 6.700 -5.216 -5.053 -18.092 19.523
295.300 6.800 -6.846 -0.988 -19.453 20.676
295.300 6.900 -6.772 2.273 -20.387 21.648
295.300 7.000 -4.862 4.228 -18.343 19.476
295.300 7.100 -2.217 4.029 -16.067 16.728
295.300 7.200 -1.936 2.112 -13.363 13.683
295.300 7.300 -4.329 2.121 -9.05 10.271
295.300 7.400 -5.398 4.793 -5.893 9.328
295.300 7.500 -3.489 6.882 -3.626 8.528
295.300 7.600 -1.085 6.833 -1.613 7.104
295.300 7.700 1.187 5.839 0.348 5.972
295.300 7.800 3.044 3.776 2.264 5.364
295.300 7.900 3.236 1.156 3.649 5.034
295.300 8.000 1.888 0.195 4.472 4.883
295.300 8.100 1.461 1.622 4.491 5.012
295.300 8.200 3.775 3.125 2.839 5.676
295.300 8.300 7.338 1.83 0.703 7.607
295.300 8.400 8.852 -1.265 -0.913 8.996
295.300 8.500 9.723 -4.723 -1.995 10.996
295.300 8.600 5.618 -11.541 -3.864 13.42
295.300 8.700 -6.57 -12.658 -7.344 16.055
295.300 8.800 -15.338 -3.849 -9.995 18.718
295.300 8.900 -13.927 5.047 -9.831 17.788
295.300 9.000 -9.85 8.195 -8.085 15.164
295.300 9.100 -5.288 8.991 -4.173 11.244
295.300 9.200 -1.424 6.518 1.536 6.854
295.300 9.300 0.438 3.292 7.135 7.89
295.300 9.400 1.664 1.048 12.328 12.507
295.300 9.500 2.321 0.29 15.868 16.062
295.300 9.600 2.598 0.396 15.244 15.491
295.300 9.700 3.343 -0.354 12.744 13.201
295.300 9.800 3.274 -2.431 8.694 9.624
295.300 9.900 2.411 -4.142 3.626 6.031
295.300 10.000 0.307 -6.127 -0.133 6.153
295.300 10.100 -4.09 -6.577 -2.08 8.032
295.300 10.200 -8.039 -4.163 -2.846 9.499
295.300 10.300 -9.943 -0.518 -2.885 10.374
295.300 10.400 -10.598 4.575 -2.895 11.907
295.300 10.500 -5.97 11.135 -3.171 13.029
295.300 10.600 3.576 11.68 -3.332 12.664
295.300 10.700 9.473 4.501 -2.581 10.806
295.300 10.800 8.219 -2.644 -0.566 8.662
295.300 10.900 4.69 -8.527 1.762 9.902
295.300 11.000 -3.505 -12.755 3.392 13.667
295.300 11.100 -13.557 -9.198 4.201 16.924
295.300 11.200 -16.055 0.526 4.095 16.587
295.300 11.300 -12.002 6.33 3.136 13.935
295.300 11.400 -6.946 9.817 1.549 12.133
295.300 11.500 0.543 11.06 -0.774 11.106
295.300 11.600 7.229 7.293 -3.184 10.756
295.300 11.700 8.255 2.528 -3.825 9.447
295.300 11.800 7.824 0.781 -4.208 8.922
295.300 11.900 6.23 -1.08 -3.823 7.393
295.300 12.000 3.231 -0.884 -2.354 4.097
295.300 12.100 1.945 0.312 -1.09 2.255
295.300 12.200 2.152 0.597 0.355 2.269
295.300 12.300 2.124 -1.006 1.964 3.074
295.300 12.400 -0.568 -3.226 3.328 4.682
295.300 12.500 -5.219 -2.68 5.098 7.784
295.300 12.600 -7.388 0.593 6.829 10.09
295.300 12.700 -7.924 2.274 8.405 11.785
295.300 12.800 -7.429 5.906 10.206 13.95
295.300 12.900 -0.468 7.776 11.961 14.288
295.300 13.000 5.482 3.978 14.006 15.571
295.300 13.100 5.593 -1.105 14.427 15.525
295.300 13.200 2.401 -3.44 14.444 15.052
295.300 13.300 -0.639 -4.015 13.252 13.873
295.300 13.400 -4.106 -3.886 10.124 11.606
295.300 13.500 -6.8 -0.299 7.53 10.161
295.300 13.600 -4.343 2.821 5.626 7.658
295.300 13.700 -1.837 3.125 4.229 5.582
295.300 13.800 0.392 3.208 3.288 4.622
295.300 13.900 2.696 2.554 2.639 4.566
295.300 14.000 4.146 1.276 2.181 4.864
295.300 14.100 5.065 -0.18 2.09 5.49
295.300 14.200 5.026 -3.201 2.526 6.479
295.300 14.300 1.795 -6.021 3.324 7.114
295.300 14.400 -2.549 -5.952 4.345 7.804
295.300 14.500 -5.198 -4.272 4.107 7.889
295.300 14.600 -7.387 -2.13 3.07 8.284
295.300 14.700 -7.1 2.365 1.817 7.708
295.300 14.800 -2.562 4.533 0.21 5.218
295.300 14.900 1 2.857 -0.779 3.131
295.300 15.000 1.133 0.801 -0.968 1.695
295.400 0.000 -1.766 -1.24 1.765 2.797
295.400 0.100 -2.787 -0.264 2.231 3.587
295.400 0.200 -1.764 1.177 2.009 2.924
295.400 0.300 0.118 0.889 1.305 1.583
295.400 0.400 0.552 -0.291 0.625 0.898
295.400 0.500 -0.249 -0.301 -0.046 0.431
295.400 0.600 -0.613 0.89 -0.916 1.446
295.400 0.700 0.036 2.145 -1.872 2.882
295.400 0.800 1.162 2.452 -2.596 3.801
295.400 0.900 1.449 1.785 -2.614 3.545
295.400 1.000 0.926 0.823 -1.868 2.331
295.400 1.100 0.422 -0.444 0.227 0.714
295.400 1.200 -0.486 -2.294 3.496 4.224
295.400 1.300 -2.081 -3.441 6.686 7.809
295.400 1.400 -3.536 -4.491 9.459 11.055
295.400 1.500 -5.596 -4.582 10.983 13.156
295.400 1.600 -6.072 -3.393 9.317 11.637
295.400 1.700 -6.114 -2.573 5.827 8.845
295.400 1.800 -5.033 -0.112 1.84 5.392
295.400 1.900 -1.373 1.558 -2.553 3.354
295.400 2.000 2.25 1.578 -5.749 6.418
295.400 2.100 5.104 1.409 -6.859 8.697
295.400 2.200 8.163 -0.859 -7.494 11.133
295.400 2.300 6.908 -4.784 -8.173 11.732
295.400 2.400 3.65 -5.043 -9.032 10.979
295.400 2.500 1.469 -4.096 -8.798 9.826
295.400 2.600 -0.242 -2.677 -6.734 7.261
295.400 2.700 -0.755 -1.605 -4.255 4.621
295.400 2.800 -1.066 -1.372 -1.771 2.49
295.400 2.900 -1.609 -1.911 0.71 2.6
295.400 3.000 -3.056 -2.849 2.503 4.873
295.400 3.100 -5.746 -2.286 3.769 7.245
295.400 3.200 -5.9 1.174 4.763 7.676
295.400 3.300 -1.668 1.934 5.536 6.098
295.400 3.400 0.989 -1.912 6.333 6.689
295.400 3.500 -1.015 -6.377 6.596 9.232
295.400 3.600 -5.519 -7.995 6.473 11.677
295.400 3.700 -9.624 -7.416 5.245 13.237
295.400 3.800 -14.424 -4.987 2.616 15.488
295.400 3.900 -15.433 2.41 -1.262 15.675
295.400 4.000 -8.756 6.228 -6.349 12.483
295.400 4.100 -2.961 4.061 -11.203 12.28
295.400 4.200 -0.021 -0.448 -13.681 13.698
295.400 4.300 0.365 -7.423 -14.345 16.176
295.400 4.400 -6.117 -16.086 -12.296 21.151
295.400 4.500 -19.953 -18.298 -8.376 28.475
295.400 4.600 -30.624 -9.562 -4.322 32.815
295.400 4.700 -33.063 0.737 -0.301 33.797
295.400 4.800 -32.102 16.351 1.577 36.951
295.400 4.900 -15.497 33.141 0.884 37.176
295.400 5.000 8.971 34.882 -1.992 36.344
295.400 5.100 25.328 26.434 -3.868 36.94
295.400 5.200 38.698 17.862 -4.75 42.9
295.400 5.300 44.671 -2.289 -5.18 45.035
295.400 5.400 29.593 -15.421 -3.599 33.619
295.400 5.500 16.391 -16.042 -2.175 23.157
295.400 5.600 6.893 -14.193 -2.016 15.972
295.400 5.700 -0.115 -9.054 -2.192 9.318
295.400 5.800 -1.907 -2.165 -2.418 3.799
295.400 5.900 0.631 2.148 -2.728 3.628
295.400 6.000 4.003 3.524 -2.72 6.068
295.400 6.100 7.673 3.555 -2.365 8.844
295.400 6.200 11.484 0.52 -2.191 11.75
295.400 6.300 10.853 -3.944 -3.122 11.993
295.400 6.400 8.985 -5.908 -4.683 11.756
295.400 6.500 6.516 -7.569 -6.701 12.048
295.400 6.600 3.346 -6.369 -8.88 11.446
295.400 6.700 2.084 -3.249 -10.482 11.18
295.400 6.800 3.208 0.673 -11.65 12.102
295.400 6.900 7.025 2.178 -12.066 14.144
295.400 7.000 7.105 1.469 -10.607 12.871
295.400 7.100 7.66 2.115 -8.405 11.587
295.400 7.200 6.308 -0.754 -6.84 9.364
295.400 7.300 0.598 -0.485 -5.858 5.929
295.400 7.400 -2.185 3.021 -5.048 6.281
295.400 7.500 -1.103 5.412 -4.197 6.938
295.400 7.600 0.744 5.203 -3.239 6.174
295.400 7.700 1.909 3.758 -1.452 4.461
295.400 7.800 2.294 1.933 0.676 3.087
295.400 7.900 1.441 0.006 2.177 2.639
295.400 8.000 -0.974 -0.57 3.023 3.256
295.400 8.100 -2.278 2.085 3.326 4.556
295.400 8.200 1.411 4.55 3.001 5.641
295.400 8.300 6.169 3.063 2.616 7.383
295.400 8.400 7.884 -0.311 1.949 8.142
295.400 8.500 8.045 -3.543 0.831 8.844
295.400 8.600 4.879 -8.402 -1.447 9.845
295.400 8.700 -3.3 -8.862 -5.099 10.769
295.400 8.800 -9.067 -1.851 -8.431 12.541
295.400 8.900 -6.828 5.192 -10.286 13.399
295.400 9.000 -2.365 6.395 -10.566 12.577
295.400 9.100 0.147 4.269 -7.714 8.821
295.400 9.200 0.651 1.097 -2.815 3.093
295.400 9.300 -0.993 -2.613 2.645 3.882
295.400 9.400 -5.758 -4.853 8.869 11.664
295.400 9.500 -10.353 -1.701 13.436 17.07
295.400 9.600 -7.95 2.395 13.616 15.968
295.400 9.700 -4.376 2.656 11.699 12.789
295.400 9.800 -1.798 2.089 8.24 8.708
295.400 9.900 0.488 0.148 3.835 3.888
295.400 10.000 0.417 -3.433 0.461 3.507
295.400 10.100 -2.929 -5.317 -1.297 6.222
295.400 10.200 -6.582 -3.802 -1.996 7.87
295.400 10.300 -8.587 -0.508 -2.111 8.865
295.400 10.400 -9.17 4.728 -2.115 10.538
295.400 10.500 -4.337 11.336 -2.284 12.355
295.400 10.600 5.266 11.507 -2.608 12.926
295.400 10.700 10.764 3.427 -2.311 11.538
295.400 10.800 8.57 -4.477 -1.05 9.735
295.400 10.900 3.466 -10.122 0.211 10.712
295.400 11.000 -5.821 -13.963 1.225 15.187
295.400 11.100 -17.329 -9.814 2.4 20.067
295.400 11.200 -19.653 1.441 2.065 19.821
295.400 11.300 -14.266 7.249 0.926 16.036
295.400 11.400 -8.336 10.792 0.914 13.674
295.400 11.500 1.245 12.364 1.395 12.513
295.400 11.600 10.248 7.891 2.22 13.132
295.400 11.700 10.872 2.311 2.64 11.434
295.400 11.800 10.126 0.957 2.771 10.552
295.400 11.900 8.484 -1.181 2.157 8.843
295.400 12.000 5.124 -1.037 0.846 5.305
295.400 12.100 3.527 -0.312 0.147 3.552
295.400 12.200 2.65 -0.517 0.486 2.753
295.400 12.300 1.53 -1.915 0.966 2.644
295.400 12.400 -1.549 -3.916 1.044 4.347
295.400 12.500 -6.605 -3.616 0.832 7.583
295.400 12.600 -8.96 -0.276 1.1 9.04
295.400 12.700 -8.828 1.342 1.749 9.108
295.400 12.800 -8.38 3.767 3.071 9.697
295.400 12.900 -4.84 4.589 6.369 9.235
295.400 13.000 -2.615 2.084 9.445 10.033
295.400 13.100 -2.49 -0.883 10.38 10.724
295.400 13.200 -4.834 -2.73 9.693 11.183
295.400 13.300 -6.581 -1.63 8.117 10.587
295.400 13.400 -6.799 -0.819 5.641 8.882
295.400 13.500 -6.972 1.523 3.35 7.892
295.400 13.600 -4.339 3.748 2.608 6.309
295.400 13.700 -1.526 3.801 2.251 4.685
295.400 13.800 0.44 3.384 2.285 4.118
295.400 13.900 2.198 2.744 2.47 4.308
295.400 14.000 3.461 1.487 2.398 4.475
295.400 14.100 4.282 -0.161 2.217 4.833
295.400 14.200 4.031 -3.463 2.04 5.699
295.400 14.300 0.156 -6.531 1.956 6.825
295.400 14.400 -5.01 -6.078 1.678 8.059
295.400 14.500 -7.304 -3.443 1.184 8.166
295.400 14.600 -8.436 -1.094 0.326 8.518
295.400 14.700 -7.434 3.255 -0.367 8.129
295.400 14.800 -2.546 5.178 -0.5 5.798
295.400 14.900 1.129 3.141 -0.57 3.392
295.400 15.000 1.436 0.756 -0.515 1.707
295.500 0.000 -2.304 -1.666 0.236 2.866
295.500 0.100 -3.911 -0.536 0.42 3.981
295.500 0.200 -2.665 1.306 0.851 3.094
295.500 0.300 -0.359 1.122 1.39 1.823
295.500 0.400 0.231 0.08 1.528 1.551
295.500 0.500 -0.414 0.345 1.151 1.273
295.500 0.600 -0.335 1.803 0.446 1.894
295.500 0.700 1.037 3.162 -0.599 3.399
295.500 0.800 2.999 3.162 -1.677 4.703
295.500 0.900 4.273 2.166 -2.493 5.45
295.500 1.000 5.342 0.445 -3.176 6.3
295.500 1.100 4.478 -3.041 -2.258 5.941
295.500 1.200 0.852 -5.398 0.31 5.526
295.500 1.300 -2.844 -6.008 2.525 7.14
295.500 1.400 -6.407 -6.527 4.161 10.071
295.500 1.500 -10.827 -4.663 4.744 12.734
295.500 1.600 -10.219 -0.735 3.581 10.886
295.500 1.700 -8.085 0.487 1.245 8.232
295.500 1.800 -5.413 2.945 -0.819 6.266
295.500 1.900 0.011 4.012 -1.927 4.509
295.500 2.000 4.466 2.714 -2.34 5.766
295.500 2.100 7.06 1.646 -2.236 7.613
295.500 2.200 10.056 -0.435 -1.867 10.255
295.500 2.300 8.938 -3.994 -2.495 10.114
295.500 2.400 6.277 -4.367 -3.586 8.456
295.500 2.500 4.27 -4.666 -4.125 7.56
295.500 2.600 1.545 -4.276 -3.919 6.011
295.500 2.700 -0.229 -3.445 -2.929 4.536
295.500 2.800 -1.354 -3.283 -1.637 3.918
295.500 2.900 -2.719 -3.609 -0.296 4.533
295.500 3.000 -4.535 -3.914 0.724 6.04
295.500 3.100 -7.035 -3.039 1.334 7.783
295.500 3.200 -7.295 0.216 2.045 7.584
295.500 3.300 -3.977 0.928 3.096 5.128
295.500 3.400 -2.082 -2.478 3.89 5.061
295.500 3.500 -4.27 -6.371 4.177 8.736
295.500 3.600 -8.754 -7.227 3.804 11.977
295.500 3.700 -12.313 -5.344 2.327 13.63
295.500 3.800 -15.397 -1.598 -0.265 15.491
295.500 3.900 -14.199 6.582 -3.781 16.104
295.500 4.000 -5.23 11.075 -8.107 14.688
295.500 4.100 3.529 7.638 -12.139 14.774
295.500 4.200 7.288 1.144 -14.709 16.466
295.500 4.300 8.229 -7.514 -15.778 19.346
295.500 4.400 0.713 -18.73 -14.982 24.037
295.500 4.500 -15.069 -21.775 -12.317 29.36
295.500 4.600 -27.742 -13.981 -8.63 32.654
295.500 4.700 -34.616 -4.014 -3.941 35.608
295.500 4.800 -37.41 13.932 1.325 40.4
295.500 4.900 -19.55 33.38 3.895 39.223
295.500 5.000 6.83 35.07 6.425 36.59
295.500 5.100 23.506 26.115 8.334 36.27
295.500 5.200 34.993 16.886 9.821 40.163
295.500 5.300 39.365 -1.504 10.257 40.826
295.500 5.400 27.087 -14.071 7.034 31.442
295.500 5.500 15.092 -15.077 4.008 21.867
295.500 5.600 6.189 -13.212 1.828 14.798
295.500 5.700 -0.635 -8.461 0.219 8.495
295.500 5.800 -2.054 -1.672 -0.587 2.755
295.500 5.900 1.159 2.215 -0.614 2.69
295.500 6.000 4.564 3.158 -0.187 5.633
295.500 6.100 7.578 3.068 0.279 8.238
295.500 6.200 10.553 0.706 0.407 10.629
295.500 6.300 10.529 -2.695 -0.106 10.904
295.500 6.400 9.677 -4.34 -1.305 10.718
295.500 6.500 7.964 -5.972 -2.535 10.3
295.500 6.600 5.46 -5.137 -3.336 8.227
295.500 6.700 4.617 -2.814 -3.51 6.463
295.500 6.800 5.41 0.092 -2.438 5.965
295.500 6.900 7.961 1.063 -0.525 8.105
295.500 7.000 7.689 0.316 0.243 7.757
295.500 7.100 6.912 0.803 0.652 7.037
295.500 7.200 5.364 -0.386 0.177 5.426
295.500 7.300 1.802 0.199 -1.623 2.454
295.500 7.400 0.162 3.105 -2.905 4.256
295.500 7.500 1.717 5.209 -3.417 6.463
295.500 7.600 4.228 4.285 -3.323 6.881
295.500 7.700 4.283 1.686 -1.954 5.012
295.500 7.800 2.924 0.219 -0.179 2.956
295.500 7.900 1.276 -0.851 0.855 1.788
295.500 8.000 -1.131 -0.753 1.049 1.747
295.500 8.100 -2.206 1.868 1.071 3.096
295.500 8.200 0.612 4.074 1.891 4.543
295.500 8.300 4.243 2.86 2.784 5.842
295.500 8.400 5.74 0.154 3.203 6.596
295.500 8.500 6.178 -2.217 2.962 7.227
295.500 8.600 4.148 -5.383 1.066 6.911
295.500 8.700 -1.319 -4.895 -2.728 5.783
295.500 8.800 -4.196 0.908 -6.37 7.696
295.500 8.900 -0.458 6.538 -8.304 10.582
295.500 9.000 5.917 5.834 -8.907 12.184
295.500 9.100 6.959 0.499 -7.151 10.001
295.500 9.200 4.363 -3.287 -3.744 6.641
295.500 9.300 0.055 -7.535 -0.031 7.564
295.500 9.400 -8.458 -9.361 3.468 13.111
295.500 9.500 -15.747 -3.939 5.837 17.27
295.500 9.600 -14.237 2.265 7.521 16.278
295.500 9.700 -11.239 4.2 7.874 14.367
295.500 9.800 -6.877 5.877 5.788 10.753
295.500 9.900 -1.232 3.86 2.46 4.752
295.500 10.000 0.516 -1.291 -0.055 1.407
295.500 10.100 -2.722 -4.451 -1.313 5.394
295.500 10.200 -6.548 -3.57 -1.671 7.655
295.500 10.300 -8.773 -0.736 -1.651 8.967
295.500 10.400 -9.88 4.396 -0.978 10.865
295.500 10.500 -4.467 11.801 -0.684 12.642
295.500 10.600 7.34 12.166 -1.147 14.261
295.500 10.700 13.835 2.669 -1.19 14.149
295.500 10.800 9.827 -5.427 -0.612 11.254
295.500 10.900 3.924 -10.173 -1.085 10.969
295.500 11.000 -5.906 -13.72 -2.833 15.211
295.500 11.100 -18.62 -9.583 -5.166 21.575
295.500 11.200 -20.478 2.18 -5.948 21.441
295.500 11.300 -13.625 6.902 -4.93 16.055
295.500 11.400 -8.052 8.845 -2.503 12.226
295.500 11.500 -0.804 9.213 2.121 9.498
295.500 11.600 4.998 5.837 6.713 10.216
295.500 11.700 6.088 2.226 8.264 10.518
295.500 11.800 5.847 1.223 8.171 10.136
295.500 11.900 5.367 0.588 6.989 8.846
295.500 12.000 4.903 0.974 4.628 6.826
295.500 12.100 4.897 0.514 2.561 5.562
295.500 12.200 3.591 -0.352 1.357 3.866
295.500 12.300 2.219 -1.542 0.292 2.727
295.500 12.400 -0.348 -3.192 -0.791 3.313
295.500 12.500 -3.937 -2.941 -1.894 5.271
295.500 12.600 -5.79 -0.71 -2.312 6.28
295.500 12.700 -6.017 0.565 -1.827 6.318
295.500 12.800 -5.957 1.665 -0.552 6.216
295.500 12.900 -4.874 1.636 1.669 5.415
295.500 13.000 -4.75 0.239 3.726 6.053
295.500 13.100 -5.285 -1.193 4.916 7.328
295.500 13.200 -6.996 -1.875 5.065 8.849
295.500 13.300 -7.763 -0.136 4.282 8.877
295.500 13.400 -6.695 1.115 2.991 7.427
295.500 13.500 -5.571 2.476 2.054 6.443
295.500 13.600 -3.258 3.817 1.997 5.411
295.500 13.700 -0.701 3.728 2.328 4.462
295.500 13.800 0.602 3.007 2.717 4.108
295.500 13.900 1.567 2.624 3.005 4.298
295.500 14.000 2.57 1.728 2.847 4.218
295.500 14.100 3.356 0.197 2.287 4.076
295.500 14.200 3.122 -2.995 1.615 4.624
295.500 14.300 -0.293 -5.867 0.671 5.917
295.500 14.400 -4.68 -5.397 -0.272 7.153
295.500 14.500 -6.808 -2.95 -0.964 7.486
295.500 14.600 -7.728 -0.581 -1.28 7.859
295.500 14.700 -6.554 3.269 -1.195 7.426
295.500 14.800 -1.971 5.01 -0.812 5.451
295.500 14.900 1.679 2.944 -0.346 3.413
295.500 15.000 1.643 0.556 -0.046 1.74
295.600 0.000 -1.446 -1.306 -1.319 2.37
295.600 0.100 -2.443 -0.811 -1.663 3.082
295.600 0.200 -2.181 0.054 -0.584 2.275
295.600 0.300 -1.582 0.077 1.148 1.964
295.600 0.400 -1.567 0.027 2.011 2.555
295.600 0.500 -1.906 0.69 2.058 2.894
295.600 0.600 -1.466 2.592 1.766 3.465
295.600 0.700 0.996 4.31 0.897 4.524
295.600 0.800 4.329 4.03 0.074 5.936
295.600 0.900 6.394 2.716 -0.278 6.983
295.600 1.000 8.866 0.722 -0.353 8.942
295.600 1.100 8.111 -4.334 -0.212 9.245
295.600 1.200 2.916 -6.825 0.013 7.469
295.600 1.300 -1.489 -7.026 0.164 7.227
295.600 1.400 -5.507 -6.772 0.04 8.766
295.600 1.500 -9.224 -3.982 -0.795 10.118
295.600 1.600 -8.506 0.415 -1.484 8.69
295.600 1.700 -5.549 2.17 -2.346 6.454
295.600 1.800 -2.556 3.363 -2.715 5.076
295.600 1.900 1.286 3.612 -1.871 4.315
295.600 2.000 4.386 2.042 -0.696 4.919
295.600 2.100 5.686 0.53 0.799 5.784
295.600 2.200 6.687 -0.839 2.087 7.068
295.600 2.300 6.263 -2.553 1.547 6.947
295.600 2.400 5.267 -3.084 -0.143 6.113
295.600 2.500 4.067 -3.891 -1.568 5.85
295.600 2.600 1.97 -4.226 -2.504 5.301
295.600 2.700 0.186 -4.069 -2.793 4.947
295.600 2.800 -1.304 -4.293 -2.356 5.076
295.600 2.900 -3.196 -4.551 -1.609 5.796
295.600 3.000 -5.152 -4.487 -1.148 6.935
295.600 3.100 -7.715 -3.648 -0.722 8.571
295.600 3.200 -8.248 -0.512 -0.119 8.273
295.600 3.300 -5.296 0.091 0.523 5.329
295.600 3.400 -3.994 -2.936 1.149 5.094
295.600 3.500 -6.581 -6.336 1.134 9.212
295.600 3.600 -11.742 -6.424 0.653 13.409
295.600 3.700 -14.621 -3.137 -1.029 15
295.600 3.800 -16.755 0.938 -3.458 17.148
295.600 3.900 -14.383 10.252 -6.049 18.675
295.600 4.000 -2.174 15.07 -9.25 17.821
295.600 4.100 8.893 10.681 -12.233 18.542
295.600 4.200 14.13 3.311 -14.566 20.608
295.600 4.300 16.254 -6.523 -16.957 24.434
295.600 4.400 8.372 -19.887 -17.689 28.013
295.600 4.500 -9.644 -24.291 -16.876 31.367
295.600 4.600 -24.443 -17.037 -15.386 33.915
295.600 4.700 -32.794 -8.301 -12.672 36.375
295.600 4.800 -38.603 8.977 -8.749 40.721
295.600 4.900 -23.186 27.943 -1.102 36.493
295.600 5.000 -1.102 29.872 7.357 30.973
295.600 5.100 13.849 23.84 12.88 30.49
295.600 5.200 25.485 15.727 15.177 33.753
295.600 5.300 30.01 0.154 14.897 33.874
295.600 5.400 20.861 -10.531 12.389 26.648
295.600 5.500 11.617 -11.78 8.623 18.799
295.600 5.600 4.933 -10.292 4.725 12.441
295.600 5.700 0.197 -6.576 1.589 6.78
295.600 5.800 -0.732 -1.515 0.415 1.741
295.600 5.900 1.577 1.576 0.917 2.491
295.600 6.000 4.26 2.424 1.874 5.308
295.600 6.100 6.979 2.55 2.894 8.021
295.600 6.200 9.996 0.712 3.559 10.671
295.600 6.300 9.864 -2.112 3.383 10.672
295.600 6.400 9.281 -3.336 2.753 10.275
295.600 6.500 7.891 -5.166 1.972 9.672
295.600 6.600 5.302 -4.94 1.511 7.449
295.600 6.700 3.933 -3.565 2.025 5.745
295.600 6.800 3.252 -1.784 3.457 5.15
295.600 6.900 3.484 -0.416 5.206 6.359
295.600 7.000 3.254 0.316 5.776 6.711
295.600 7.100 3.075 1.286 5.166 6.207
295.600 7.200 2.642 1.526 3.456 4.655
295.600 7.300 1.522 2.373 0.821 2.953
295.600 7.400 1.53 4.227 -1.206 4.657
295.600 7.500 3.873 5.394 -1.74 6.87
295.600 7.600 6.732 3.64 -1.269 7.77
295.600 7.700 6.105 0.324 -0.452 6.15
295.600 7.800 3.757 -0.852 0.358 3.895
295.600 7.900 1.779 -1.19 0.753 2.3
295.600 8.000 -0.24 -0.646 0.702 1.019
295.600 8.100 -1.016 1.438 0.818 1.954
295.600 8.200 0.888 3.024 1.591 3.543
295.600 8.300 3.449 1.937 2.739 4.83
295.600 8.400 3.853 -0.488 3.773 5.442
295.600 8.500 2.87 -1.892 4.334 5.565
295.600 8.600 1.215 -2.578 3.115 4.261
295.600 8.700 -1.153 -1.115 -0.025 1.633
295.600 8.800 -1.524 3.467 -2.928 4.791
295.600 8.900 3.028 7.492 -4.497 9.252
295.600 9.000 9.425 5.4 -4.599 11.805
295.600 9.100 10.073 -1.217 -4.046 10.94
295.600 9.200 6.539 -5.765 -2.996 9.24
295.600 9.300 0.992 -10.209 -1.364 10.374
295.600 9.400 -8.572 -11.593 0.539 14.453
295.600 9.500 -16.555 -5.359 2.04 17.539
295.600 9.600 -16.297 1.679 2.172 16.541
295.600 9.700 -14.263 4.907 1.435 15.163
295.600 9.800 -9.346 7.909 0.485 12.261
295.600 9.900 -2.613 5.917 -0.607 6.501
295.600 10.000 -0.202 0.345 -1.97 2.011
295.600 10.100 -3.038 -3.729 -3.231 5.805
295.600 10.200 -7.252 -3.393 -3.746 8.848
295.600 10.300 -8.991 -0.922 -3.774 9.802
295.600 10.400 -10.216 3.417 -3.159 11.233
295.600 10.500 -5.166 10.629 -1.121 11.877
295.600 10.600 6.074 11.023 1.922 12.74
295.600 10.700 12.103 2.62 3.371 12.846
295.600 10.800 8.763 -4.34 1.796 9.956
295.600 10.900 3.848 -7.808 -1.022 8.775
295.600 11.000 -2.991 -9.784 -5.318 11.537
295.600 11.100 -10.498 -6.425 -10.113 15.933
295.600 11.200 -11.759 1.111 -11.414 16.428
295.600 11.300 -7.773 4.423 -9.1 12.761
295.600 11.400 -4.412 4.416 -5.154 8.098
295.600 11.500 -2.069 3.385 0.674 4.033
295.600 11.600 -0.875 1.936 6.264 6.63
295.600 11.700 -0.352 1.143 9.479 9.568
295.600 11.800 0.107 1.373 10.729 10.829
295.600 11.900 0.679 2.24 10.183 10.46
295.600 12.000 2.002 3.198 8.301 9.131
295.600 12.100 3.479 2.589 6.027 7.439
295.600 12.200 3.617 1.634 3.267 5.154
295.600 12.300 3.683 0.128 0.686 3.758
295.600 12.400 1.813 -1.899 -1.18 2.882
295.600 12.500 -1.091 -1.921 -2.673 3.469
295.600 12.600 -2.448 -0.496 -3.555 4.346
295.600 12.700 -2.54 0.109 -3.716 4.504
295.600 12.800 -2.802 0.155 -3.068 4.161
295.600 12.900 -3.08 -0.403 -1.315 3.377
295.600 13.000 -4.13 -1.18 0.322 4.314
295.600 13.100 -5.436 -1.825 1.127 5.852
295.600 13.200 -7.712 -1.814 1.271 8.032
295.600 13.300 -8.324 0.559 1.146 8.429
295.600 13.400 -6.472 1.75 1.079 6.799
295.600 13.500 -5.12 2.443 1.336 5.838
295.600 13.600 -3.414 3.16 2.168 5.143
295.600 13.700 -1.764 3.145 3.186 4.824
295.600 13.800 -0.812 2.824 3.527 4.602
295.600 13.900 -0.1 2.671 3.393 4.331
295.600 14.000 0.956 2.37 2.885 3.866
295.600 14.100 2.397 1.134 1.805 3.218
295.600 14.200 2.704 -1.973 0.511 3.392
295.600 14.300 -0.217 -4.807 -0.754 4.873
295.600 14.400 -4.28 -4.487 -1.998 6.518
295.600 14.500 -5.93 -2.293 -2.968 7.019
295.600 14.600 -6.678 -0.585 -3.431 7.535
295.600 14.700 -5.854 2.568 -2.822 6.992
295.600 14.800 -1.968 3.871 -1.058 4.475
295.600 14.900 0.855 2.323 0.476 2.529
295.600 15.000 0.984 0.617 0.702 1.366
295.700 0.000 -0.011 -0.616 -1.845 1.965
295.700 0.100 -0.186 -1.075 -2.117 2.404
295.700 0.200 -1.073 -1.569 -1.236 2.29
295.700 0.300 -2.525 -1.364 0.159 2.891
295.700 0.400 -3.361 -0.366 0.943 3.523
295.700 0.500 -3.933 0.527 1.182 4.153
295.700 0.600 -3.763 2.902 1.336 4.947
295.700 0.700 -0.401 4.711 1.438 4.949
295.700 0.800 3.279 4.072 1.956 5.592
295.700 0.900 5.479 2.61 2.329 6.516
295.700 1.000 7.401 0.46 2.653 7.896
295.700 1.100 6.859 -3.746 2.291 8.171
295.700 1.200 3.235 -6.067 0.997 6.979
295.700 1.300 -0.262 -6.471 -0.219 6.516
295.700 1.400 -3.773 -6.03 -1.21 7.252
295.700 1.500 -6.739 -3.18 -2.028 7.761
295.700 1.600 -5.764 0.973 -2.597 6.441
295.700 1.700 -2.513 2.586 -2.822 4.631
295.700 1.800 0.166 2.656 -2.36 3.607
295.700 1.900 2.52 2.258 -1.061 3.584
295.700 2.000 4.277 0.511 0.554 4.362
295.700 2.100 3.906 -1.072 2.11 4.577
295.700 2.200 3.345 -1.382 3.182 4.824
295.700 2.300 3.225 -1.357 2.929 4.568
295.700 2.400 3.634 -1.423 1.632 4.236
295.700 2.500 3.564 -2.368 -0.082 4.287
295.700 2.600 2.45 -3.051 -1.924 4.37
295.700 2.700 1.356 -3.708 -3.198 5.092
295.700 2.800 -0.292 -4.592 -3.594 5.85
295.700 2.900 -2.581 -4.859 -3.693 6.636
295.700 3.000 -4.414 -4.497 -3.829 7.385
295.700 3.100 -6.628 -3.779 -4.185 8.712
295.700 3.200 -7.327 -1.176 -4.051 8.466
295.700 3.300 -5.273 -0.821 -3.009 6.138
295.700 3.400 -4.828 -3.103 -2.417 6.239
295.700 3.500 -7.061 -5.544 -3.071 9.499
295.700 3.600 -11.51 -5.084 -4.648 13.426
295.700 3.700 -13.301 -1.099 -6.171 14.718
295.700 3.800 -13.361 3.339 -8.001 15.942
295.700 3.900 -9.504 11.762 -9.155 17.687
295.700 4.000 3.116 16.823 -8.863 19.305
295.700 4.100 15.902 12.324 -9.272 22.256
295.700 4.200 21.228 5.061 -9.839 24.065
295.700 4.300 25.835 -3.982 -11.636 28.724
295.700 4.400 18.629 -18.819 -14.484 30.33
295.700 4.500 1.057 -22.978 -18.091 29.473
295.700 4.600 -12.592 -18.452 -19.928 30.083
295.700 4.700 -22.547 -11.408 -17.639 30.871
295.700 4.800 -28.483 2.843 -12.776 31.558
295.700 4.900 -20.174 17.826 -4.15 27.539
295.700 5.000 -6.118 21.232 6.165 23.17
295.700 5.100 4.749 18.563 14.24 23.91
295.700 5.200 14.432 13.333 19.626 27.871
295.700 5.300 18.97 1.913 20.824 28.516
295.700 5.400 12.857 -6.098 16.257 21.741
295.700 5.500 6.744 -7.298 10.789 14.71
295.700 5.600 3.031 -6.421 6.344 9.543
295.700 5.700 0.748 -4.309 3.317 5.492
295.700 5.800 0.414 -1.351 2.214 2.632
295.700 5.900 1.966 0.708 2.687 3.441
295.700 6.000 3.804 1.186 3.869 5.589
295.700 6.100 5.21 1.214 5.327 7.58
295.700 6.200 6.817 0.223 6.477 9.434
295.700 6.300 7.038 -1.443 6.322 9.598
295.700 6.400 6.928 -2.609 5.47 9.237
295.700 6.500 5.893 -4.425 4.696 8.775
295.700 6.600 3.657 -4.981 4.36 7.61
295.700 6.700 1.715 -4.65 4.955 7.069
295.700 6.800 -0.218 -3.688 6.677 7.7
295.700 6.900 -1.549 -1.707 8.616 8.985
295.700 7.000 -1.912 0.577 9 9.278
295.700 7.100 -1.405 2.561 8.09 8.648
295.700 7.200 -0.231 4.218 5.957 7.336
295.700 7.300 1.683 5.376 2.62 6.23
295.700 7.400 3.867 5.465 0.231 6.708
295.700 7.500 5.965 5.076 0.093 7.844
295.700 7.600 8.072 2.938 0.612 8.629
295.700 7.700 6.95 -0.397 1.339 7.114
295.700 7.800 4.312 -1.191 1.775 4.843
295.700 7.900 2.366 -1.052 1.558 3.054
295.700 8.000 0.663 -0.356 0.986 1.273
295.700 8.100 0.062 1.084 0.728 1.322
295.700 8.200 1.303 1.918 1.505 2.781
295.700 8.300 2.729 0.726 2.735 3.955
295.700 8.400 2.114 -1.382 3.835 4.625
295.700 8.500 -0.012 -1.886 4.361 4.788
295.700 8.600 -1.551 -0.557 3.537 3.938
295.700 8.700 -1.963 1.682 1.427 2.975
295.700 8.800 -0.759 5.437 -0.649 5.536
295.700 8.900 4.483 8.337 -1.851 9.653
295.700 9.000 11.086 5.362 -2.473 12.573
295.700 9.100 11.725 -1.756 -2.211 12.078
295.700 9.200 8.472 -6.34 -1.86 10.766
295.700 9.300 2.867 -11.144 -1.944 11.694
295.700 9.400 -7.959 -12.497 -2.285 15.014
295.700 9.500 -17.058 -5.578 -2.954 18.204
295.700 9.600 -16.077 2.211 -3.107 16.534
295.700 9.700 -12.958 5.671 -3.258 14.523
295.700 9.800 -8.126 8.513 -3.729 12.35
295.700 9.900 -1.892 6.88 -4.488 8.432
295.700 10.000 0.839 1.629 -5.54 5.835
295.700 10.100 -0.988 -2.569 -6.829 7.367
295.700 10.200 -4.219 -3.248 -7.665 9.337
295.700 10.300 -6.069 -1.823 -6.641 9.183
295.700 10.400 -7.189 1.653 -4.5 8.646
295.700 10.500 -4.07 7.123 -1.305 8.313
295.700 10.600 2.969 7.857 2.361 8.736
295.700 10.700 7.097 2.809 4.049 8.654
295.700 10.800 6.089 -1.697 2.622 6.859
295.700 10.900 3.793 -3.995 -0.785 5.574
295.700 11.000 0.321 -4.936 -5.276 7.238
295.700 11.100 -3.057 -2.951 -9.613 10.511
295.700 11.200 -3.381 0.631 -11.367 11.877
295.700 11.300 -1.295 1.625 -10.11 10.321
295.700 11.400 -0.389 -0.426 -6.555 6.58
295.700 11.500 -2.121 -2.641 -0.949 3.524
295.700 11.600 -4.777 -2.787 4.768 7.316
295.700 11.700 -6.405 -1.712 8.921 11.127
295.700 11.800 -7.581 0.206 11.796 14.032
295.700 11.900 -6.634 3.685 11.927 14.145
295.700 12.000 -3.394 5.365 9.707 11.61
295.700 12.100 -0.463 5.138 7.367 9.008
295.700 12.200 2.064 4.395 4.812 6.852
295.700 12.300 4.134 2.452 2.429 5.397
295.700 12.400 3.639 0.165 0.003 3.65
295.700 12.500 2.31 -0.285 -2.37 3.324
295.700 12.600 1.717 -0.054 -3.513 3.912
295.700 12.700 1.85 0.119 -3.598 4.048
295.700 12.800 1.73 -0.862 -3.347 3.866
295.700 12.900 -0.196 -1.928 -2.316 3.021
295.700 13.000 -2.46 -2.013 -1.646 3.583
295.700 13.100 -4.047 -1.942 -1.492 4.734
295.700 13.200 -5.849 -1.576 -1.771 6.316
295.700 13.300 -6.534 0.165 -1.618 6.739
295.700 13.400 -5.757 1.056 -0.574 5.888
295.700 13.500 -5.218 1.594 0.571 5.494
295.700 13.600 -4.496 2.009 1.679 5.213
295.700 13.700 -4.106 2.348 2.766 5.491
295.700 13.800 -3.158 2.938 3.069 5.305
295.700 13.900 -2.018 3.017 2.778 4.583
295.700 14.000 -0.618 3.16 2.24 3.933
295.700 14.100 1.571 2.292 1.387 3.116
295.700 14.200 2.688 -0.569 0.152 2.758
295.700 14.300 0.679 -3.138 -1.743 3.655
295.700 14.400 -2.09 -3.088 -3.745 5.286
295.700 14.500 -3.151 -1.649 -4.787 5.965
295.700 14.600 -3.279 -0.543 -5.064 6.059
295.700 14.700 -2.861 0.869 -4.088 5.067
295.700 14.800 -1.564 1.577 -1.62 2.753
295.700 14.900 -0.564 1.285 0.33 1.45
295.700 15.000 -0.18 0.8 0.787 1.146
295.800 0.000 1.133 -0.087 -1.922 2.25
295.800 0.100 1.286 -1.306 -2.116 2.82
295.800 0.200 -0.152 -2.631 -1.527 3.067
295.800 0.300 -2.439 -2.222 -0.682 3.388
295.800 0.400 -3.551 -0.459 -0.514 3.635
295.800 0.500 -3.809 0.769 -1.167 4.076
295.800 0.600 -3.455 2.528 -1.393 4.522
295.800 0.700 -0.918 3.574 -0.017 3.703
295.800 0.800 1.534 3.004 1.746 3.806
295.800 0.900 3.378 2.093 2.932 4.946
295.800 1.000 5.221 0.427 3.401 6.258
295.800 1.100 5.09 -2.733 2.879 6.471
295.800 1.200 2.656 -4.544 1.414 5.471
295.800 1.300 0.26 -5.096 -0.272 5.138
295.800 1.400 -2.323 -4.851 -1.757 5.692
295.800 1.500 -4.486 -2.487 -2.847 5.905
295.800 1.600 -3.416 0.995 -2.935 4.657
295.800 1.700 -0.429 2.196 -2.421 3.345
295.800 1.800 1.699 1.618 -1.562 2.859
295.800 1.900 2.91 0.713 -0.265 3.033
295.800 2.000 3.345 -1.049 1.182 3.71
295.800 2.100 1.935 -2.469 2.659 4.115
295.800 2.200 0.329 -1.891 3.769 4.229
295.800 2.300 0.263 -0.482 3.504 3.549
295.800 2.400 1.247 0.038 2.254 2.58
295.800 2.500 2.179 -0.287 0.436 2.25
295.800 2.600 2.919 -1.064 -1.838 3.623
295.800 2.700 3.123 -2.651 -3.528 5.42
295.800 2.800 1.875 -4.138 -4.358 6.309
295.800 2.900 0.126 -4.504 -4.913 6.68
295.800 3.000 -1.481 -4.209 -5.256 6.909
295.800 3.100 -3.021 -3.28 -5.697 7.25
295.800 3.200 -3.536 -1.654 -5.982 7.159
295.800 3.300 -2.948 -1.486 -5.841 6.726
295.800 3.400 -3.227 -2.962 -5.973 7.423
295.800 3.500 -4.901 -4.481 -6.41 9.246
295.800 3.600 -7.77 -3.736 -7.163 11.226
295.800 3.700 -8.864 -0.194 -7.743 11.791
295.800 3.800 -8.044 4.145 -7.808 11.968
295.800 3.900 -4.109 10.611 -6.593 13.158
295.800 4.000 5.7 14.922 -3.623 16.414
295.800 4.100 16.338 11.766 -0.892 20.246
295.800 4.200 21.11 5.846 -0.952 22.047
295.800 4.300 24.88 -1.774 -2.478 25.23
295.800 4.400 20.437 -13.729 -6.724 25.718
295.800 4.500 9.177 -17.978 -12.936 24.124
295.800 4.600 -1.119 -17.587 -17.148 24.612
295.800 4.700 -12.98 -14.193 -17.789 26.278
295.800 4.800 -22.144 -3.399 -14.789 27.237
295.800 4.900 -18.779 7.848 -6.828 21.855
295.800 5.000 -12.182 11.161 4.025 17.278
295.800 5.100 -6.251 11.793 12.507 18.371
295.800 5.200 -0.765 8.888 17.97 20.068
295.800 5.300 2.062 4.11 19.545 20.126
295.800 5.400 2.812 -0.075 15.241 15.523
295.800 5.500 2.119 -2.365 10.034 10.526
295.800 5.600 1.319 -2.942 6.279 7.06
295.800 5.700 0.76 -2.514 4.012 4.797
295.800 5.800 0.779 -1.384 3.453 3.806
295.800 5.900 1.555 -0.397 4.309 4.613
295.800 6.000 2.39 -0.163 5.659 6.162
295.800 6.100 2.89 -0.075 6.936 7.531
295.800 6.200 3.624 -0.311 7.839 8.659
295.800 6.300 3.999 -0.914 7.915 8.936
295.800 6.400 4.631 -1.748 7.357 8.891
295.800 6.500 4.04 -3.748 6.502 8.553
295.800 6.600 1.837 -4.889 5.784 7.83
295.800 6.700 -0.633 -5.716 5.949 8.319
295.800 6.800 -4.487 -5.938 7.471 10.592
295.800 6.900 -8.497 -3.114 9.572 13.218
295.800 7.000 -8.54 1.243 9.714 13.034
295.800 7.100 -6.947 3.784 8.82 11.882
295.800 7.200 -4.114 6.851 7.414 10.925
295.800 7.300 1.452 8.295 5.25 9.941
295.800 7.400 6.083 6.288 3.919 9.604
295.800 7.500 7.249 4.458 4.268 9.54
295.800 7.600 8.832 2.453 4.982 10.456
295.800 7.700 6.882 -0.827 5.078 8.623
295.800 7.800 3.672 -0.924 4.61 5.999
295.800 7.900 2.118 -0.172 3.583 4.197
295.800 8.000 1.471 0.622 2.13 2.687
295.800 8.100 1.677 0.964 1.377 2.396
295.800 8.200 2.167 0.819 2.051 3.117
295.800 8.300 2.736 -0.405 3.186 4.249
295.800 8.400 1.113 -2.293 4.191 4.941
295.800 8.500 -1.897 -1.838 4.633 5.367
295.800 8.600 -3.365 0.801 3.946 5.277
295.800 8.700 -2.877 3.541 2.429 5.189
295.800 8.800 -0.818 6.66 1.205 6.83
295.800 8.900 4.693 8.739 0.902 9.972
295.800 9.000 11.566 5.325 1.457 12.833
295.800 9.100 11.842 -2.032 1.588 12.141
295.800 9.200 8.121 -6.083 1.192 10.241
295.800 9.300 3.045 -9.821 -0.193 10.309
295.800 9.400 -5.645 -10.302 -3.182 12.191
295.800 9.500 -12.341 -4.424 -5.906 14.391
295.800 9.600 -12.466 2.063 -6.865 14.387
295.800 9.700 -10.781 5.756 -7.152 14.165
295.800 9.800 -5.998 9.057 -7.377 13.133
295.800 9.900 0.773 7.62 -7.718 10.874
295.800 10.000 4.065 2.551 -8.257 9.552
295.800 10.100 3.404 -1.517 -8.877 9.631
295.800 10.200 1.494 -3.546 -9.069 9.855
295.800 10.300 -1.632 -4 -7.547 8.7
295.800 10.400 -4.807 -1.351 -4.773 6.913
295.800 10.500 -3.783 3.435 -1.15 5.244
295.800 10.600 0.786 4.863 2.676 5.62
295.800 10.700 3.709 2.597 4.574 6.453
295.800 10.800 3.668 0.646 3.467 5.106
295.800 10.900 3.428 -0.141 0.476 3.476
295.800 11.000 2.975 -0.237 -3.9 4.913
295.800 11.100 3.062 0.481 -8.373 8.929
295.800 11.200 3.999 0.976 -10.393 11.179
295.800 11.300 5.578 -0.103 -10.056 11.501
295.800 11.400 4.854 -4.675 -7.807 10.316
295.800 11.500 -1.27 -8.511 -2.866 9.077
295.800 11.600 -8.539 -7.429 2.214 11.544
295.800 11.700 -12.338 -4.836 5.308 14.285
295.800 11.800 -16.447 -1.917 7.688 18.263
295.800 11.900 -15.323 5.018 8.402 18.188
295.800 12.000 -8.662 7.307 7.394 13.54
295.800 12.100 -3.971 6.986 6.352 10.256
295.800 12.200 0.023 6.357 5.05 8.134
295.800 12.300 3.22 4.397 3.523 6.504
295.800 12.400 4.393 2.394 1.924 5.373
295.800 12.500 5.456 1.509 0.289 5.677
295.800 12.600 5.528 0.058 -0.402 5.55
295.800 12.700 4.862 -0.049 -0.082 4.87
295.800 12.800 4.618 -1.148 0.036 4.766
295.800 12.900 2.117 -2.043 -0.506 2.991
295.800 13.000 -0.009 -1.764 -1.448 2.284
295.800 13.100 -1.721 -1.712 -2.103 3.214
295.800 13.200 -3.465 -1.31 -2.552 4.502
295.800 13.300 -4.45 -0.414 -2.588 5.168
295.800 13.400 -4.946 -0.045 -1.918 5.309
295.800 13.500 -5.506 0.538 -0.936 5.617
295.800 13.600 -5.434 0.979 0.09 5.53
295.800 13.700 -5.717 1.637 0.942 6.03
295.800 13.800 -4.858 2.872 1.42 5.829
295.800 13.900 -3.479 3.272 1.529 5.024
295.800 14.000 -1.849 3.726 1.245 4.352
295.800 14.100 0.51 3.122 0.564 3.223
295.800 14.200 1.968 0.902 -0.502 2.228
295.800 14.300 1.54 -1.093 -2.202 2.901
295.800 14.400 0.603 -1.596 -3.897 4.253
295.800 14.500 0.096 -1.263 -4.647 4.817
295.800 14.600 0.175 -0.861 -4.484 4.57
295.800 14.700 -0.019 -0.961 -3.35 3.485
295.800 14.800 -0.956 -0.669 -1.345 1.782
295.800 14.900 -1.465 0.196 0.235 1.504
295.800 15.000 -1.128 0.847 0.645 1.559
295.900 0.000 2.282 0.485 -1.941 3.049
295.900 0.100 2.928 -1.431 -2.317 4.016
295.900 0.200 0.851 -3.579 -1.716 4.078
295.900 0.300 -2.504 -2.811 -0.849 3.876
295.900 0.400 -3.421 0.202 -1.002 3.588
295.900 0.500 -1.874 1.824 -2.139 3.4
295.900 0.600 -0.485 1.872 -2.516 3.199
295.900 0.700 0.221 1.531 -1.029 1.882
295.900 0.800 0.759 1.189 1.041 1.758
295.900 0.900 1.439 0.832 2.826 3.281
295.900 1.000 2.339 0.08 4.071 4.699
295.900 1.100 2.475 -1.387 3.593 4.583
295.900 1.200 1.66 -2.519 1.439 3.355
295.900 1.300 0.648 -3.422 -0.599 3.559
295.900 1.400 -0.892 -3.651 -1.882 4.234
295.900 1.500 -2.144 -2.088 -2.374 3.855
295.900 1.600 -1.269 0.464 -1.992 2.45
295.900 1.700 1.318 1.484 -1.186 2.35
295.900 1.800 2.947 0.522 -0.282 3.03
295.900 1.900 3.219 -0.433 0.655 3.328
295.900 2.000 2.938 -2.249 1.441 3.977
295.900 2.100 0.204 -3.789 2.314 4.445
295.900 2.200 -2.987 -2.349 3.004 4.848
295.900 2.300 -2.676 0.623 2.494 3.718
295.900 2.400 -0.572 1.556 1.129 2.018
295.900 2.500 1.494 1.781 -0.51 2.399
295.900 2.600 4.117 0.987 -2.433 4.9
295.900 2.700 5.62 -1.608 -3.863 7.022
295.900 2.800 4.616 -3.8 -4.066 7.244
295.900 2.900 3.134 -4.166 -4.032 6.603
295.900 3.000 1.571 -3.848 -4.332 6.018
295.900 3.100 0.205 -2.655 -5.025 5.703
295.900 3.200 -0.029 -1.231 -5.843 5.99
295.900 3.300 0.778 -0.925 -6.727 6.854
295.900 3.400 1.015 -2.493 -7.694 8.171
295.900 3.500 -1.043 -4.213 -8.017 9.136
295.900 3.600 -4.156 -3.458 -8.161 9.81
295.900 3.700 -5.238 -0.44 -7.74 9.381
295.900 3.800 -4.627 2.937 -6.348 8.411
295.900 3.900 -2.033 7.693 -3.657 8.768
295.900 4.000 4.312 11.032 0.351 11.863
295.900 4.100 11.388 9.979 3.635 15.608
295.900 4.200 16.496 6.981 4.236 18.481
295.900 4.300 21.718 1.26 2.096 22.03
295.900 4.400 19.773 -8.451 -2.026 21.793
295.900 4.500 12.361 -12.376 -7.469 19.126
295.900 4.600 5.354 -13.804 -12.837 19.611
295.900 4.700 -3.551 -12.81 -17.021 21.642
295.900 4.800 -10.962 -7.228 -17.907 22.379
295.900 4.900 -13.543 -1.847 -12.249 18.521
295.900 5.000 -16.151 1.355 -3.518 16.718
295.900 5.100 -14.596 5.737 3.709 16.19
295.900 5.200 -10.761 5.113 8.436 14.641
295.900 5.300 -8.599 4.982 10.342 14.361
295.900 5.400 -3.801 3.839 9.298 10.759
295.900 5.500 -0.878 1.08 7.022 7.163
295.900 5.600 0.321 -0.654 5.147 5.2
295.900 5.700 0.99 -1.533 4.166 4.549
295.900 5.800 1.01 -1.94 4.38 4.898
295.900 5.900 0.761 -1.676 5.508 5.811
295.900 6.000 0.619 -1.499 6.807 7.003
295.900 6.100 0.2 -1.292 8.096 8.207
295.900 6.200 0.067 -0.86 9.084 9.133
295.900 6.300 0.352 -0.632 9.1 9.14
295.900 6.400 0.927 -1.109 8.615 8.752
295.900 6.500 0.839 -2.487 7.506 7.973
295.900 6.600 -0.281 -4.003 5.924 7.182
295.900 6.700 -2.59 -5.914 4.99 8.191
295.900 6.800 -7.536 -7.254 4.885 11.576
295.900 6.900 -13.596 -4.155 5.247 15.185
295.900 7.000 -13.291 1.492 5.899 14.644
295.900 7.100 -10.796 4.131 6.456 13.265
295.900 7.200 -7.454 7.54 6.911 12.676
295.900 7.300 -1.381 8.763 7.666 11.743
295.900 7.400 3.115 6.248 8.436 10.973
295.900 7.500 3.77 3.749 8.767 10.279
295.900 7.600 3.819 2.113 9.304 10.306
295.900 7.700 2.439 0.243 8.384 8.767
295.900 7.800 0.343 0.22 6.743 6.787
295.900 7.900 -0.163 1.468 5.149 5.384
295.900 8.000 1.125 2.014 3.496 4.212
295.900 8.100 2.384 0.961 2.881 3.886
295.900 8.200 2.195 -0.282 3.516 4.186
295.900 8.300 1.637 -1.48 4.675 5.205
295.900 8.400 -0.697 -2.833 5.287 6.077
295.900 8.500 -4.378 -1.674 5.238 7.062
295.900 8.600 -5.726 2.215 4.247 7.49
295.900 8.700 -4.059 5.086 2.43 6.964
295.900 8.800 -1.568 7.196 1.329 7.496
295.900 8.900 3.315 7.991 1.76 8.842
295.900 9.000 8.205 4.454 2.957 9.811
295.900 9.100 8.377 -1.54 3.212 9.128
295.900 9.200 5.205 -5.062 2.333 7.653
295.900 9.300 1.084 -7.122 0.224 7.233
295.900 9.400 -4.644 -6.94 -3.168 8.949
295.900 9.500 -9.14 -2.161 -6.254 11.293
295.900 9.600 -8.074 3.34 -8.376 12.109
295.900 9.700 -5.178 6.383 -9.731 12.739
295.900 9.800 -0.555 8.765 -9.598 13.01
295.900 9.900 5.932 7.821 -9.12 13.401
295.900 10.000 9.5 2.627 -9.067 13.396
295.900 10.100 8.478 -1.468 -8.688 12.233
295.900 10.200 6.662 -4.232 -8.308 11.465
295.900 10.300 2.756 -6.002 -7.021 9.646
295.900 10.400 -1.45 -4.29 -4.751 6.571
295.900 10.500 -2.759 -0.736 -1.178 3.098
295.900 10.600 -1.936 1.33 3.047 3.867
295.900 10.700 -0.831 2.304 5.175 5.746
295.900 10.800 0.591 2.753 4.094 4.987
295.900 10.900 2.192 3.148 1.686 4.204
295.900 11.000 4.826 4.045 -1.501 6.481
295.900 11.100 9.1 3.767 -4.826 10.973
295.900 11.200 11.222 1.309 -6.171 12.879
295.900 11.300 12.581 -0.596 -5.939 13.932
295.900 11.400 11.626 -7.254 -5.349 14.719
295.900 11.500 1.582 -12.178 -4.048 12.938
295.900 11.600 -8.732 -10.062 -3.099 13.685
295.900 11.700 -13.25 -6.41 -2.004 14.861
295.900 11.800 -17.38 -3.116 -1.363 17.716
295.900 11.900 -16.727 3.93 0.256 17.191
295.900 12.000 -10.884 6.611 3.018 13.097
295.900 12.100 -6.466 7.097 4.695 10.7
295.900 12.200 -1.917 7.119 5.047 8.948
295.900 12.300 2.128 5.298 4.937 7.563
295.900 12.400 3.67 3.202 4.715 6.795
295.900 12.500 4.953 2.1 4.706 7.163
295.900 12.600 5.05 0.194 4.574 6.832
295.900 12.700 3.824 -0.214 4.285 5.762
295.900 12.800 3.131 -0.572 3.873 5.027
295.900 12.900 1.853 -0.67 2.556 3.241
295.900 13.000 1.102 -0.411 0.827 1.449
295.900 13.100 -0.209 -0.679 -0.96 1.195
295.900 13.200 -1.782 -0.541 -2.6 3.2
295.900 13.300 -2.824 -0.447 -3.459 4.491
295.900 13.400 -3.905 -0.685 -3.317 5.172
295.900 13.500 -5.074 -0.323 -2.708 5.764
295.900 13.600 -5.722 0.023 -1.914 6.039
295.900 13.700 -6.621 0.943 -0.983 6.766
295.900 13.800 -5.916 2.623 -0.585 6.505
295.900 13.900 -4.689 3.186 -0.462 5.696
295.900 14.000 -2.97 4.151 -0.477 5.135
295.900 14.100 0.041 3.853 -0.886 3.962
295.900 14.200 2.081 2.011 -1.563 3.295
295.900 14.300 2.591 0.337 -2.57 3.667
295.900 14.400 2.672 -0.638 -3.536 4.478
295.900 14.500 2.41 -1.265 -3.753 4.637
295.900 14.600 2.119 -1.589 -3.188 4.146
295.900 14.700 1.14 -2.414 -2.117 3.408
295.900 14.800 -1.142 -2.359 -0.66 2.705
295.900 14.900 -2.728 -0.571 0.49 2.836
295.900 15.000 -2.169 1.059 0.488 2.47
296.000 0.000 3.226 0.966 -1.469 3.686
296.000 0.100 4.315 -1.514 -1.531 4.837
296.000 0.200 1.685 -4.292 -1.226 4.787
296.000 0.300 -2.38 -3.088 -0.92 4.023
296.000 0.400 -3.035 0.919 -1.2 3.407
296.000 0.500 -0.255 2.73 -1.983 3.403
296.000 0.600 1.797 1.353 -2.221 3.186
296.000 0.700 1.341 -0.263 -1.198 1.845
296.000 0.800 0.322 -0.676 0.472 0.896
296.000 0.900 -0.428 -0.76 1.999 2.183
296.000 1.000 -1.303 -0.58 3.058 3.376
296.000 1.100 -0.972 0.323 2.474 2.679
296.000 1.200 0.706 -0.149 0.294 0.793
296.000 1.300 1.347 -1.917 -1.526 2.826
296.000 1.400 0.41 -3.109 -2.209 3.866
296.000 1.500 -0.818 -2.453 -1.931 3.257
296.000 1.600 -0.53 -0.689 -0.689 1.138
296.000 1.700 1.088 0.273 1.085 1.569
296.000 1.800 2.169 -0.116 2.047 2.992
296.000 1.900 2.35 -0.777 1.936 3.148
296.000 2.000 1.951 -2.484 1.692 3.586
296.000 2.100 -0.674 -3.9 1.258 4.158
296.000 2.200 -3.768 -2.148 0.662 4.397
296.000 2.300 -3.073 1.424 0.239 3.412
296.000 2.400 -0.094 2.785 -0.439 2.842
296.000 2.500 2.895 3.075 -1.249 4.424
296.000 2.600 6.736 2.415 -1.92 7.425
296.000 2.700 9.502 -1.218 -2.408 9.891
296.000 2.800 7.431 -4.327 -1.963 8.831
296.000 2.900 5.003 -4.211 -1.545 6.73
296.000 3.000 3.515 -3.196 -1.848 5.109
296.000 3.100 2.952 -1.555 -2.923 4.451
296.000 3.200 3.358 -0.325 -4.1 5.327
296.000 3.300 4.566 0.187 -5.031 6.814
296.000 3.400 5.668 -1.608 -6.145 8.532
296.000 3.500 3.451 -3.729 -7.161 8.8
296.000 3.600 0.653 -3.392 -7.86 8.609
296.000 3.700 -1.041 -1.878 -7.051 7.401
296.000 3.800 -1.912 0.44 -4.635 5.066
296.000 3.900 -1.267 3.795 -1.079 4.161
296.000 4.000 1.787 6.687 3.542 7.78
296.000 4.100 6.119 7.545 7.512 12.291
296.000 4.200 10.289 7.127 8.945 15.418
296.000 4.300 15.671 3.879 8.381 18.284
296.000 4.400 16.083 -2.896 4.218 16.98
296.000 4.500 13.022 -5.932 -2.775 14.638
296.000 4.600 10.006 -8.445 -9.249 16.05
296.000 4.700 4.845 -9.117 -14.112 17.498
296.000 4.800 0.445 -8.068 -16.551 18.432
296.000 4.900 -4.612 -7.36 -14.961 17.326
296.000 5.000 -10.436 -4.839 -11.284 16.145
296.000 5.100 -12.206 -0.41 -5.936 13.621
296.000 5.200 -11.436 1.268 -0.387 11.572
296.000 5.300 -10.058 3.794 2.635 11.115
296.000 5.400 -5.421 4.549 3.409 7.886
296.000 5.500 -1.78 2.151 3.246 4.295
296.000 5.600 -0.037 -0.236 3.532 3.539
296.000 5.700 0.74 -1.846 4.5 4.92
296.000 5.800 0.309 -2.924 5.627 6.349
296.000 5.900 -0.856 -2.902 6.768 7.414
296.000 6.000 -1.811 -2.548 7.727 8.336
296.000 6.100 -3.095 -2.287 8.298 9.148
296.000 6.200 -4.383 -1.249 8.753 9.87
296.000 6.300 -3.814 -0.087 8.43 9.256
296.000 6.400 -2.933 -0.337 7.701 8.255
296.000 6.500 -2.339 -0.87 6.5 6.976
296.000 6.600 -1.929 -2.375 4.746 5.666
296.000 6.700 -3.254 -4.899 3.147 6.694
296.000 6.800 -7.38 -6.6 1.903 10.107
296.000 6.900 -12.255 -4.327 1.254 13.081
296.000 7.000 -13.171 0.029 2.242 13.381
296.000 7.100 -12.465 2.808 4.284 13.497
296.000 7.200 -10.173 6.376 6.034 13.455
296.000 7.300 -5.595 7.422 7.462 11.937
296.000 7.400 -2.535 5.649 8.612 10.629
296.000 7.500 -1.889 3.49 8.854 9.729
296.000 7.600 -2.663 2.403 8.615 9.36
296.000 7.700 -2.877 2.047 7.291 8.128
296.000 7.800 -3.328 1.78 5.482 6.681
296.000 7.900 -2.683 2.977 4.152 5.792
296.000 8.000 0.103 2.864 3.422 4.484
296.000 8.100 1.781 0.658 3.558 4.063
296.000 8.200 1.108 -1.351 4.556 4.916
296.000 8.300 -0.414 -2.332 5.598 6.117
296.000 8.400 -3.086 -2.795 5.836 7.206
296.000 8.500 -6.613 -0.858 5.076 8.411
296.000 8.600 -7.284 3.903 3.535 9.008
296.000 8.700 -4.126 6.854 1.624 8.177
296.000 8.800 -0.627 7.456 0.471 7.507
296.000 8.900 3.145 6.787 1.211 7.589
296.000 9.000 6.571 3.533 2.521 7.894
296.000 9.100 6.132 -1.313 2.949 6.955
296.000 9.200 3.068 -3.61 2.089 5.207
296.000 9.300 0.058 -4.134 -0.251 4.166
296.000 9.400 -3.156 -3.287 -3.851 5.977
296.000 9.500 -5.221 0.31 -7.089 8.814
296.000 9.600 -3.185 4.536 -8.354 10.026
296.000 9.700 0.873 6.597 -8.393 10.711
296.000 9.800 4.947 7.546 -7.205 11.549
296.000 9.900 10.479 7.186 -5.459 13.836
296.000 10.000 14.107 2.457 -4.77 15.101
296.000 10.100 13.031 -1.116 -5.641 14.252
296.000 10.200 11.862 -4.672 -6.517 14.327
296.000 10.300 7.099 -7.914 -5.271 11.877
296.000 10.400 1.634 -6.926 -2.986 7.729
296.000 10.500 -1.751 -4.339 -0.312 4.704
296.000 10.600 -4.227 -1.784 2.444 5.217
296.000 10.700 -4.747 1.998 3.881 6.466
296.000 10.800 -1.812 4.317 3.409 5.809
296.000 10.900 1.226 5.04 2.285 5.683
296.000 11.000 5.069 5.897 1.66 7.964
296.000 11.100 10.428 5.007 1.791 11.718
296.000 11.200 12.63 1.449 1.692 12.837
296.000 11.300 12.992 -0.902 1.57 13.13
296.000 11.400 11.758 -6.641 0.835 13.541
296.000 11.500 4.011 -10.679 -2.214 11.629
296.000 11.600 -3.574 -9.477 -5.091 11.341
296.000 11.700 -8.295 -7.025 -5.736 12.296
296.000 11.800 -12.098 -3.876 -5.185 13.727
296.000 11.900 -12.712 1.121 -3.432 13.222
296.000 12.000 -10.739 3.602 -0.437 11.345
296.000 12.100 -8.651 5.473 2.303 10.506
296.000 12.200 -4.521 6.22 4.297 8.823
296.000 12.300 -1.137 4.808 5.864 7.685
296.000 12.400 0.384 3.119 6.468 7.209
296.000 12.500 1.186 1.821 6.809 7.165
296.000 12.600 1.155 0.449 7.026 7.153
296.000 12.700 0.488 0.126 6.892 6.929
296.000 12.800 0.011 0.319 6.338 6.363
296.000 12.900 -0.648 0.858 5.024 5.155
296.000 13.000 -0.786 1.563 3.147 3.616
296.000 13.100 -0.686 1.786 0.347 1.956
296.000 13.200 -0.554 1.42 -2.635 3.047
296.000 13.300 -0.941 0.268 -4.553 4.657
296.000 13.400 -2.535 -0.855 -5.274 5.915
296.000 13.500 -4.321 -0.712 -5.346 6.913
296.000 13.600 -5.102 -0.605 -5.157 7.282
296.000 13.700 -6.646 0.246 -4.691 8.142
296.000 13.800 -5.709 2.408 -4.041 7.401
296.000 13.900 -3.904 2.987 -3.531 6.057
296.000 14.000 -2.1 3.939 -2.979 5.372
296.000 14.100 0.809 3.91 -2.363 4.647
296.000 14.200 2.993 2.468 -2.224 4.477
296.000 14.300 4.062 1.105 -2.477 4.889
296.000 14.400 4.918 -0.221 -2.897 5.715
296.000 14.500 4.463 -1.73 -2.582 5.441
296.000 14.600 3.497 -2.309 -1.873 4.592
296.000 14.700 1.841 -3.396 -1.296 4.077
296.000 14.800 -1.637 -3.425 -0.728 3.868
296.000 14.900 -4.194 -0.902 -0.443 4.317
296.000 15.000 -3.07 1.396 -0.508 3.417
296.100 0.000 3.747 1.22 -1.252 4.146
296.100 0.100 4.69 -1.664 -1.456 5.199
296.100 0.200 1.781 -4.784 -1.019 5.219
296.100 0.300 -2.803 -3.309 -0.301 4.36
296.100 0.400 -3.171 1.713 -0.552 3.659
296.100 0.500 0.886 3.656 -1.8 4.187
296.100 0.600 3.567 1.053 -2.368 4.43
296.100 0.700 2.345 -1.628 -1.483 3.24
296.100 0.800 0.151 -2.035 -0.283 2.08
296.100 0.900 -1.401 -1.638 0.431 2.213
296.100 1.000 -2.886 -0.617 0.392 2.993
296.100 1.100 -2.11 1.728 -0.371 2.773
296.100 1.200 1.338 1.753 -1.698 2.815
296.100 1.300 3.302 -1.032 -2.814 4.49
296.100 1.400 2.254 -3.345 -2.678 4.869
296.100 1.500 0.542 -3.506 -1.752 3.979
296.100 1.600 -0.541 -2.662 -0.052 2.732
296.100 1.700 -1.199 -1.498 2.015 2.785
296.100 1.800 -0.791 -0.066 2.802 2.914
296.100 1.900 0.769 -0.031 1.987 2.132
296.100 2.000 1.328 -1.877 1.038 2.528
296.100 2.100 -0.508 -3.295 0.43 3.368
296.100 2.200 -2.659 -1.696 0.094 3.165
296.100 2.300 -1.699 1.671 -0.009 2.401
296.100 2.400 1.741 3.28 -0.082 3.733
296.100 2.500 5.029 3.123 0.079 5.935
296.100 2.600 8.276 2.258 0.708 8.62
296.100 2.700 10.59 -1.519 1.423 10.803
296.100 2.800 8.279 -4.731 1.886 9.728
296.100 2.900 5.727 -4.286 2.195 7.487
296.100 3.000 4.266 -2.654 2.159 5.474
296.100 3.100 4.486 -0.292 1.462 4.734
296.100 3.200 5.614 0.786 0.182 5.683
296.100 3.300 6.611 1.392 -1.424 6.918
296.100 3.400 7.911 -0.258 -3.171 8.543
296.100 3.500 6.632 -2.505 -4.624 8.483
296.100 3.600 4.935 -3.116 -5.485 8.032
296.100 3.700 2.599 -3.557 -4.967 6.667
296.100 3.800 -0.274 -2.493 -2.932 3.892
296.100 3.900 -2.053 -0.409 0.366 2.144
296.100 4.000 -2.954 1.663 5.03 6.068
296.100 4.100 -2.732 4.737 9.261 10.756
296.100 4.200 0.908 6.998 10.142 12.363
296.100 4.300 5.377 5.597 9.284 12.126
296.100 4.400 8.35 2.798 6.102 10.749
296.100 4.500 10.976 0.543 0.983 11.053
296.100 4.600 12.184 -2.696 -4.457 13.283
296.100 4.700 10.624 -4.571 -10.18 15.441
296.100 4.800 8.997 -6.754 -14.026 18.002
296.100 4.900 4.301 -9.185 -14.279 17.525
296.100 5.000 -1.538 -8.199 -12.285 14.853
296.100 5.100 -5.608 -5.633 -8.818 11.883
296.100 5.200 -9.058 -3.059 -4.752 10.721
296.100 5.300 -9.716 2.017 -1.949 10.157
296.100 5.400 -4.405 4.325 -0.887 6.278
296.100 5.500 -0.065 1.576 -0.216 1.634
296.100 5.600 0.67 -1.944 1.741 2.706
296.100 5.700 -0.466 -3.655 4.339 5.697
296.100 5.800 -1.932 -4.099 6.085 7.589
296.100 5.900 -3.702 -3.89 7.059 8.872
296.100 6.000 -5.161 -2.78 7.437 9.472
296.100 6.100 -5.892 -2.082 6.765 9.212
296.100 6.200 -6.992 -1.063 5.996 9.274
296.100 6.300 -6.202 0.307 5.825 8.515
296.100 6.400 -5.108 0.379 5.647 7.627
296.100 6.500 -4.033 0.547 4.767 6.275
296.100 6.600 -2.643 -0.603 3.151 4.171
296.100 6.700 -2.991 -3.339 1.331 4.696
296.100 6.800 -6.315 -5.515 -0.16 8.406
296.100 6.900 -10.858 -4.326 -0.904 11.743
296.100 7.000 -12.455 -1.374 -0.464 12.558
296.100 7.100 -13.652 0.74 1.024 13.729
296.100 7.200 -12.775 4.691 3.011 13.954
296.100 7.300 -8.94 5.874 5.086 11.861
296.100 7.400 -6.71 5.018 6.394 10.559
296.100 7.500 -5.907 3.82 6.338 9.49
296.100 7.600 -6.185 3.374 5.401 8.899
296.100 7.700 -5.355 3.7 4.043 7.682
296.100 7.800 -4.226 3.244 2.586 5.939
296.100 7.900 -2.776 3.369 2.075 4.849
296.100 8.000 -0.081 2.557 2.795 3.809
296.100 8.100 1.354 -0.387 4.019 4.295
296.100 8.200 -0.616 -2.785 5.626 6.349
296.100 8.300 -3.316 -2.988 6.853 8.218
296.100 8.400 -6.188 -2.26 6.622 9.375
296.100 8.500 -9.333 0.445 5.425 10.831
296.100 8.600 -8.979 5.95 3.579 11.37
296.100 8.700 -3.882 8.75 1.276 9.67
296.100 8.800 0.856 7.557 0.271 7.62
296.100 8.900 3.487 5.331 1.171 6.491
296.100 9.000 5.149 2.435 2.633 6.296
296.100 9.100 4.154 -1.028 3.064 5.291
296.100 9.200 1.319 -2.03 2.135 3.26
296.100 9.300 -0.597 -1.012 -0.292 1.23
296.100 9.400 -1.32 0.306 -3.832 4.066
296.100 9.500 -1.229 2.212 -6.474 6.951
296.100 9.600 0.747 4.36 -6.805 8.117
296.100 9.700 3.976 5.321 -5.3 8.5
296.100 9.800 6.837 5.496 -3.102 9.31
296.100 9.900 10.359 5.314 -0.825 11.683
296.100 10.000 13.284 2.611 0.386 13.557
296.100 10.100 14.802 0.316 -0.067 14.819
296.100 10.200 16.152 -4.442 -0.779 16.784
296.100 10.300 10.273 -9.372 -0.773 13.942
296.100 10.400 3.302 -8.682 -0.103 9.306
296.100 10.500 -1.14 -6.33 1.055 6.535
296.100 10.600 -4.457 -3.245 2.19 5.951
296.100 10.700 -5.233 1.577 2.815 6.164
296.100 10.800 -2.15 4.852 2.892 6.06
296.100 10.900 1.352 5.312 2.737 6.142
296.100 11.000 4.065 5.01 3.693 7.45
296.100 11.100 6.784 4.039 5.304 9.53
296.100 11.200 8.302 1.845 5.791 10.307
296.100 11.300 8.996 -0.292 5.028 10.328
296.100 11.400 8.334 -4.178 3.172 9.862
296.100 11.500 4.431 -6.908 -0.204 8.22
296.100 11.600 0.426 -7.102 -3.637 7.997
296.100 11.700 -3.516 -6.536 -5.642 9.327
296.100 11.800 -7.54 -4.511 -6.315 10.825
296.100 11.900 -9.038 -0.998 -5.272 10.517
296.100 12.000 -8.687 0.973 -2.945 9.232
296.100 12.100 -8.17 2.939 -0.428 8.703
296.100 12.200 -6.175 3.862 2.338 7.662
296.100 12.300 -4.749 3.347 4.568 7.407
296.100 12.400 -3.555 2.566 5.779 7.272
296.100 12.500 -2.883 1.26 6.65 7.374
296.100 12.600 -3.296 0.096 7.395 8.114
296.100 12.700 -4.47 -0.026 8.071 9.243
296.100 12.800 -5.212 1.317 7.964 9.625
296.100 12.900 -4.951 2.8 5.973 8.265
296.100 13.000 -4.292 4.074 3.345 6.812
296.100 13.100 -2.162 5.114 0.126 5.564
296.100 13.200 0.437 4.225 -3.214 5.332
296.100 13.300 1.449 1.962 -5.773 6.269
296.100 13.400 0.668 0.121 -7.642 7.673
296.100 13.500 -0.493 -0.584 -8.643 8.678
296.100 13.600 -1.189 -0.86 -8.389 8.517
296.100 13.700 -2.108 -0.337 -7.958 8.241
296.100 13.800 -1.875 1.112 -6.528 6.883
296.100 13.900 -0.79 2.082 -4.817 5.309
296.100 14.000 0.559 2.933 -3.516 4.617
296.100 14.100 2.629 3.276 -2.41 4.849
296.100 14.200 4.634 2.157 -1.712 5.397
296.100 14.300 5.452 0.985 -0.997 5.636
296.100 14.400 6.552 -0.375 -0.382 6.581
296.100 14.500 5.479 -2.443 0.178 6.007
296.100 14.600 3.582 -2.753 0.677 4.573
296.100 14.700 1.677 -3.311 0.433 3.74
296.100 14.800 -1.523 -2.979 -0.753 3.432
296.100 14.900 -3.564 -0.68 -1.771 4.041
296.100 15.000 -2.669 1.282 -1.856 3.499
296.200 0.000 4.497 1.676 -0.877 4.889
296.200 0.100 6.027 -1.631 -1.144 6.359
296.200 0.200 2.405 -5.426 -1.033 6.038
296.200 0.300 -3.391 -3.672 -0.876 5.089
296.200 0.400 -3.63 2.409 -0.929 4.468
296.200 0.500 2.087 4.612 -1.178 5.212
296.200 0.600 5.779 0.859 -1.34 6.01
296.200 0.700 3.438 -2.591 -1.015 4.441
296.200 0.800 0.358 -2.666 -0.634 2.783
296.200 0.900 -1.34 -1.658 -0.65 2.25
296.200 1.000 -2.281 -0.03 -1.066 2.541
296.200 1.100 -0.905 2.6 -1.741 3.284
296.200 1.200 3.197 2.81 -2.528 4.977
296.200 1.300 5.838 -0.815 -2.902 6.594
296.200 1.400 4.239 -4.094 -2.484 6.418
296.200 1.500 1.732 -4.809 -1.446 5.331
296.200 1.600 -0.609 -4.479 -0.037 4.533
296.200 1.700 -2.96 -2.877 1.253 4.322
296.200 1.800 -2.959 0.175 1.626 3.39
296.200 1.900 -0.209 0.945 1.043 1.432
296.200 2.000 1.356 -1.126 0.254 1.791
296.200 2.100 0.106 -2.926 -0.249 2.949
296.200 2.200 -1.792 -1.804 -0.245 2.566
296.200 2.300 -0.798 1.18 0.581 1.551
296.200 2.400 2.534 2.664 1.911 4.154
296.200 2.500 5.585 2.462 3.056 6.835
296.200 2.600 8.562 1.652 3.718 9.489
296.200 2.700 10.561 -2.347 4.336 11.662
296.200 2.800 7.25 -5.78 5.786 10.934
296.200 2.900 3.663 -4.82 7.14 9.363
296.200 3.000 1.826 -2.422 7.333 7.937
296.200 3.100 1.85 0.462 6.934 7.193
296.200 3.200 3.489 2.65 5.707 7.199
296.200 3.300 6.57 3.915 3.05 8.242
296.200 3.400 9.881 1.686 0.413 10.044
296.200 3.500 8.877 -1.332 -1.324 9.088
296.200 3.600 7.237 -2.643 -2.553 8.135
296.200 3.700 4.621 -4.384 -2.831 6.993
296.200 3.800 0.743 -4.513 -1.933 4.992
296.200 3.900 -2.804 -3.615 -0.171 4.602
296.200 4.000 -7.154 -2.422 2.244 7.897
296.200 4.100 -10.729 2.598 4.428 11.91
296.200 4.200 -6.352 7.431 5.073 11.029
296.200 4.300 -0.97 6.967 4.57 8.404
296.200 4.400 3.31 5.891 3.31 7.543
296.200 4.500 7.757 4.295 1.354 8.99
296.200 4.600 11.314 2.337 -1.718 11.721
296.200 4.700 15.075 0.892 -6.329 16.404
296.200 4.800 18.303 -4.375 -10.451 21.536
296.200 4.900 13.144 -10.3 -10.956 19.975
296.200 5.000 5.848 -10.239 -9.973 15.447
296.200 5.100 0.499 -8.534 -8.408 11.994
296.200 5.200 -4.193 -5.546 -6.603 9.617
296.200 5.300 -5.457 0.073 -4.918 7.391
296.200 5.400 -0.784 3.131 -2.857 4.356
296.200 5.500 3.822 0.003 -1.159 4.034
296.200 5.600 2.428 -4.804 1.253 5.551
296.200 5.700 -1.526 -5.995 3.778 7.262
296.200 5.800 -4.138 -5.166 5.266 8.467
296.200 5.900 -6.131 -4.33 5.684 9.422
296.200 6.000 -7.557 -2.344 5.41 9.591
296.200 6.100 -7.015 -1.045 4.656 8.49
296.200 6.200 -6.871 -0.528 3.88 7.914
296.200 6.300 -6.519 0.086 3.799 7.55
296.200 6.400 -6.399 0.531 4.079 7.611
296.200 6.500 -5.24 1.775 3.585 6.598
296.200 6.600 -2.657 1.278 2.064 3.606
296.200 6.700 -1.76 -1.499 0.152 2.336
296.200 6.800 -4.169 -3.882 -1.886 6.02
296.200 6.900 -7.685 -3.735 -3.615 9.296
296.200 7.000 -9.753 -2.367 -3.51 10.65
296.200 7.100 -11.775 -0.828 -2.19 12.023
296.200 7.200 -12.268 2.325 -0.287 12.505
296.200 7.300 -11.01 3.675 2.145 11.82
296.200 7.400 -10.242 4.487 3.637 11.776
296.200 7.500 -8.809 4.614 3.126 10.441
296.200 7.600 -8.235 4.519 2.12 9.646
296.200 7.700 -6.226 5.1 0.908 8.111
296.200 7.800 -3.766 3.978 0.08 5.488
296.200 7.900 -2.208 2.599 0.596 3.474
296.200 8.000 -0.881 0.853 2.479 2.797
296.200 8.100 -1.029 -2.052 4.626 5.208
296.200 8.200 -4.35 -4.311 6.122 8.701
296.200 8.300 -8.749 -3.403 7.126 11.822
296.200 8.400 -11.008 -0.638 5.91 12.541
296.200 8.500 -12.684 2.312 3.3 13.332
296.200 8.600 -10.968 8.08 1.193 13.691
296.200 8.700 -3.685 10.192 -0.119 10.848
296.200 8.800 1.915 7.185 -0.167 7.448
296.200 8.900 3.757 3.749 1.4 5.506
296.200 9.000 4.296 1.367 3.079 5.485
296.200 9.100 2.667 -0.767 3.465 4.47
296.200 9.200 -0.309 -0.306 2.181 2.257
296.200 9.300 -1.137 2.29 -0.655 2.646
296.200 9.400 0.706 3.689 -4.319 5.725
296.200 9.500 2.489 3.427 -6.72 7.945
296.200 9.600 3.918 3.022 -6.077 7.838
296.200 9.700 5.393 2.793 -3.429 6.98
296.200 9.800 6.684 2.794 -0.161 7.259
296.200 9.900 8.971 3.195 2.887 9.968
296.200 10.000 11.277 1.844 4.698 12.374
296.200 10.100 12.489 0.35 5.202 13.553
296.200 10.200 13.465 -3.925 4.979 14.902
296.200 10.300 9.118 -8.658 3.807 13.158
296.200 10.400 3.308 -8.843 2.916 9.902
296.200 10.500 -1.131 -7.145 2.997 7.851
296.200 10.600 -4.814 -4.008 3.639 7.266
296.200 10.700 -5.7 1.304 4.152 7.191
296.200 10.800 -2.183 5.028 4.204 6.927
296.200 10.900 1.788 4.89 4.397 6.835
296.200 11.000 3.028 3.507 5.361 7.106
296.200 11.100 3.627 2.899 6.561 8.059
296.200 11.200 4.338 1.979 7.02 8.508
296.200 11.300 5.249 0.83 6.566 8.468
296.200 11.400 5.552 -1.558 4.844 7.551
296.200 11.500 3.959 -3.32 1.515 5.4
296.200 11.600 2.368 -4.231 -1.902 5.216
296.200 11.700 0.134 -4.757 -4.355 6.454
296.200 11.800 -2.227 -4.05 -5.886 7.486
296.200 11.900 -4.14 -2.874 -5.357 7.359
296.200 12.000 -5.929 -1.43 -3.091 6.843
296.200 12.100 -6.967 0.59 -0.932 7.064
296.200 12.200 -6.869 1.694 0.867 7.139
296.200 12.300 -6.963 1.875 2.251 7.568
296.200 12.400 -6.729 1.466 3.328 7.663
296.200 12.500 -7.311 0.201 4.547 8.627
296.200 12.600 -8.583 -0.511 5.286 10.107
296.200 12.700 -10.977 -0.807 5.788 12.449
296.200 12.800 -12.792 2.442 5.918 14.318
296.200 12.900 -9.886 5.497 3.882 11.972
296.200 13.000 -6.895 6.849 1.334 9.821
296.200 13.100 -2.778 8.274 -1.403 8.85
296.200 13.200 2.007 7.085 -4.393 8.582
296.200 13.300 4.666 3.984 -6.669 9.066
296.200 13.400 5.622 1.691 -8.16 10.055
296.200 13.500 5.921 -0.524 -8.842 10.655
296.200 13.600 4.504 -1.643 -7.937 9.274
296.200 13.700 3.658 -1.337 -6.762 7.805
296.200 13.800 2.592 -0.856 -5.111 5.796
296.200 13.900 1.987 0.526 -3.306 3.896
296.200 14.000 2.438 1.654 -1.902 3.511
296.200 14.100 3.674 2.266 -0.7 4.38
296.200 14.200 5.111 1.336 0.35 5.302
296.200 14.300 5.139 0.091 1.222 5.291
296.200 14.400 5.077 -1.112 2.145 5.632
296.200 14.500 3.578 -2.743 2.556 5.191
296.200 14.600 1.134 -2.755 2.53 3.917
296.200 14.700 -0.571 -1.898 1.426 2.448
296.200 14.800 -1.872 -1.195 -0.921 2.407
296.200 14.900 -2.702 0.106 -2.612 3.762
296.200 15.000 -1.719 1.094 -2.958 3.594
296.300 0.000 4.724 1.895 -0.343 5.111
296.300 0.100 6.044 -1.516 -0.547 6.265
296.300 0.200 2.664 -5.288 -0.756 5.982
296.300 0.300 -2.628 -3.578 -0.809 4.526
296.300 0.400 -2.982 2.182 -0.664 3.767
296.300 0.500 1.827 4.318 -0.266 4.708
296.300 0.600 5.011 0.931 -0.036 5.109
296.300 0.700 3.22 -2.417 -0.555 4.079
296.300 0.800 0.327 -2.511 -1.095 2.778
296.300 0.900 -0.949 -1.217 -1.622 2.264
296.300 1.000 -1.442 0.457 -2.171 2.674
296.300 1.100 0.432 3.227 -2.547 4.16
296.300 1.200 5.328 3.319 -2.895 6.937
296.300 1.300 8.251 -1.052 -2.932 8.841
296.300 1.400 6.144 -5.01 -2.005 8.196
296.300 1.500 2.855 -5.945 -0.98 6.682
296.300 1.600 -0.406 -5.715 0.023 5.741
296.300 1.700 -3.559 -3.553 0.909 5.12
296.300 1.800 -3.605 0.521 0.886 3.761
296.300 1.900 -0.125 1.846 -0.085 1.873
296.300 2.000 2.313 -0.605 -0.846 2.555
296.300 2.100 1.579 -2.922 -0.722 3.411
296.300 2.200 0.182 -2.552 0.027 2.567
296.300 2.300 0.352 -0.633 1.832 1.97
296.300 2.400 2.171 0.823 4.155 4.763
296.300 2.500 4.247 1.057 6.204 7.597
296.300 2.600 6.759 0.613 8.085 10.559
296.300 2.700 8.346 -3.313 9.448 13.038
296.300 2.800 3.539 -7.001 9.786 12.543
296.300 2.900 -2.134 -5.488 10.178 11.759
296.300 3.000 -4.059 -1.851 9.766 10.737
296.300 3.100 -3.945 0.972 9.057 9.928
296.300 3.200 -1.991 4.439 8.249 9.58
296.300 3.300 3.286 6.133 6.853 9.772
296.300 3.400 8.031 3.781 5.475 10.436
296.300 3.500 8.725 0.929 3.045 9.297
296.300 3.600 8.958 -1.065 0.438 9.046
296.300 3.700 6.537 -4.279 -0.967 7.89
296.300 3.800 1.722 -5.099 -1.489 5.607
296.300 3.900 -2.47 -4.524 -1.768 5.475
296.300 4.000 -6.893 -3.324 -1.941 7.922
296.300 4.100 -10.113 1.708 -1.946 10.468
296.300 4.200 -6.677 6.817 -1.111 9.635
296.300 4.300 -1.518 7.151 -0.424 7.351
296.300 4.400 2.633 6.334 0.075 6.886
296.300 4.500 6.765 5.377 0.453 8.689
296.300 4.600 11.002 4.507 0.309 11.942
296.300 4.700 16.989 3.732 -0.107 17.424
296.300 4.800 22.908 -2.505 -0.643 23.068
296.300 4.900 18.316 -9.593 -2.473 20.836
296.300 5.000 11.965 -10.063 -4.55 16.307
296.300 5.100 6.491 -9.812 -4.876 12.759
296.300 5.200 0.956 -6.808 -3.949 7.96
296.300 5.300 -0.761 -1.69 -2.876 3.47
296.300 5.400 2.112 1.055 -1.163 2.668
296.300 5.500 5.248 -1.938 0.835 5.682
296.300 5.600 2.715 -6.825 2.39 7.746
296.300 5.700 -2.345 -7.596 3.765 8.813
296.300 5.800 -5.483 -5.806 4.585 9.22
296.300 5.900 -7.203 -4.128 4.6 9.502
296.300 6.000 -7.999 -1.719 4.073 9.149
296.300 6.100 -7.027 -0.202 3.14 7.708
296.300 6.200 -6.455 -0.048 2.306 6.862
296.300 6.300 -6.246 -0.027 2.092 6.594
296.300 6.400 -6.786 0.483 2.118 7.132
296.300 6.500 -5.816 2.461 2.007 6.632
296.300 6.600 -2.793 2.578 1.573 4.117
296.300 6.700 -1.138 0.441 0.295 1.264
296.300 6.800 -1.928 -1.536 -1.988 3.186
296.300 6.900 -3.558 -2.481 -4.127 6.007
296.300 7.000 -6.069 -3.058 -4.749 8.311
296.300 7.100 -9.716 -2.215 -4.137 10.809
296.300 7.200 -11.496 0.664 -3.124 11.948
296.300 7.300 -11.828 1.964 -2.097 12.189
296.300 7.400 -12.332 4.334 -1.587 13.181
296.300 7.500 -9.546 5.722 -2.174 11.35
296.300 7.600 -7.828 5.469 -3.288 10.108
296.300 7.700 -4.97 5.679 -3.545 8.343
296.300 7.800 -1.982 3.677 -3.017 5.155
296.300 7.900 -1.104 0.871 -1.558 2.104
296.300 8.000 -1.955 -1.614 0.938 2.743
296.300 8.100 -4.233 -3.645 2.957 6.362
296.300 8.200 -8.428 -5.105 3.509 10.498
296.300 8.300 -14.18 -3.129 3.072 14.874
296.300 8.400 -14.974 1.738 1.627 15.185
296.300 8.500 -13.468 4.639 -0.197 14.264
296.300 8.600 -10.001 9.225 -1.338 13.685
296.300 8.700 -2.002 10.512 -1.592 10.829
296.300 8.800 4.033 5.696 -0.557 7.013
296.300 8.900 3.688 0.958 2.578 4.627
296.300 9.000 1.93 -0.078 5.535 5.895
296.300 9.100 0.09 0.244 5.545 5.585
296.300 9.200 -1.453 2.387 2.95 4.087
296.300 9.300 -0.239 5.865 -0.579 5.907
296.300 9.400 4.412 7.256 -4.437 9.585
296.300 9.500 8.5 4.151 -6.932 11.733
296.300 9.600 8.178 0.449 -5.404 9.82
296.300 9.700 6.838 -0.738 -1.765 7.112
296.300 9.800 5.579 -1.073 2.362 6.175
296.300 9.900 4.985 -0.062 6.69 8.37
296.300 10.000 5.885 1.018 9.119 10.927
296.300 10.100 8.126 1.002 8.516 11.839
296.300 10.200 10.164 -2.915 7.171 12.799
296.300 10.300 6.893 -7.567 6.093 11.936
296.300 10.400 2.044 -8.319 5.29 10.092
296.300 10.500 -2.112 -7.3 4.943 9.089
296.300 10.600 -5.964 -4.445 5.001 8.985
296.300 10.700 -7.023 0.934 5.343 8.894
296.300 10.800 -3.632 4.634 5.972 8.407
296.300 10.900 -0.078 4.322 6.654 7.958
296.300 11.000 0.672 2.738 7.064 7.63
296.300 11.100 0.381 2.28 7.453 7.828
296.300 11.200 0.539 2.103 7.446 7.781
296.300 11.300 0.996 1.581 6.951 7.221
296.300 11.400 1.591 0.893 5.568 5.883
296.300 11.500 2.676 0.147 2.737 3.851
296.300 11.600 3.702 -1.569 -0.069 4.033
296.300 11.700 2.642 -3.156 -1.703 4.461
296.300 11.800 1.54 -3.383 -2.505 4.487
296.300 11.900 -0.775 -4.196 -2.353 4.878
296.300 12.000 -4.712 -3.167 -1.416 5.859
296.300 12.100 -7.088 -0.648 -0.691 7.161
296.300 12.200 -7.835 0.778 -0.447 7.897
296.300 12.300 -8.734 1.366 -0.441 8.862
296.300 12.400 -8.852 1.104 -0.999 8.986
296.300 12.500 -10.628 -0.472 -1.398 10.739
296.300 12.600 -12.239 -0.43 -1.554 12.353
296.300 12.700 -14.051 -0.94 -1.876 14.215
296.300 12.800 -16.076 2.865 -1.978 16.458
296.300 12.900 -12.271 6.594 -1.468 14.017
296.300 13.000 -8.536 8.456 -1.419 12.109
296.300 13.100 -2.786 10.772 -2.803 11.484
296.300 13.200 4.557 9.436 -4.778 11.525
296.300 13.300 8.566 5.041 -5.888 11.559
296.300 13.400 9.775 2.177 -5.948 11.653
296.300 13.500 10.415 -1.06 -5.387 11.777
296.300 13.600 8.02 -3 -4.229 9.554
296.300 13.700 6.218 -2.734 -2.668 7.302
296.300 13.800 4.379 -2.274 -1.433 5.142
296.300 13.900 3.016 -0.703 -0.506 3.144
296.300 14.000 2.873 0.637 0.323 2.97
296.300 14.100 3.503 1.323 1.068 3.903
296.300 14.200 4.266 0.542 1.732 4.645
296.300 14.300 3.833 -0.67 2.433 4.599
296.300 14.400 3.084 -1.646 2.98 4.603
296.300 14.500 1.209 -2.714 3.021 4.247
296.300 14.600 -1.601 -2.072 2.343 3.524
296.300 14.700 -2.598 0.388 0.453 2.674
296.300 14.800 -1.379 1.428 -2.599 3.273
296.300 14.900 -0.554 1.109 -4.842 5
296.300 15.000 0.229 0.481 -4.607 4.639
296.400 0.000 5.154 2.341 0.1 5.671
296.400 0.100 7.027 -1.119 -0.519 7.144
296.400 0.200 3.403 -5.259 -0.892 6.338
296.400 0.300 -2.682 -3.734 -1.084 4.736
296.400 0.400 -3.314 2.082 -1.066 4.07
296.400 0.500 1.517 4.045 -0.811 4.41
296.400 0.600 4.607 1.135 -0.73 4.814
296.400 0.700 3.518 -1.688 -1.196 4.098
296.400 0.800 1.555 -1.872 -2.009 3.176
296.400 0.900 0.839 -0.742 -2.44 2.712
296.400 1.000 1.154 0.811 -2.669 3.046
296.400 1.100 3.271 2.898 -2.187 4.91
296.400 1.200 8.196 3.159 -1.022 8.861
296.400 1.300 11.565 -1.737 -0.167 11.711
296.400 1.400 7.952 -5.946 0.455 9.952
296.400 1.500 3.903 -6.463 0.561 7.581
296.400 1.600 -0.096 -6.3 0.44 6.327
296.400 1.700 -4.423 -3.82 0.177 5.859
296.400 1.800 -4.421 1.332 -0.399 4.652
296.400 1.900 0.686 2.769 -1.09 3.079
296.400 2.000 4.116 -0.661 -1.125 4.335
296.400 2.100 3.161 -3.886 -0.119 5.021
296.400 2.200 1.395 -4.273 1.751 4.829
296.400 2.300 0.238 -3.262 4.376 5.463
296.400 2.400 0.266 -1.668 7.359 7.55
296.400 2.500 0.883 -0.928 9.595 9.681
296.400 2.600 1.324 -1.128 10.937 11.075
296.400 2.700 1.042 -3.493 11.405 11.974
296.400 2.800 -2.505 -6.12 10.034 12.017
296.400 2.900 -7.72 -4.952 8.402 12.441
296.400 3.000 -8.973 -1.002 7.516 11.753
296.400 3.100 -8.187 1.444 7.103 10.94
296.400 3.200 -6.137 4.987 7.007 10.572
296.400 3.300 -0.946 6.59 7.223 9.829
296.400 3.400 3.443 4.991 7.114 9.353
296.400 3.500 5.821 3.099 6.156 9.027
296.400 3.600 7.887 0.977 4.781 9.282
296.400 3.700 6.645 -2.359 2.365 7.448
296.400 3.800 3.016 -3.37 -0.846 4.622
296.400 3.900 -0.281 -3.521 -3.322 4.88
296.400 4.000 -4.385 -2.878 -4.573 6.994
296.400 4.100 -7.451 1.541 -4.989 9.134
296.400 4.200 -4.179 6.106 -4.758 8.834
296.400 4.300 0.663 6.19 -3.726 7.291
296.400 4.400 4.155 5.054 -1.953 6.857
296.400 4.500 7.363 4.207 0.149 8.512
296.400 4.600 10.681 3.439 2.3 11.497
296.400 4.700 14.89 2.502 4.599 15.821
296.400 4.800 18.664 -2.272 6.046 19.786
296.400 4.900 16.475 -7.375 5.565 18.915
296.400 5.000 13.58 -8.332 4.24 16.517
296.400 5.100 9.006 -9.466 2.705 13.371
296.400 5.200 3.023 -6.84 1.243 7.607
296.400 5.300 1.096 -2.318 0.586 2.655
296.400 5.400 3.19 -0.2 0.768 3.307
296.400 5.500 5.284 -3.276 1.356 6.387
296.400 5.600 2.105 -8.099 2.358 8.718
296.400 5.700 -3.87 -8.661 3.412 10.103
296.400 5.800 -7.199 -5.919 3.81 10.086
296.400 5.900 -8.432 -3.839 3.577 9.946
296.400 6.000 -8.83 -0.891 3.081 9.407
296.400 6.100 -6.538 0.983 2.09 6.945
296.400 6.200 -4.806 0.541 1.129 4.977
296.400 6.300 -4.779 -0.193 1.119 4.923
296.400 6.400 -5.648 0.441 1.45 5.857
296.400 6.500 -5.123 2.454 1.551 5.894
296.400 6.600 -2.958 3.114 1.339 4.502
296.400 6.700 -1.277 2.12 0.339 2.5
296.400 6.800 -0.583 0.796 -1.595 1.884
296.400 6.900 -0.669 -0.816 -3.645 3.814
296.400 7.000 -2.643 -2.454 -5.148 6.308
296.400 7.100 -6.033 -2.231 -6.218 8.967
296.400 7.200 -8.014 -0.06 -6.319 10.223
296.400 7.300 -8.628 1.586 -5.826 10.545
296.400 7.400 -8.6 4.358 -5.804 11.263
296.400 7.500 -5.586 6.479 -5.928 10.413
296.400 7.600 -2.274 6.069 -6.568 9.23
296.400 7.700 0.084 4.788 -5.948 7.639
296.400 7.800 2.036 2.539 -4.629 5.663
296.400 7.900 1.609 -1.395 -2.923 3.637
296.400 8.000 -2.004 -3.933 -0.618 4.498
296.400 8.100 -6.008 -4.393 0.515 7.5
296.400 8.200 -9.991 -4.253 -0.199 10.894
296.400 8.300 -14.353 -1.592 -2.052 14.611
296.400 8.400 -14.612 3.039 -3.783 15.413
296.400 8.500 -13.255 5.352 -4.762 15.081
296.400 8.600 -9.635 9.117 -4.402 13.985
296.400 8.700 -1.089 9.16 -2.298 9.516
296.400 8.800 4.316 2.929 1.029 5.336
296.400 8.900 1.235 -2.623 4.346 5.262
296.400 9.000 -3.862 -1.867 7.16 8.381
296.400 9.100 -5.115 2.142 6.942 8.914
296.400 9.200 -3.629 5.607 4.241 7.932
296.400 9.300 0.136 9.421 1.095 9.497
296.400 9.400 7.87 10.578 -1.958 13.338
296.400 9.500 14.481 4.635 -3.588 15.633
296.400 9.600 12.122 -2.259 -2.741 12.646
296.400 9.700 7.73 -4.349 -0.177 8.89
296.400 9.800 3.654 -5.256 3.287 7.223
296.400 9.900 -0.962 -3.999 7.237 8.354
296.400 10.000 -2.124 0.368 9.63 9.897
296.400 10.100 2.316 2.037 9.557 10.069
296.400 10.200 5.788 -1.796 9 10.877
296.400 10.300 3.633 -6.406 7.739 10.711
296.400 10.400 -0.564 -7.656 6.665 10.192
296.400 10.500 -4.381 -7.085 6.151 10.38
296.400 10.600 -8.14 -4.728 6.291 11.345
296.400 10.700 -9.383 0.486 6.81 11.626
296.400 10.800 -6.278 4.09 7.115 10.355
296.400 10.900 -3.173 3.933 7.448 9.024
296.400 11.000 -2.483 2.63 7.473 8.327
296.400 11.100 -3.084 2.33 7.178 8.176
296.400 11.200 -2.954 2.724 6.471 7.64
296.400 11.300 -2.446 2.444 5.424 6.456
296.400 11.400 -1.673 2.614 4.256 5.291
296.400 11.500 0.798 2.228 3.069 3.899
296.400 11.600 2.816 -0.051 2.173 3.577
296.400 11.700 1.985 -2.432 1.433 3.467
296.400 11.800 0.333 -3.262 1.321 3.551
296.400 11.900 -2.234 -4.08 0.904 4.752
296.400 12.000 -6.262 -3.259 0.089 7.072
296.400 12.100 -8.75 -0.086 -0.869 8.803
296.400 12.200 -8.586 1.873 -2.998 9.293
296.400 12.300 -8.767 2.544 -5.317 10.57
296.400 12.400 -7.473 2.617 -7.3 10.774
296.400 12.500 -7.318 0.603 -9.386 11.92
296.400 12.600 -8.448 -0.649 -9.899 13.032
296.400 12.700 -10.499 -1.178 -8.738 13.713
296.400 12.800 -12.32 2.113 -7.721 14.697
296.400 12.900 -10.469 5.575 -6.689 13.623
296.400 13.000 -8.208 8.304 -5.946 13.11
296.400 13.100 -1.926 11.483 -5.269 12.788
296.400 13.200 6.367 9.94 -4.595 12.675
296.400 13.300 10.758 5.02 -3.949 12.519
296.400 13.400 11.979 1.631 -3.284 12.535
296.400 13.500 12.143 -2.161 -2.27 12.548
296.400 13.600 9.014 -4.548 -0.538 10.117
296.400 13.700 6.155 -4.105 1.044 7.479
296.400 13.800 3.887 -3.108 2.085 5.405
296.400 13.900 2.533 -1.26 2.662 3.896
296.400 14.000 2.27 0.159 2.906 3.704
296.400 14.100 2.649 0.957 3.001 4.13
296.400 14.200 3.261 0.118 3.114 4.522
296.400 14.300 2.246 -1.192 3.33 4.201
296.400 14.400 0.881 -1.811 3.558 4.099
296.400 14.500 -1.001 -2.106 3.104 3.893
296.400 14.600 -3.214 -0.596 1.851 3.766
296.400 14.700 -2.811 3.074 -0.366 4.19
296.400 14.800 1.238 4.639 -3.671 6.05
296.400 14.900 4.535 2.001 -6.091 7.856
296.400 15.000 3.845 -1.039 -5.321 6.648
296.500 0.000 5.019 2.538 1.323 5.785
296.500 0.100 7.008 -0.51 1.191 7.134
296.500 0.200 4.115 -4.179 -0.086 5.875
296.500 0.300 -0.673 -2.919 -1.814 3.517
296.500 0.400 -1.238 1.627 -2.186 3.012
296.500 0.500 2.387 3.376 -1.239 4.33
296.500 0.600 5.027 1.19 -0.668 5.222
296.500 0.700 4.604 -0.945 -1.023 4.824
296.500 0.800 3.764 -1.332 -1.582 4.312
296.500 0.900 3.262 -0.807 -1.484 3.692
296.500 1.000 3.786 0.406 -0.852 3.92
296.500 1.100 5.189 1.27 0.531 5.382
296.500 1.200 7.625 1.187 2.842 8.233
296.500 1.300 9.192 -2.392 4.503 10.52
296.500 1.400 6.234 -5.563 4.142 9.333
296.500 1.500 2.868 -5.759 3.187 7.185
296.500 1.600 -0.256 -5.067 1.507 5.299
296.500 1.700 -3.046 -2.484 -0.719 4.011
296.500 1.800 -2.179 1.873 -1.997 3.523
296.500 1.900 2.825 2.823 -2.122 4.546
296.500 2.000 6.075 -1.584 -1.577 6.489
296.500 2.100 4.049 -5.985 0.52 7.254
296.500 2.200 0.548 -6.934 3.395 7.744
296.500 2.300 -2.512 -6.363 6.336 9.325
296.500 2.400 -5.245 -4.619 9.54 11.827
296.500 2.500 -6.073 -1.815 11.188 12.861
296.500 2.600 -5.072 -1.054 10.446 11.662
296.500 2.700 -5.035 -2.377 9.133 10.699
296.500 2.800 -6.577 -3.976 7.212 10.542
296.500 2.900 -9.494 -3.416 5.301 11.403
296.500 3.000 -10.372 -0.722 4.426 11.309
296.500 3.100 -10.143 1.237 4.705 11.258
296.500 3.200 -8.518 4.527 5.437 11.081
296.500 3.300 -3.975 6.039 6.219 9.544
296.500 3.400 -0.146 4.939 7.045 8.609
296.500 3.500 2.014 3.612 7.292 8.386
296.500 3.600 3.591 2.395 6.764 8.028
296.500 3.700 4.163 1.092 4.445 6.192
296.500 3.800 4.371 0.442 0.525 4.441
296.500 3.900 3.621 -0.923 -3.265 4.993
296.500 4.000 0.496 -1.039 -6.442 6.585
296.500 4.100 -1.564 1.999 -8.685 9.092
296.500 4.200 1.361 4.976 -7.99 9.555
296.500 4.300 5.54 4.241 -5.951 9.211
296.500 4.400 7.66 2.097 -2.721 8.43
296.500 4.500 9.12 1.233 1.362 9.332
296.500 4.600 10.748 0.354 5.17 11.963
296.500 4.700 12.444 -0.098 8.728 15.233
296.500 4.800 14.781 -3.239 11.03 18.771
296.500 4.900 11.716 -7.141 11.495 17.926
296.500 5.000 7.753 -7.306 10.976 15.306
296.500 5.100 4.521 -6.816 8.708 11.957
296.500 5.200 1.497 -4.746 5.492 7.421
296.500 5.300 0.883 -1.482 3.511 3.918
296.500 5.400 3.416 -0.13 2.7 4.368
296.500 5.500 5.729 -3.596 2.602 7.268
296.500 5.600 2.233 -8.556 2.413 9.192
296.500 5.700 -3.969 -8.943 2.046 10.023
296.500 5.800 -7.322 -6.007 2.057 9.715
296.500 5.900 -8.319 -3.617 2.271 9.371
296.500 6.000 -8.282 -0.505 2.248 8.612
296.500 6.100 -5.558 1.67 2.201 6.218
296.500 6.200 -2.923 0.915 1.964 3.645
296.500 6.300 -3.426 -0.568 2.007 4.023
296.500 6.400 -5.243 0.236 2.116 5.67
296.500 6.500 -5.102 2.614 1.981 6.072
296.500 6.600 -3.044 3.717 1.537 5.048
296.500 6.700 -1.094 3.522 0.594 3.736
296.500 6.800 0.666 2.831 -1.028 3.087
296.500 6.900 1.941 1.007 -2.996 3.722
296.500 7.000 0.882 -1.1 -4.475 4.715
296.500 7.100 -1.233 -1.263 -5.661 5.951
296.500 7.200 -2.951 -0.39 -6.117 6.821
296.500 7.300 -4.394 1.23 -5.748 7.354
296.500 7.400 -4.381 4.176 -5.351 8.086
296.500 7.500 -1.259 6.64 -4.977 8.394
296.500 7.600 3.055 5.977 -4.59 8.134
296.500 7.700 4.511 3.456 -3.713 6.796
296.500 7.800 5.101 1.288 -2.496 5.839
296.500 7.900 3.423 -3.027 -1.518 4.853
296.500 8.000 -2.398 -5.185 -0.904 5.83
296.500 8.100 -7.535 -3.84 -1.289 8.59
296.500 8.200 -10.655 -2.275 -3.555 11.488
296.500 8.300 -13.926 0.597 -6.186 15.269
296.500 8.400 -12.35 5.22 -8.797 16.047
296.500 8.500 -8.663 6.174 -10.831 15.186
296.500 8.600 -5.087 6.731 -9.738 12.888
296.500 8.700 -0.076 4.822 -5.022 6.965
296.500 8.800 1.785 -0.873 -0.152 2.016
296.500 8.900 -2.694 -5.525 3.253 6.988
296.500 9.000 -9.421 -3.32 5.296 11.335
296.500 9.100 -9.967 3.546 5.589 11.989
296.500 9.200 -6.097 8.043 4.303 10.99
296.500 9.300 -0.409 11.983 2.398 12.241
296.500 9.400 8.891 12.5 0.489 15.359
296.500 9.500 15.993 4.97 -0.591 16.772
296.500 9.600 13.736 -3.54 -0.045 14.202
296.500 9.700 8.579 -6.611 1.465 10.951
296.500 9.800 2.882 -8.056 3.176 9.153
296.500 9.900 -3.883 -6.478 4.61 8.876
296.500 10.000 -6.326 -0.763 5.841 8.67
296.500 10.100 -2.148 1.685 7.151 7.684
296.500 10.200 0.913 -1.293 7.598 7.792
296.500 10.300 -0.214 -5.203 6.927 8.695
296.500 10.400 -3.659 -6.896 5.997 9.871
296.500 10.500 -7.171 -6.78 5.385 11.267
296.500 10.600 -11.235 -5.205 5.322 13.499
296.500 10.700 -13.106 -0.035 5.896 14.392
296.500 10.800 -9.852 3.509 6.943 12.574
296.500 10.900 -6.928 3.734 7.787 11.095
296.500 11.000 -5.904 3.208 7.342 9.977
296.500 11.100 -5.85 3.237 6.112 9.082
296.500 11.200 -5.091 3.881 4.78 8.011
296.500 11.300 -3.795 3.717 3.351 6.301
296.500 11.400 -2.568 3.455 2.275 4.888
296.500 11.500 -0.778 2.582 2.038 3.401
296.500 11.600 0.245 0.374 1.967 2.043
296.500 11.700 -0.799 -2.058 1.572 2.73
296.500 11.800 -3.46 -3.096 1.217 4.814
296.500 11.900 -5.851 -2.733 0.089 6.47
296.500 12.000 -8.642 -1.948 -1.921 9.074
296.500 12.100 -10.339 1.924 -3.965 11.248
296.500 12.200 -7.238 4.721 -6.416 10.77
296.500 12.300 -4.304 4.877 -9.054 11.151
296.500 12.400 -1.626 4.471 -10.852 11.851
296.500 12.500 0.885 2.318 -12.57 12.813
296.500 12.600 0.059 -1.472 -13.129 13.212
296.500 12.700 -4.66 -2.571 -12.181 13.293
296.500 12.800 -7.887 1.079 -11.144 13.697
296.500 12.900 -5.975 4.807 -9.975 12.585
296.500 13.000 -3.047 7.271 -8.716 11.758
296.500 13.100 2.099 9.716 -6.428 11.845
296.500 13.200 9.267 8.544 -4.044 13.246
296.500 13.300 12.945 3.45 -1.758 13.521
296.500 13.400 13.475 0.343 0.735 13.509
296.500 13.500 13.428 -3.735 2.598 14.188
296.500 13.600 8.423 -6.308 4.169 11.329
296.500 13.700 4.287 -5.163 5.341 8.587
296.500 13.800 1.43 -3.631 5.697 6.918
296.500 13.900 -0.404 -1.466 5.735 5.947
296.500 14.000 -0.653 0.507 5.291 5.37
296.500 14.100 0.132 1.27 4.33 4.53
296.500 14.200 0.731 0.328 3.697 3.798
296.500 14.300 -0.144 -1.125 3.149 3.359
296.500 14.400 -1.939 -1.634 2.845 3.821
296.500 14.500 -3.505 -1.167 2.125 4.271
296.500 14.600 -5.205 0.733 1.087 5.376
296.500 14.700 -3.645 5.599 -0.468 6.707
296.500 14.800 3.508 7.473 -2.687 8.689
296.500 14.900 9.142 2.659 -3.987 10.326
296.500 15.000 7.065 -2.466 -3.705 8.353
296.600 0.000 4.284 2.41 2.109 5.355
296.600 0.100 5.975 0.149 1.806 6.25
296.600 0.200 4.32 -2.489 0.737 5.048
296.600 0.300 1.546 -1.626 -0.651 2.348
296.600 0.400 1.336 1.283 -1.181 2.214
296.600 0.500 3.783 2.597 -0.793 4.67
296.600 0.600 5.836 0.973 -0.367 5.941
296.600 0.700 5.68 -0.689 -0.132 5.735
296.600 0.800 5.307 -1.348 0.01 5.488
296.600 0.900 4.538 -1.559 0.658 4.854
296.600 1.000 4.229 -0.832 1.939 4.734
296.600 1.100 4.461 -0.468 3.392 5.629
296.600 1.200 4.955 -0.699 4.78 6.924
296.600 1.300 4.997 -2.79 5.559 7.982
296.600 1.400 2.61 -4.782 5.206 7.538
296.600 1.500 -0.247 -4.424 4.202 6.108
296.600 1.600 -1.549 -2.708 2.301 3.879
296.600 1.700 -1.617 -0.506 0.208 1.719
296.600 1.800 0.477 2.381 -0.793 2.577
296.600 1.900 5.742 2.777 -0.748 6.44
296.600 2.000 9.292 -2.912 -0.067 9.751
296.600 2.100 4.796 -8.623 1.599 10.004
296.600 2.200 -1.391 -9.504 3.582 10.257
296.600 2.300 -6.227 -8.866 5.287 12.06
296.600 2.400 -11.732 -7.023 6.892 15.318
296.600 2.500 -13.612 -1.562 7.55 15.65
296.600 2.600 -10.216 0.331 6.779 12.272
296.600 2.700 -8.607 -0.67 5.455 10.219
296.600 2.800 -8.736 -1.975 3.476 9.616
296.600 2.900 -10.64 -2.029 1.652 10.967
296.600 3.000 -10.86 -0.262 0.641 10.895
296.600 3.100 -10.911 0.569 0.564 10.954
296.600 3.200 -10.073 3.382 1.66 10.767
296.600 3.300 -6.173 4.452 3.87 8.548
296.600 3.400 -3.499 3.823 6.039 7.964
296.600 3.500 -1.683 3.407 7.104 8.06
296.600 3.600 -0.201 3.334 7.172 7.915
296.600 3.700 1.547 3.843 5.84 7.166
296.600 3.800 4.265 4.058 3.285 6.755
296.600 3.900 6.183 2.834 -0.066 6.824
296.600 4.000 6.69 2.834 -4.262 8.456
296.600 4.100 8.408 3.043 -7.248 11.549
296.600 4.200 9.904 2.952 -6.317 12.151
296.600 4.300 12.837 1.577 -3.847 13.528
296.600 4.400 12.361 -2.54 -0.014 12.649
296.600 4.500 9.467 -3.434 5.009 11.269
296.600 4.600 8.026 -3.539 9.346 12.832
296.600 4.700 6.841 -3.54 12.891 15.028
296.600 4.800 6.265 -4.474 15.401 17.235
296.600 4.900 3.792 -5.988 14.535 16.181
296.600 5.000 0.435 -5.517 12.181 13.383
296.600 5.100 -0.991 -3.542 9.391 10.087
296.600 5.200 -0.996 -1.999 6.401 6.782
296.600 5.300 -0.129 -0.051 4.389 4.391
296.600 5.400 2.918 0.333 3.486 4.565
296.600 5.500 5.045 -3.356 3.027 6.794
296.600 5.600 2.181 -7.974 2.597 8.693
296.600 5.700 -2.999 -8.514 2.11 9.298
296.600 5.800 -6.321 -6.268 1.962 9.143
296.600 5.900 -8.071 -3.987 2.328 9.321
296.600 6.000 -8.494 -0.799 2.886 9.024
296.600 6.100 -6.169 1.359 3.504 7.233
296.600 6.200 -3.957 0.852 4.143 5.799
296.600 6.300 -4.274 -0.259 3.835 5.759
296.600 6.400 -5.661 0.587 3.15 6.516
296.600 6.500 -5.33 2.965 2.656 6.66
296.600 6.600 -3.174 4.32 2.158 5.782
296.600 6.700 -0.881 4.551 1.519 4.879
296.600 6.800 1.66 4.373 0.645 4.722
296.600 6.900 4.182 2.57 -0.499 4.944
296.600 7.000 3.568 0.083 -1.78 4.009
296.600 7.100 1.89 -0.295 -2.983 3.565
296.600 7.200 0.357 -0.235 -3.727 3.772
296.600 7.300 -1.467 0.975 -3.906 4.299
296.600 7.400 -1.789 3.608 -3.572 5.388
296.600 7.500 0.56 5.709 -2.534 6.272
296.600 7.600 3.784 5.054 -1.212 6.434
296.600 7.700 4.804 2.728 -0.486 5.561
296.600 7.800 4.631 0.604 -0.23 4.702
296.600 7.900 2.417 -2.842 -0.677 3.84
296.600 8.000 -3.354 -4.384 -2.254 6.006
296.600 8.100 -8.366 -1.557 -4.817 9.805
296.600 8.200 -8.958 1.278 -8.483 12.418
296.600 8.300 -9.358 3.501 -12.406 15.938
296.600 8.400 -6.064 6.851 -14.043 16.764
296.600 8.500 -0.27 6.416 -13.878 15.292
296.600 8.600 2.856 3.025 -11.649 12.37
296.600 8.700 3.051 -0.423 -6.93 7.586
296.600 8.800 1.38 -4.975 -2.418 5.718
296.600 8.900 -4.96 -8.341 1.003 9.782
296.600 9.000 -12.498 -4.706 3.502 13.832
296.600 9.100 -13.045 3.665 4.327 14.246
296.600 9.200 -8.478 8.933 4.236 13.042
296.600 9.300 -1.684 13.272 4.063 13.997
296.600 9.400 9.721 14.082 3.388 17.459
296.600 9.500 19.019 5.154 2.767 19.916
296.600 9.600 15.183 -4.842 3.327 16.302
296.600 9.700 8.359 -7.682 3.852 12.015
296.600 9.800 2.336 -8.712 3.905 9.857
296.600 9.900 -3.809 -6.922 3.845 8.813
296.600 10.000 -6.288 -1.882 4.221 7.829
296.600 10.100 -3.886 0.668 5.051 6.435
296.600 10.200 -1.803 -1.228 5.463 5.913
296.600 10.300 -2.791 -4.34 4.925 7.162
296.600 10.400 -5.788 -6.031 3.953 9.271
296.600 10.500 -9.076 -6.339 3.15 11.53
296.600 10.600 -13.088 -5.375 3.009 14.484
296.600 10.700 -15.375 -1.055 3.641 15.854
296.600 10.800 -13.904 1.905 5.034 14.929
296.600 10.900 -12.698 3.286 6.525 14.672
296.600 11.000 -10.539 4.464 5.971 12.93
296.600 11.100 -8.843 4.579 4.638 11.005
296.600 11.200 -6.966 5.324 3.333 9.398
296.600 11.300 -4.475 5.044 1.963 7.042
296.600 11.400 -2.721 4.042 1.042 5
296.600 11.500 -1.573 2.682 0.641 3.192
296.600 11.600 -1.227 0.743 0.251 1.472
296.600 11.700 -2.337 -1.328 -0.607 2.766
296.600 11.800 -4.934 -2.102 -1.964 5.719
296.600 11.900 -6.601 -0.977 -3.51 7.546
296.600 12.000 -7.499 0.239 -5.343 9.216
296.600 12.100 -7.434 3.653 -7.107 10.918
296.600 12.200 -3.598 6.504 -8.15 11.035
296.600 12.300 0.871 6.485 -9.179 11.276
296.600 12.400 4.111 5.535 -9.934 12.096
296.600 12.500 7.427 3.398 -10.553 13.347
296.600 12.600 7.166 -1.212 -11.35 13.479
296.600 12.700 2.816 -2.472 -12.479 13.031
296.600 12.800 0.051 -0.098 -12.616 12.618
296.600 12.900 0.405 2.76 -10.266 10.639
296.600 13.000 2.396 4.903 -7.301 9.118
296.600 13.100 5.603 6.493 -3.811 9.394
296.600 13.200 10.734 5.674 0.138 12.154
296.600 13.300 12.679 0.669 3.361 13.145
296.600 13.400 10.58 -2.263 5.978 12.373
296.600 13.500 8.443 -5.046 7.935 12.65
296.600 13.600 3.397 -6.949 8.1 11.212
296.600 13.700 -1.514 -5.425 8.11 9.887
296.600 13.800 -3.962 -2.946 7.075 8.641
296.600 13.900 -5.612 -1.022 5.822 8.163
296.600 14.000 -5.4 1.804 4.645 7.361
296.600 14.100 -2.87 2.433 3.041 4.852
296.600 14.200 -1.548 1.139 1.929 2.737
296.600 14.300 -1.725 -0.43 0.96 2.031
296.600 14.400 -3.283 -1.063 0.072 3.457
296.600 14.500 -4.362 -0.293 -0.61 4.42
296.600 14.600 -5.38 1.727 -1.408 5.83
296.600 14.700 -3.193 6.748 -2.058 7.752
296.600 14.800 4.524 8.347 -2.253 9.767
296.600 14.900 10.142 2.831 -2.307 10.786
296.600 15.000 8.221 -2.987 -1.945 8.965
296.700 0.000 3.471 2.203 3.214 5.222
296.700 0.100 5.294 0.73 3.366 6.321
296.700 0.200 4.31 -1.151 2.346 5.045
296.700 0.300 2.636 -0.526 0.895 2.84
296.700 0.400 2.816 1.242 0.368 3.11
296.700 0.500 4.939 2.065 0.893 5.437
296.700 0.600 6.805 0.555 1.576 7.016
296.700 0.700 6.57 -0.804 1.801 6.868
296.700 0.800 6.399 -1.731 1.881 6.899
296.700 0.900 4.917 -2.737 2.762 6.275
296.700 1.000 3.207 -2.196 4.021 5.595
296.700 1.100 2.359 -1.598 4.972 5.732
296.700 1.200 1.967 -1.557 5.674 6.205
296.700 1.300 1.463 -2.582 5.711 6.438
296.700 1.400 -0.428 -3.692 4.496 5.835
296.700 1.500 -2.653 -3.011 2.935 4.975
296.700 1.600 -2.652 -0.974 1.675 3.29
296.700 1.700 -1.264 0.608 0.831 1.639
296.700 1.800 1.222 2.277 0.812 2.722
296.700 1.900 5.612 1.814 1.812 6.181
296.700 2.000 8.031 -3.732 2.869 9.317
296.700 2.100 3.635 -9.301 2.778 10.372
296.700 2.200 -2.728 -10.313 2.509 10.966
296.700 2.300 -7.798 -9.455 2.357 12.489
296.700 2.400 -13.033 -7.196 1.843 15.012
296.700 2.500 -14.848 -1.571 1.402 15.008
296.700 2.600 -12.221 0.766 1.337 12.33
296.700 2.700 -10.67 0.814 0.634 10.732
296.700 2.800 -8.787 0.293 -1.138 8.88
296.700 2.900 -8.384 -0.487 -3.037 8.949
296.700 3.000 -7.881 0.004 -3.582 8.676
296.700 3.100 -7.4 0.194 -3.28 8.116
296.700 3.200 -6.996 1.17 -1.92 7.367
296.700 3.300 -6.067 1.481 0.997 6.338
296.700 3.400 -5.794 1.717 3.758 7.124
296.700 3.500 -4.854 2.247 5.864 7.943
296.700 3.600 -4.054 3.259 7.286 8.958
296.700 3.700 -1.876 5.433 6.997 9.063
296.700 3.800 1.986 6.396 5.37 8.595
296.700 3.900 5.576 6.022 3.298 8.862
296.700 4.000 9.502 6.026 1.161 11.334
296.700 4.100 13.989 3.705 0.168 14.498
296.700 4.200 14.314 0.841 0.954 14.395
296.700 4.300 15.221 -1.37 3.468 15.694
296.700 4.400 12.735 -6.217 6.1 15.446
296.700 4.500 7.086 -7.321 8.621 13.359
296.700 4.600 3.244 -6.611 11.113 13.338
296.700 4.700 -0.003 -6.218 13.037 14.448
296.700 4.800 -3.014 -4.933 14.053 15.199
296.700 4.900 -3.501 -3.571 12.748 13.696
296.700 5.000 -3.921 -2.846 10.281 11.371
296.700 5.100 -3.511 -0.915 7.969 8.761
296.700 5.200 -1.787 0.281 5.904 6.178
296.700 5.300 0.17 1.009 4.572 4.685
296.700 5.400 3.156 0.754 4.308 5.4
296.700 5.500 5.534 -2.919 4.096 7.497
296.700 5.600 2.443 -7.511 3.506 8.668
296.700 5.700 -2.821 -8.019 2.674 8.941
296.700 5.800 -6.189 -6.201 2.138 9.048
296.700 5.900 -8.343 -4.343 2.105 9.665
296.700 6.000 -9.397 -1.413 2.433 9.831
296.700 6.100 -8.141 0.385 3.24 8.786
296.700 6.200 -7.333 0.498 4.051 8.406
296.700 6.300 -6.938 0.475 3.808 7.942
296.700 6.400 -7.336 1.064 3.298 8.128
296.700 6.500 -6.476 3.4 3.065 7.94
296.700 6.600 -3.674 4.689 2.938 6.646
296.700 6.700 -1.1 4.913 2.963 5.843
296.700 6.800 1.419 4.896 2.902 5.867
296.700 6.900 3.83 3.483 2.493 5.753
296.700 7.000 3.946 1.487 1.455 4.475
296.700 7.100 3.255 0.939 -0.018 3.405
296.700 7.200 2.134 0.351 -1.128 2.459
296.700 7.300 0.269 1.031 -1.54 1.882
296.700 7.400 -0.306 2.993 -1.404 3.32
296.700 7.500 1.086 4.488 -0.572 4.654
296.700 7.600 3.194 3.988 0.54 5.146
296.700 7.700 3.778 2.341 1.33 4.659
296.700 7.800 3.695 1.032 1.277 4.076
296.700 7.900 2.01 -1.158 -0.191 2.378
296.700 8.000 -2.226 -1.333 -3.332 4.253
296.700 8.100 -4.901 2.003 -7.346 9.067
296.700 8.200 -3.325 5.247 -11.194 12.804
296.700 8.300 -0.289 6.217 -14.499 15.779
296.700 8.400 2.941 6.302 -14.969 16.506
296.700 8.500 7.011 4.615 -12.978 15.459
296.700 8.600 8.491 -0.423 -10.177 13.268
296.700 8.700 5.777 -4.52 -7.028 10.168
296.700 8.800 1.669 -8.169 -4.215 9.356
296.700 8.900 -6.3 -10.886 -2.331 12.811
296.700 9.000 -16.256 -6.557 -0.767 17.565
296.700 9.100 -16.496 3.343 0.469 16.855
296.700 9.200 -10.868 8.096 1.968 13.71
296.700 9.300 -4.349 12.185 4.294 13.648
296.700 9.400 6.538 12.838 7.438 16.234
296.700 9.500 14.953 4.845 9.866 18.583
296.700 9.600 12.222 -3.951 8.726 15.556
296.700 9.700 6.804 -6.769 6.49 11.615
296.700 9.800 1.489 -8.067 4.903 9.587
296.700 9.900 -4.418 -6.664 3.827 8.892
296.700 10.000 -7.079 -2.156 3.398 8.168
296.700 10.100 -5.232 0.188 3.627 6.395
296.700 10.200 -3.842 -0.963 3.59 5.375
296.700 10.300 -4.698 -3.292 2.572 6.311
296.700 10.400 -7.528 -4.863 1.084 9.047
296.700 10.500 -10.486 -5.398 -0.555 11.823
296.700 10.600 -14.933 -5.562 -1.577 16.029
296.700 10.700 -18.167 -1.65 -1.499 18.318
296.700 10.800 -17.013 0.52 -0.808 17.056
296.700 10.900 -17.415 2.491 0.358 17.611
296.700 11.000 -14.166 5.197 1.01 15.138
296.700 11.100 -11.174 5.34 1.032 12.444
296.700 11.200 -8.57 6.257 0.753 10.653
296.700 11.300 -5.371 5.887 0.347 7.991
296.700 11.400 -3.311 4.648 -0.18 5.724
296.700 11.500 -2.142 3.171 -0.84 3.929
296.700 11.600 -1.782 1.503 -1.603 2.836
296.700 11.700 -2.309 -0.01 -2.778 3.617
296.700 11.800 -3.676 -0.504 -4.317 5.696
296.700 11.900 -4.52 0.422 -5.786 7.358
296.700 12.000 -4.842 1.661 -7.009 8.682
296.700 12.100 -4.105 4.513 -7.762 9.877
296.700 12.200 -0.186 6.888 -7.867 10.463
296.700 12.300 4.334 6.749 -7.549 11.02
296.700 12.400 7.781 5.829 -7.253 12.137
296.700 12.500 11.472 3.905 -7.477 14.247
296.700 12.600 12 -0.388 -7.84 14.344
296.700 12.700 9.729 -1.382 -8.346 12.896
296.700 12.800 8.417 -1.202 -8.488 12.017
296.700 12.900 6.051 -0.143 -6.625 8.977
296.700 13.000 5.489 1.767 -3.901 6.968
296.700 13.100 6.32 2.671 -0.564 6.895
296.700 13.200 8.049 1.901 3.202 8.883
296.700 13.300 7.949 -1.539 5.927 10.049
296.700 13.400 4.91 -4.057 7.322 9.72
296.700 13.500 1.434 -5.308 7.721 9.492
296.700 13.600 -2.77 -6.294 6.623 9.559
296.700 13.700 -7.96 -4.562 5.192 10.553
296.700 13.800 -8.764 -0.916 3.25 9.403
296.700 13.900 -8.428 0.399 1.14 8.525
296.700 14.000 -7.268 2.976 -0.047 7.864
296.700 14.100 -3.652 3.39 -0.449 5.014
296.700 14.200 -1.645 1.921 -0.932 2.704
296.700 14.300 -1.136 0.468 -1.541 1.974
296.700 14.400 -1.687 -0.332 -2.303 2.876
296.700 14.500 -2.609 -0.057 -2.497 3.615
296.700 14.600 -3.42 2.023 -2.212 4.554
296.700 14.700 -1.107 6.534 -1.656 6.84
296.700 14.800 6.3 8.252 -0.945 10.435
296.700 14.900 12.315 2.497 -0.502 12.583
296.700 15.000 9.268 -3.653 0.053 9.968
296.800 0.000 1.822 1.39 4.116 4.713
296.800 0.100 2.731 0.944 4.678 5.5
296.800 0.200 2.931 0.422 3.809 4.827
296.800 0.300 3.174 0.647 2.389 4.03
296.800 0.400 3.814 0.993 2.032 4.441
296.800 0.500 5.054 1.117 2.799 5.891
296.800 0.600 6.157 -0.174 3.844 7.265
296.800 0.700 6.091 -1.138 4.886 7.895
296.800 0.800 6.355 -2.166 5.693 8.807
296.800 0.900 4.005 -3.628 6.073 8.132
296.800 1.000 1.079 -2.8 6.177 6.867
296.800 1.100 -0.423 -1.782 5.806 6.088
296.800 1.200 -1.589 -1.602 5.13 5.604
296.800 1.300 -2.502 -1.547 4.221 5.147
296.800 1.400 -2.672 -1.89 2.51 4.129
296.800 1.500 -3.18 -1.768 1.178 3.832
296.800 1.600 -2.652 -0.484 0.79 2.819
296.800 1.700 -1.18 0.58 1.088 1.713
296.800 1.800 0.996 1.564 1.794 2.588
296.800 1.900 4.345 0.826 2.581 5.129
296.800 2.000 5.983 -3.917 2.843 7.703
296.800 2.100 2.135 -8.695 2.389 9.274
296.800 2.200 -3.474 -9.599 1.394 10.311
296.800 2.300 -7.973 -8.65 0.09 11.775
296.800 2.400 -12.629 -6.364 -1.088 14.197
296.800 2.500 -13.962 -0.779 -2.221 14.175
296.800 2.600 -10.76 1.699 -3.72 11.53
296.800 2.700 -8.468 1.774 -4.854 9.941
296.800 2.800 -5.837 1.369 -4.977 7.815
296.800 2.900 -4.047 0.194 -4.95 6.421
296.800 3.000 -3.467 -0.495 -4.438 5.677
296.800 3.100 -3.197 -0.643 -3.441 4.765
296.800 3.200 -3.333 -0.93 -2.026 4.03
296.800 3.300 -4.367 -1.038 -0.121 4.505
296.800 3.400 -5.55 -0.57 1.787 5.87
296.800 3.500 -6.547 0.037 3.922 7.641
296.800 3.600 -7.992 2.077 5.769 10.082
296.800 3.700 -5.774 6.142 6.41 10.602
296.800 3.800 -0.558 7.617 6.204 9.852
296.800 3.900 3.945 7.348 5.736 10.138
296.800 4.000 8.337 6.759 5.272 11.975
296.800 4.100 12.427 3.472 5.407 14.008
296.800 4.200 12.845 -0.535 6.25 14.311
296.800 4.300 12.421 -3.658 7.742 15.1
296.800 4.400 9.258 -7.966 9.311 15.369
296.800 4.500 3.571 -9.046 10.576 14.375
296.800 4.600 -0.741 -7.76 11.24 13.684
296.800 4.700 -4.05 -6.602 10.915 13.391
296.800 4.800 -6.867 -4.394 9.932 12.861
296.800 4.900 -6.701 -2.12 9.092 11.501
296.800 5.000 -6.212 -1.13 8.18 10.343
296.800 5.100 -4.84 0.78 7.086 8.623
296.800 5.200 -2.006 1.619 6.135 6.657
296.800 5.300 0.361 1.321 5.772 5.932
296.800 5.400 2.285 0.475 6.03 6.469
296.800 5.500 3.551 -2.537 6.109 7.52
296.800 5.600 1.053 -6.215 4.954 8.04
296.800 5.700 -3.201 -6.842 3.32 8.281
296.800 5.800 -6.327 -5.689 2.098 8.796
296.800 5.900 -8.932 -4.365 1.601 10.101
296.800 6.000 -10.431 -1.621 1.503 10.689
296.800 6.100 -9.503 -0.044 1.243 9.608
296.800 6.200 -9.152 0.249 1.244 9.262
296.800 6.300 -8.274 0.75 1.458 8.456
296.800 6.400 -7.902 1.127 1.639 8.168
296.800 6.500 -6.864 2.999 2.29 7.845
296.800 6.600 -4.346 4.088 3.49 6.918
296.800 6.700 -2.136 4.421 4.636 6.756
296.800 6.800 0.201 4.789 5.467 7.274
296.800 6.900 2.794 3.953 5.693 7.48
296.800 7.000 3.074 2.534 5.195 6.558
296.800 7.100 3.149 2.416 4.022 5.663
296.800 7.200 2.639 1.405 2.448 3.881
296.800 7.300 0.745 1.598 0.964 2.016
296.800 7.400 0.09 2.723 0.339 2.747
296.800 7.500 0.852 3.408 0.968 3.648
296.800 7.600 2.003 2.868 2.275 4.189
296.800 7.700 1.895 1.81 3.209 4.174
296.800 7.800 1.263 1.637 3.352 3.977
296.800 7.900 0.294 1.641 1.516 2.284
296.800 8.000 -1.383 2.836 -2.576 4.077
296.800 8.100 -1.49 6.083 -7.023 9.411
296.800 8.200 2.25 8.761 -10.804 14.093
296.800 8.300 7.34 7.939 -13.155 17.035
296.800 8.400 10.238 5.162 -13.183 17.483
296.800 8.500 12.452 2.239 -11.523 17.126
296.800 8.600 12.341 -3.167 -9.122 15.682
296.800 8.700 8.36 -6.929 -6.674 12.756
296.800 8.800 3.635 -9.433 -5.544 11.54
296.800 8.900 -3.779 -10.942 -6.054 13.075
296.800 9.000 -12.001 -7.013 -7.298 15.709
296.800 9.100 -13.191 0.735 -5.483 14.314
296.800 9.200 -9.974 4.913 -1.204 11.196
296.800 9.300 -5.734 8.356 3.226 10.652
296.800 9.400 1.106 8.8 7.73 11.788
296.800 9.500 6.087 3.783 10.732 12.934
296.800 9.600 5.604 -1.874 10.495 12.076
296.800 9.700 3.09 -4.6 8.643 10.301
296.800 9.800 -0.521 -6.101 6.253 8.786
296.800 9.900 -4.897 -5.189 3.884 8.153
296.800 10.000 -6.992 -1.902 2.62 7.729
296.800 10.100 -6.126 0.077 2.403 6.604
296.800 10.200 -5.322 -0.102 1.793 5.64
296.800 10.300 -5.521 -1.306 -0.232 5.695
296.800 10.400 -7.203 -2.57 -3.282 8.334
296.800 10.500 -8.835 -3.227 -6.171 11.258
296.800 10.600 -11.552 -4.107 -8.807 15.104
296.800 10.700 -14.097 -2.17 -9.789 17.306
296.800 10.800 -14.048 -0.848 -8.066 16.23
296.800 10.900 -14.84 1.099 -6.27 16.158
296.800 11.000 -13.231 3.787 -4.171 14.391
296.800 11.100 -11.419 4.8 -2.445 12.638
296.800 11.200 -9.163 6.254 -1.865 11.262
296.800 11.300 -6.269 6.082 -1.891 8.949
296.800 11.400 -4.228 5.232 -2.162 7.077
296.800 11.500 -2.444 3.951 -2.922 5.497
296.800 11.600 -1.615 2.412 -3.757 4.752
296.800 11.700 -1.373 1.275 -4.753 5.111
296.800 11.800 -1.805 0.867 -5.983 6.31
296.800 11.900 -1.815 1.681 -7.165 7.582
296.800 12.000 -1.234 2.609 -8.227 8.72
296.800 12.100 -0.063 4.385 -8.43 9.506
296.800 12.200 3.312 5.98 -7.011 9.799
296.800 12.300 7.386 5.617 -5.151 10.621
296.800 12.400 10.12 4.79 -2.936 11.585
296.800 12.500 14.15 3.722 -1.104 14.684
296.800 12.600 14.773 -0.554 -0.463 14.802
296.800 12.700 11.886 -1.19 -0.557 11.968
296.800 12.800 10.683 -1.506 -0.739 10.823
296.800 12.900 8.076 -1.359 -0.994 8.259
296.800 13.000 6.91 -0.416 -0.267 6.938
296.800 13.100 6.003 -0.485 1.953 6.345
296.800 13.200 5.449 -0.887 4.603 7.203
296.800 13.300 4.098 -2.857 6.111 7.909
296.800 13.400 0.791 -4.221 6.075 7.454
296.800 13.500 -2.381 -4.158 4.809 6.803
296.800 13.600 -4.968 -4.05 2.352 6.837
296.800 13.700 -8 -2.45 -0.651 8.4
296.800 13.800 -7.751 0.637 -2.292 8.115
296.800 13.900 -6.098 1.744 -3.151 7.089
296.800 14.000 -4.417 3.033 -3.404 6.355
296.800 14.100 -1.763 3.288 -2.889 4.725
296.800 14.200 0.114 2.099 -2.624 3.368
296.800 14.300 0.66 0.884 -2.622 2.848
296.800 14.400 0.613 0.03 -2.849 2.915
296.800 14.500 -0.453 -0.381 -2.769 2.833
296.800 14.600 -1.99 1.239 -2.127 3.17
296.800 14.700 -0.555 5.169 -0.617 5.246
296.800 14.800 5.474 6.604 1.975 8.814
296.800 14.900 10.237 1.925 4.007 11.17
296.800 15.000 7.747 -3.086 3.323 8.984
296.900 0.000 0.229 0.51 4.258 4.295
296.900 0.100 0.434 0.928 4.746 4.856
296.900 0.200 1.385 1.46 4.455 4.89
296.900 0.300 2.95 1.35 3.968 5.128
296.900 0.400 3.836 0.515 4.155 5.682
296.900 0.500 4.495 0.079 5.145 6.835
296.900 0.600 4.912 -1.498 6.481 8.271
296.900 0.700 3.148 -2.612 7.962 8.952
296.900 0.800 1.52 -2.781 9.105 9.64
296.900 0.900 -0.666 -3.03 8.518 9.066
296.900 1.000 -3.279 -1.978 7.141 8.105
296.900 1.100 -4.169 -0.025 5.002 6.515
296.900 1.200 -3.991 0.163 1.922 4.44
296.900 1.300 -4.113 0.019 -0.437 4.151
296.900 1.400 -3.003 -0.722 -1.458 3.434
296.900 1.500 -2.944 -1.568 -1.481 3.667
296.900 1.600 -2.456 -1.101 -0.533 2.759
296.900 1.700 -1.489 -0.476 1.055 1.891
296.900 1.800 -0.002 0.546 2.504 2.565
296.900 1.900 2.694 0.218 3.488 4.417
296.900 2.000 4.14 -3.458 3.53 6.451
296.900 2.100 0.979 -7.267 1.879 7.576
296.900 2.200 -3.692 -7.869 -0.458 8.715
296.900 2.300 -6.969 -6.759 -2.73 10.1
296.900 2.400 -10.329 -4.729 -5.098 12.469
296.900 2.500 -10.756 0.375 -6.615 12.654
296.900 2.600 -6.423 2.747 -6.96 9.886
296.900 2.700 -3.06 1.825 -7 7.881
296.900 2.800 -1.557 0.51 -5.962 6.21
296.900 2.900 -0.7 -0.621 -4.583 4.705
296.900 3.000 -0.734 -1.621 -3.27 3.747
296.900 3.100 -1.156 -1.943 -1.88 2.961
296.900 3.200 -1.856 -2.366 -0.565 3.073
296.900 3.300 -3.293 -2.473 0.549 4.165
296.900 3.400 -4.86 -2.106 1.622 5.548
296.900 3.500 -6.758 -1.478 2.659 7.421
296.900 3.600 -8.816 0.992 3.476 9.541
296.900 3.700 -7.33 5.207 4.689 10.155
296.900 3.800 -3.124 6.977 6.258 9.893
296.900 3.900 1.043 7.33 7.289 10.404
296.900 4.000 6.063 6.767 7.745 11.954
296.900 4.100 10.62 2.794 8.435 13.861
296.900 4.200 10.366 -1.87 9.606 14.266
296.900 4.300 9.338 -4.961 10.938 15.22
296.900 4.400 5.707 -8.968 11.648 15.775
296.900 4.500 -0.484 -9.584 11.791 15.207
296.900 4.600 -4.6 -7.205 11.266 14.149
296.900 4.700 -6.356 -5.2 9.64 12.674
296.900 4.800 -7.6 -3.147 8.015 11.501
296.900 4.900 -7.074 -1.213 6.727 9.853
296.900 5.000 -6.496 -0.376 5.746 8.697
296.900 5.100 -5.174 1.043 5.721 7.796
296.900 5.200 -2.813 1.489 6.581 7.314
296.900 5.300 -1.062 1.125 7.271 7.434
296.900 5.400 0.247 0.405 7.348 7.365
296.900 5.500 1.03 -1.806 6.783 7.102
296.900 5.600 -0.961 -4.536 5.341 7.091
296.900 5.700 -4.412 -5.062 3.279 7.502
296.900 5.800 -6.872 -4.194 1.085 8.161
296.900 5.900 -9.261 -3.586 -0.879 10.011
296.900 6.000 -10.868 -1.174 -2.011 11.153
296.900 6.100 -9.166 0.069 -2.037 9.427
296.900 6.200 -8.277 -0.126 -1.458 8.44
296.900 6.300 -7.559 0.079 -0.527 7.609
296.900 6.400 -7.226 0.299 0.707 7.292
296.900 6.500 -6.636 1.552 2.306 7.213
296.900 6.600 -5.276 2.433 4.236 7.201
296.900 6.700 -4.196 2.892 6.22 8.05
296.900 6.800 -3.157 3.446 8.231 9.474
296.900 6.900 -1.927 3.665 9.778 10.63
296.900 7.000 -1.545 3.602 9.204 10.016
296.900 7.100 -1.16 3.883 7.662 8.68
296.900 7.200 -0.626 3.725 5.43 6.626
296.900 7.300 -0.292 3.475 2.566 4.336
296.900 7.400 0.104 2.97 1.084 3.166
296.900 7.500 0.261 2.284 1.496 2.752
296.900 7.600 0.079 1.55 2.83 3.253
296.900 7.700 -0.848 1.124 3.945 4.229
296.900 7.800 -2.347 2.156 4.218 5.327
296.900 7.900 -2.52 4.985 2.32 6.07
296.900 8.000 -0.786 7.609 -2.063 7.925
296.900 8.100 2.122 10.195 -6.707 12.392
296.900 8.200 7.736 11.691 -10.044 17.277
296.900 8.300 14.143 8.854 -11.981 20.619
296.900 8.400 16.555 3.566 -10.926 20.231
296.900 8.500 17.647 -0.03 -7.956 19.407
296.900 8.600 16.361 -5.581 -5.44 18.149
296.900 8.700 10.7 -8.292 -4.129 14.169
296.900 8.800 5.912 -9.064 -4.285 11.65
296.900 8.900 0.474 -9.122 -5.934 10.899
296.900 9.000 -4.518 -6.485 -7.608 10.975
296.900 9.100 -7.021 -2.696 -6.524 9.963
296.900 9.200 -8.25 0.273 -2.735 8.707
296.900 9.300 -7.391 3.829 1.826 8.54
296.900 9.400 -3.364 4.773 6.327 8.635
296.900 9.500 -0.486 2.244 9.457 9.764
296.900 9.600 -0.727 -0.901 9.678 9.782
296.900 9.700 -2.49 -2.687 8.274 9.084
296.900 9.800 -4.323 -3.392 5.877 8.079
296.900 9.900 -6.582 -3.219 3.397 8.103
296.900 10.000 -8.004 -1.122 2.017 8.353
296.900 10.100 -7.447 0.436 1.488 7.628
296.900 10.200 -6.818 1.408 0.627 7.009
296.900 10.300 -5.421 1.891 -2.116 6.13
296.900 10.400 -4.149 0.941 -5.98 7.343
296.900 10.500 -3.737 -0.472 -9.188 9.932
296.900 10.600 -3.995 -1.79 -11.663 12.459
296.900 10.700 -5.263 -2.959 -12.49 13.875
296.900 10.800 -8.163 -3.135 -10.739 13.853
296.900 10.900 -11.002 -0.837 -8.643 14.022
296.900 11.000 -11.158 1.939 -7.087 13.368
296.900 11.100 -11.252 3.638 -5.968 13.255
296.900 11.200 -9.414 6.188 -5.486 12.539
296.900 11.300 -6.103 6.183 -5.488 10.284
296.900 11.400 -3.873 5.583 -5.559 8.785
296.900 11.500 -1.321 4.553 -5.663 7.39
296.900 11.600 0.273 3.005 -5.933 6.659
296.900 11.700 1.068 2.043 -6.137 6.558
296.900 11.800 1.629 1.868 -6.708 7.152
296.900 11.900 2.338 2.37 -7.166 7.903
296.900 12.000 3.796 3.192 -7.393 8.907
296.900 12.100 5.423 3.174 -6.873 9.317
296.900 12.200 6.484 3.366 -4.231 8.45
296.900 12.300 8.375 2.888 -0.823 8.91
296.900 12.400 8.75 1.783 2.507 9.292
296.900 12.500 9.51 1.5 5.915 11.318
296.900 12.600 9.505 -0.056 6.861 11.742
296.900 12.700 8.316 -0.295 5.238 9.85
296.900 12.800 7.781 -0.751 3.895 8.75
296.900 12.900 6.661 -1.09 3.176 7.474
296.900 13.000 6.088 -1.427 3.446 7.154
296.900 13.100 4.204 -2.498 4.484 6.651
296.900 13.200 1.875 -2.586 5.907 6.733
296.900 13.300 -0.016 -2.77 6.159 6.77
296.900 13.400 -2.31 -2.925 4.712 6.022
296.900 13.500 -4.183 -1.927 2.557 5.28
296.900 13.600 -4.51 -0.98 -0.39 4.64
296.900 13.700 -4.749 -0.094 -3.148 5.703
296.900 13.800 -3.984 1.362 -4.509 6.173
296.900 13.900 -2.641 1.978 -4.76 5.796
296.900 14.000 -1.294 2.474 -4.288 5.121
296.900 14.100 0.495 2.583 -3.269 4.202
296.900 14.200 1.937 1.789 -2.49 3.632
296.900 14.300 2.305 0.939 -2.316 3.404
296.900 14.400 2.381 0.131 -2.46 3.429
296.900 14.500 1.385 -0.659 -2.381 2.833
296.900 14.600 -0.132 0.344 -1.833 1.872
296.900 14.700 0.237 2.822 -0.191 2.849
296.900 14.800 2.966 3.633 2.677 5.413
296.900 14.900 5.042 1.226 4.679 6.998
296.900 15.000 4.264 -1.535 4.163 6.164
297.000 0.000 -0.961 -0.201 4.372 4.481
297.000 0.100 -1.017 0.763 4.86 5.025
297.000 0.200 0.049 1.738 4.841 5.145
297.000 0.300 1.685 1.292 4.761 5.214
297.000 0.400 2.175 -0.394 5.389 5.827
297.000 0.500 1.567 -1.576 7.056 7.398
297.000 0.600 0.502 -2.672 8.626 9.045
297.000 0.700 -1.95 -3.398 8.903 9.727
297.000 0.800 -4.785 -2.611 8.581 10.167
297.000 0.900 -6.098 -1.236 6.996 9.366
297.000 1.000 -7.606 0.151 4.462 8.827
297.000 1.100 -6.739 3.375 1.365 7.671
297.000 1.200 -2.79 3.704 -2.319 5.206
297.000 1.300 -0.299 1.586 -4.996 5.277
297.000 1.400 0.535 -0.751 -5.293 5.399
297.000 1.500 0.208 -2.55 -4.503 5.203
297.000 1.600 -0.792 -3.392 -2.194 4.134
297.000 1.700 -2.063 -2.72 0.899 3.538
297.000 1.800 -1.908 -0.702 2.859 3.511
297.000 1.900 0.026 -0.277 3.437 3.448
297.000 2.000 1.17 -2.376 2.978 3.987
297.000 2.100 0.1 -4.692 0.994 4.804
297.000 2.200 -1.979 -5.296 -1.668 5.909
297.000 2.300 -3.72 -4.488 -3.91 7.038
297.000 2.400 -4.964 -2.506 -5.972 8.183
297.000 2.500 -4.393 0.752 -7.147 8.449
297.000 2.600 -1.353 2.452 -6.903 7.478
297.000 2.700 1.438 1.041 -6.167 6.446
297.000 2.800 1.808 -0.937 -4.949 5.378
297.000 2.900 1.576 -2.103 -3.453 4.362
297.000 3.000 0.668 -3.134 -1.826 3.706
297.000 3.100 -0.6 -3.326 -0.302 3.404
297.000 3.200 -1.842 -3.431 0.82 3.987
297.000 3.300 -3.496 -3.337 1.619 5.104
297.000 3.400 -5.21 -2.84 2.174 6.328
297.000 3.500 -7.126 -2.1 2.509 7.853
297.000 3.600 -9.154 0.177 3.045 9.662
297.000 3.700 -8.312 3.802 3.953 9.975
297.000 3.800 -5.587 5.342 5.35 9.417
297.000 3.900 -2.47 6.183 6.983 9.664
297.000 4.000 2.153 5.461 8.758 10.557
297.000 4.100 5.678 1.559 10.651 12.178
297.000 4.200 5.262 -2.942 11.654 13.125
297.000 4.300 3.311 -5.891 12.52 14.228
297.000 4.400 0.046 -8.507 12.31 14.965
297.000 4.500 -5.006 -8.889 11.002 15.01
297.000 4.600 -8.273 -5.72 9.585 13.906
297.000 4.700 -7.946 -3.327 7.877 11.689
297.000 4.800 -7.764 -1.766 6.294 10.171
297.000 4.900 -6.28 -0.199 5.478 8.356
297.000 5.000 -4.705 0.05 5.082 6.941
297.000 5.100 -4.097 -0.002 5.669 7.005
297.000 5.200 -4.03 0.191 7.128 8.198
297.000 5.300 -3.773 0.626 8.132 8.992
297.000 5.400 -2.925 0.562 8.357 8.875
297.000 5.500 -2.364 -0.652 7.817 8.198
297.000 5.600 -3.529 -2.209 5.64 7.024
297.000 5.700 -5.556 -2.392 2.615 6.62
297.000 5.800 -6.503 -1.495 -0.497 6.735
297.000 5.900 -6.789 -1.211 -3.588 7.829
297.000 6.000 -6.927 -0.602 -5.466 8.9
297.000 6.100 -6.248 -0.705 -5.248 8.246
297.000 6.200 -6.385 -1.289 -4.122 7.761
297.000 6.300 -6.189 -1.421 -2.36 6.82
297.000 6.400 -6.545 -1.557 -0.176 6.769
297.000 6.500 -6.978 -0.61 2.246 7.383
297.000 6.600 -7.019 0.168 4.861 8.561
297.000 6.700 -7.509 0.895 7.05 10.356
297.000 6.800 -8.613 1.43 8.659 12.315
297.000 6.900 -10.228 3.111 9.807 14.524
297.000 7.000 -9.001 5.384 8.717 13.651
297.000 7.100 -7.316 5.723 6.664 11.444
297.000 7.200 -5.223 6.6 4.393 9.502
297.000 7.300 -1.746 5.855 1.895 6.399
297.000 7.400 0.214 3.417 0.68 3.491
297.000 7.500 0.004 1.236 1.137 1.691
297.000 7.600 -1.201 0.152 2.489 2.81
297.000 7.700 -3.032 0.186 3.887 4.984
297.000 7.800 -5.183 2.62 4.445 7.356
297.000 7.900 -4.471 8.034 2.971 9.681
297.000 8.000 0.442 12.227 -0.672 12.265
297.000 8.100 6.596 13.854 -4.622 16.057
297.000 8.200 13.732 14.025 -7.035 20.942
297.000 8.300 22.092 9.187 -7.935 25.412
297.000 8.400 22.64 0.495 -6.222 23.682
297.000 8.500 19.604 -3.4 -2.866 20.23
297.000 8.600 16.405 -7.107 -0.43 17.959
297.000 8.700 11.344 -8.173 -0.014 14.015
297.000 8.800 7.599 -7.655 -1.263 10.874
297.000 8.900 3.654 -6.928 -3.502 8.586
297.000 9.000 0.358 -5.468 -5.779 7.967
297.000 9.100 -2.492 -4.488 -6.113 7.987
297.000 9.200 -5.747 -3.167 -4.294 7.851
297.000 9.300 -7.491 -0.63 -0.911 7.588
297.000 9.400 -7.312 0.298 3.738 8.243
297.000 9.500 -7.478 0.606 7.16 10.4
297.000 9.600 -6.772 0.399 6.777 9.618
297.000 9.700 -7.044 -0.706 4.699 8.526
297.000 9.800 -7.256 -0.973 2.637 7.808
297.000 9.900 -7.808 -1.406 0.829 7.998
297.000 10.000 -8.747 -0.409 -0.309 8.781
297.000 10.100 -9.13 0.606 -0.618 9.189
297.000 10.200 -9.397 2.993 -1.243 9.956
297.000 10.300 -5.776 5.389 -3.723 8.742
297.000 10.400 -1.343 4.309 -6.853 8.207
297.000 10.500 0.854 1.86 -9.271 9.494
297.000 10.600 1.858 -0.292 -10.771 10.935
297.000 10.700 1.04 -3.402 -11.17 11.724
297.000 10.800 -3.289 -4.641 -10.577 12.013
297.000 10.900 -7.292 -2.097 -9.811 12.406
297.000 11.000 -8.124 1.174 -9.245 12.367
297.000 11.100 -8.09 3.376 -9.281 12.771
297.000 11.200 -6.335 5.827 -9.152 12.569
297.000 11.300 -3.108 6.077 -8.75 11.101
297.000 11.400 -0.611 5.189 -8.231 9.752
297.000 11.500 1.725 4.19 -7.218 8.526
297.000 11.600 3.696 2.653 -6.28 7.758
297.000 11.700 4.279 1.684 -5.116 6.883
297.000 11.800 5.321 2.018 -4.328 7.156
297.000 11.900 6.146 2.112 -3.828 7.551
297.000 12.000 7.282 2.92 -3.231 8.495
297.000 12.100 8.67 1.671 -2.363 9.151
297.000 12.200 7.426 0.469 -0.684 7.485
297.000 12.300 6.478 -0.227 1.829 6.752
297.000 12.400 4.705 -1.386 4.615 6.756
297.000 12.500 2.285 -1.009 7.329 7.767
297.000 12.600 1.819 0.763 8.179 8.439
297.000 12.700 3.465 1.395 7.017 7.972
297.000 12.800 4.542 0.339 5.736 7.345
297.000 12.900 3.929 -0.799 4.867 6.326
297.000 13.000 2.93 -1.829 4.676 5.832
297.000 13.100 0.807 -3.177 4.728 5.769
297.000 13.200 -2.503 -3.192 4.917 6.391
297.000 13.300 -4.281 -1.478 4.154 6.162
297.000 13.400 -4.609 -0.79 1.937 5.074
297.000 13.500 -4.983 0.542 -0.498 5.047
297.000 13.600 -3.202 1.655 -2.753 4.542
297.000 13.700 -1.644 1.62 -4.588 5.139
297.000 13.800 -0.323 1.807 -5.263 5.578
297.000 13.900 1.048 1.728 -5.118 5.506
297.000 14.000 1.873 1.344 -4.187 4.783
297.000 14.100 2.368 1.324 -2.582 3.751
297.000 14.200 2.983 1.207 -1.461 3.541
297.000 14.300 3.463 1.045 -1.142 3.801
297.000 14.400 4.161 0.304 -1.375 4.399
297.000 14.500 3.145 -1.024 -1.296 3.557
297.000 14.600 1.309 -0.547 -0.725 1.597
297.000 14.700 0.744 0.795 0.514 1.217
297.000 14.800 1.301 1.331 2.431 3.075
297.000 14.900 1.886 0.59 3.76 4.26
297.000 15.000 1.747 -0.484 3.524 3.974
297.100 0.000 -2.296 -1.024 4.741 5.367
297.100 0.100 -2.789 0.515 5.391 6.094
297.100 0.200 -1.511 2.061 5.213 5.808
297.100 0.300 0.517 1.304 4.771 4.975
297.100 0.400 0.439 -1.512 5.04 5.279
297.100 0.500 -2.306 -3.41 6.255 7.488
297.100 0.600 -5.139 -3.23 7.247 9.456
297.100 0.700 -6.835 -2.796 6.899 10.109
297.100 0.800 -8.879 -1.325 5.778 10.681
297.100 0.900 -8.995 1.198 3.735 9.822
297.100 1.000 -8.367 3.205 0.879 9.016
297.100 1.100 -5.473 6.453 -1.995 8.712
297.100 1.200 0.77 6.722 -4.568 8.186
297.100 1.300 5.341 2.608 -6.133 8.565
297.100 1.400 5.684 -1.347 -5.884 8.313
297.100 1.500 5.119 -4.141 -4.677 8.096
297.100 1.600 1.84 -6.595 -2.247 7.221
297.100 1.700 -2.895 -5.467 0.53 6.218
297.100 1.800 -4.203 -1.584 2.049 4.944
297.100 1.900 -1.906 -0.106 2.155 2.882
297.100 2.000 -0.277 -1.26 1.526 1.999
297.100 2.100 0.03 -2.652 0.353 2.684
297.100 2.200 -0.275 -3.238 -1.125 3.454
297.100 2.300 -1.038 -2.822 -2.486 3.921
297.100 2.400 -1.363 -1.041 -3.662 4.07
297.100 2.500 -0.274 1.218 -4.533 4.731
297.100 2.600 2.392 2.233 -5.002 6.005
297.100 2.700 4.738 0.087 -4.774 6.751
297.100 2.800 4.159 -2.567 -3.225 5.876
297.100 2.900 2.974 -3.765 -1.282 4.981
297.100 3.000 1.035 -4.742 0.329 4.874
297.100 3.100 -1.232 -4.541 1.601 4.976
297.100 3.200 -2.984 -4.094 2.284 5.563
297.100 3.300 -4.899 -3.737 2.386 6.615
297.100 3.400 -6.785 -2.918 2.313 7.749
297.100 3.500 -8.16 -2.017 1.869 8.623
297.100 3.600 -9.817 -0.244 1.611 9.967
297.100 3.700 -9.077 2.797 2.197 9.769
297.100 3.800 -6.782 3.896 3.389 8.544
297.100 3.900 -4.459 4.344 4.992 7.999
297.100 4.000 -1.378 3.281 7.096 7.951
297.100 4.100 0.517 0.071 8.945 8.966
297.100 4.200 0.056 -3.672 9.913 10.572
297.100 4.300 -2.194 -6.267 10.359 12.306
297.100 4.400 -4.572 -7.454 10.08 13.349
297.100 4.500 -7.298 -7.385 9.052 13.786
297.100 4.600 -8.913 -4.472 8.012 12.811
297.100 4.700 -7.583 -1.897 7.092 10.575
297.100 4.800 -6.063 -0.922 6.207 8.746
297.100 4.900 -4.938 -0.269 6.359 8.071
297.100 5.000 -3.887 -0.22 6.953 7.979
297.100 5.100 -4.282 -0.99 7.477 8.684
297.100 5.200 -6.015 -0.816 8.032 10.083
297.100 5.300 -7.041 0.331 8.208 10.833
297.100 5.400 -7.185 0.702 7.841 10.673
297.100 5.500 -7.653 0.821 6.889 10.346
297.100 5.600 -7.198 0.923 4.195 8.404
297.100 5.700 -7.177 0.733 0.955 7.314
297.100 5.800 -6.13 1.774 -2.155 6.785
297.100 5.900 -3.705 1.483 -5.032 6.488
297.100 6.000 -2.152 0.216 -6.637 7.055
297.100 6.100 -1.453 -1.163 -6.85 7.174
297.100 6.200 -1.573 -2.783 -6.108 6.971
297.100 6.300 -2.871 -4.11 -3.512 6.192
297.100 6.400 -5.055 -4.176 -0.334 6.621
297.100 6.500 -7.219 -3.289 2.325 8.307
297.100 6.600 -9.758 -2.322 4.743 11.127
297.100 6.700 -12.118 -0.208 6.125 13.607
297.100 6.800 -13.358 1.195 5.559 14.543
297.100 6.900 -15.441 3.575 4.362 16.462
297.100 7.000 -13.295 7.077 3.25 15.424
297.100 7.100 -10.118 7.575 1.863 12.789
297.100 7.200 -6.753 8.504 0.436 10.875
297.100 7.300 -1.879 7.239 -0.637 7.507
297.100 7.400 0.837 3.366 -0.864 3.576
297.100 7.500 0.276 -0.029 0.269 0.428
297.100 7.600 -1.812 -1.504 2.047 3.183
297.100 7.700 -4.886 -1.343 3.935 6.477
297.100 7.800 -8.464 2.336 5.484 10.401
297.100 7.900 -7.332 10.401 4.932 13.669
297.100 8.000 0.419 15.872 2.125 16.036
297.100 8.100 9.156 16.576 -0.54 18.993
297.100 8.200 17.215 15.188 -2.241 23.178
297.100 8.300 25.286 8.424 -2.325 26.986
297.100 8.400 24.888 -2.056 -0.313 25.232
297.100 8.500 20.362 -6.205 2.781 21.686
297.100 8.600 15.792 -8.745 5.155 18.921
297.100 8.700 9.984 -7.883 6.05 14.147
297.100 8.800 7.048 -5.432 4.726 10.095
297.100 8.900 4.995 -3.475 0.871 6.155
297.100 9.000 4.256 -2.974 -3.523 6.277
297.100 9.100 1.785 -4.701 -5.528 7.479
297.100 9.200 -2.73 -5.025 -5.144 7.702
297.100 9.300 -6.315 -3.871 -3.5 8.206
297.100 9.400 -9.592 -3.478 -1.06 10.277
297.100 9.500 -12.872 -0.723 0.93 12.946
297.100 9.600 -10.518 1.903 1.042 10.759
297.100 9.700 -8.319 1.127 -0.053 8.413
297.100 9.800 -7.595 0.448 -1.265 7.729
297.100 9.900 -7.961 -0.278 -2.213 8.283
297.100 10.000 -8.795 0.39 -3.08 9.34
297.100 10.100 -9.249 1.283 -4.164 10.235
297.100 10.200 -9.467 4.303 -5.364 11.711
297.100 10.300 -4.785 7.537 -6.47 11.03
297.100 10.400 1.075 6.367 -7.834 10.155
297.100 10.500 4.256 3.275 -8.932 10.424
297.100 10.600 5.861 0.439 -9.648 11.3
297.100 10.700 5.101 -3.624 -9.812 11.641
297.100 10.800 0.297 -5.262 -9.18 10.589
297.100 10.900 -3.966 -2.381 -8.87 10.005
297.100 11.000 -4.783 1.388 -9.355 10.601
297.100 11.100 -4.115 3.744 -10.121 11.553
297.100 11.200 -2.115 5.59 -10.394 11.992
297.100 11.300 1.086 5.573 -9.989 11.492
297.100 11.400 3.482 3.928 -8.813 10.261
297.100 11.500 4.83 2.508 -6.696 8.633
297.100 11.600 6.047 0.927 -4.224 7.442
297.100 11.700 5.526 -0.109 -1.794 5.822
297.100 11.800 5.437 0.813 0.477 5.535
297.100 11.900 5.922 1.724 1.454 6.357
297.100 12.000 7.019 2.581 1.254 7.601
297.100 12.100 8.077 1.031 1.195 8.246
297.100 12.200 6.73 -0.849 1.618 6.99
297.100 12.300 4.957 -2.188 2.659 6.054
297.100 12.400 1.846 -3.624 4.224 5.885
297.100 12.500 -2.086 -2.612 5.768 6.689
297.100 12.600 -2.976 0.825 6.493 7.214
297.100 12.700 -0.759 2.22 6.344 6.789
297.100 12.800 0.879 1.421 5.602 5.87
297.100 12.900 1.21 0.081 4.364 4.552
297.100 13.000 0.552 -1.412 3.358 3.704
297.100 13.100 -1.293 -2.823 2.624 4.08
297.100 13.200 -4.372 -2.613 1.729 5.391
297.100 13.300 -5.471 0.07 0.52 5.509
297.100 13.400 -4.02 1.493 -1.183 4.458
297.100 13.500 -2.576 2.414 -3.019 4.652
297.100 13.600 -0.054 3.138 -4.128 5.192
297.100 13.700 2.574 2.414 -4.882 6.029
297.100 13.800 3.754 1.378 -4.382 5.938
297.100 13.900 4.895 1.047 -3.259 5.98
297.100 14.000 5.055 -0.236 -1.938 5.425
297.100 14.100 3.734 -0.143 -0.315 3.758
297.100 14.200 3.481 0.485 0.709 3.596
297.100 14.300 3.612 0.903 1.157 3.911
297.100 14.400 4.463 0.46 1.264 4.672
297.100 14.500 3.565 -1.002 0.888 3.817
297.100 14.600 1.707 -0.962 0.535 2.039
297.100 14.700 0.651 -0.433 0.938 1.232
297.100 14.800 -0.046 -0.165 2.064 2.085
297.100 14.900 -0.43 0.173 2.946 2.996
297.100 15.000 -0.069 0.272 2.65 2.678
297.200 0.000 -4.089 -2.08 5.136 6.889
297.200 0.100 -5.188 0.316 5.915 7.878
297.200 0.200 -3.609 2.781 5.357 7.036
297.200 0.300 -1.059 1.847 4.198 4.711
297.200 0.400 -1.178 -1.73 3.542 4.115
297.200 0.500 -4.624 -4.071 3.457 7.069
297.200 0.600 -8.164 -3.306 3.362 9.435
297.200 0.700 -10.104 -2.275 3.012 10.794
297.200 0.800 -12.432 0.082 2.251 12.645
297.200 0.900 -11.021 3.842 0.129 11.686
297.200 1.000 -8.435 5.747 -2.272 10.475
297.200 1.100 -3.947 8.796 -4.161 10.522
297.200 1.200 4.023 8.36 -5.642 10.882
297.200 1.300 9.319 2.621 -5.885 11.351
297.200 1.400 9.151 -2.722 -4.42 10.539
297.200 1.500 7.517 -6.058 -2.207 9.918
297.200 1.600 2.943 -8.701 -0.505 9.21
297.200 1.700 -2.914 -6.974 0.628 7.593
297.200 1.800 -4.704 -2.071 1.141 5.274
297.200 1.900 -2.286 0.272 0.92 2.489
297.200 2.000 -0.178 -0.63 0.41 0.777
297.200 2.100 0.327 -1.945 0.225 1.994
297.200 2.200 0.183 -2.394 0.067 2.412
297.200 2.300 -0.268 -1.941 -0.358 2.006
297.200 2.400 -0.319 -0.279 -0.857 0.983
297.200 2.500 1.153 1.904 -1.392 2.651
297.200 2.600 4.745 2.682 -1.905 5.795
297.200 2.700 7.738 -0.717 -1.774 7.988
297.200 2.800 5.488 -4.512 -0.586 7.141
297.200 2.900 2.349 -5.495 1.009 6.069
297.200 3.000 -0.515 -5.892 2.135 6.294
297.200 3.100 -3.584 -5.352 2.862 7.054
297.200 3.200 -5.658 -3.9 2.829 7.438
297.200 3.300 -6.881 -3.181 1.804 7.802
297.200 3.400 -8.356 -2.374 0.828 8.739
297.200 3.500 -8.958 -1.545 0.295 9.112
297.200 3.600 -9.875 -0.36 0.303 9.905
297.200 3.700 -9.167 1.909 0.792 9.419
297.200 3.800 -7.284 2.58 1.798 7.958
297.200 3.900 -5.54 2.604 3.249 6.952
297.200 4.000 -3.482 1.441 4.824 6.137
297.200 4.100 -2.405 -1.156 6.165 6.724
297.200 4.200 -2.86 -4.167 6.865 8.528
297.200 4.300 -4.679 -6.408 7.114 10.662
297.200 4.400 -6.653 -7.341 7.444 12.404
297.200 4.500 -8.951 -7.12 7.962 13.954
297.200 4.600 -10.11 -4.151 8.455 13.844
297.200 4.700 -8.046 -1.418 8.786 12.019
297.200 4.800 -5.854 -0.832 9.057 10.83
297.200 4.900 -5.673 -0.846 9.318 10.955
297.200 5.000 -6.168 -0.6 9.486 11.347
297.200 5.100 -7.284 -0.912 9.029 11.658
297.200 5.200 -9.66 -0.721 8.32 12.797
297.200 5.300 -11.193 1.302 7.199 13.4
297.200 5.400 -10.815 2.212 4.825 12.078
297.200 5.500 -11.02 2.941 2.265 11.666
297.200 5.600 -8.829 3.996 -0.256 9.738
297.200 5.700 -6.731 3.625 -2.964 8.256
297.200 5.800 -4.047 4.24 -5.123 7.851
297.200 5.900 0.037 3.233 -6.543 7.375
297.200 6.000 2.671 0.484 -6.925 7.521
297.200 6.100 3.845 -1.76 -5.816 7.275
297.200 6.200 4.481 -4.598 -4.109 7.703
297.200 6.300 0.847 -7.496 -1.294 7.73
297.200 6.400 -4.262 -6.832 1.469 8.247
297.200 6.500 -8.043 -4.983 2.854 9.931
297.200 6.600 -12.069 -3.342 2.898 12.897
297.200 6.700 -15.307 0.226 2.056 15.481
297.200 6.800 -15.195 2.658 0.795 15.477
297.200 6.900 -15.705 4.947 -0.575 16.503
297.200 7.000 -13.308 8.062 -1.878 15.692
297.200 7.100 -10.032 8.533 -2.656 13.45
297.200 7.200 -6.106 9.327 -3.037 11.564
297.200 7.300 -0.253 7.635 -3.19 8.283
297.200 7.400 2.993 2.371 -2.395 4.525
297.200 7.500 1.17 -2.05 -0.304 2.449
297.200 7.600 -2.254 -3.463 1.945 4.637
297.200 7.700 -6.619 -3.044 3.618 8.197
297.200 7.800 -11.977 1.478 4.511 12.931
297.200 7.900 -10.865 11.777 4.495 16.655
297.200 8.000 -0.78 17.911 3.732 18.317
297.200 8.100 9.564 18.035 2.96 20.654
297.200 8.200 19.368 16.131 2.706 25.403
297.200 8.300 29.553 7.537 2.825 30.73
297.200 8.400 26.666 -6.077 5.875 28.129
297.200 8.500 17.278 -9.835 10.487 22.679
297.200 8.600 10.298 -9.977 12.758 19.332
297.200 8.700 3.764 -7.472 12.369 14.976
297.200 8.800 0.759 -2.364 10.429 10.736
297.200 8.900 2.584 1.846 5.576 6.429
297.200 9.000 6.397 1.265 0.252 6.527
297.200 9.100 5.414 -2.971 -3.667 7.193
297.200 9.200 0.707 -4.803 -6.19 7.878
297.200 9.300 -3.324 -4.942 -6.917 9.138
297.200 9.400 -7.169 -4.808 -6.246 10.669
297.200 9.500 -10.541 -1.671 -5.581 12.055
297.200 9.600 -9.307 1.59 -4.589 10.508
297.200 9.700 -7.63 1.758 -4.295 8.94
297.200 9.800 -6.633 1.481 -4.987 8.439
297.200 9.900 -6.713 0.659 -6.16 9.142
297.200 10.000 -7.372 1.209 -7.073 10.294
297.200 10.100 -7.251 2.097 -7.364 10.552
297.200 10.200 -6.761 5.001 -7.523 11.288
297.200 10.300 -2.048 8.223 -7.758 11.493
297.200 10.400 4.42 7.074 -7.946 11.525
297.200 10.500 7.675 3.333 -7.57 11.29
297.200 10.600 9.313 0.585 -6.882 11.603
297.200 10.700 8.705 -3.992 -6.531 11.6
297.200 10.800 2.683 -5.549 -6.618 9.05
297.200 10.900 -1.954 -1.814 -7.393 7.861
297.200 11.000 -1.872 2.655 -8.857 9.435
297.200 11.100 0.124 4.701 -10.578 11.578
297.200 11.200 2.65 5.432 -11.102 12.643
297.200 11.300 5.707 4.613 -10.328 12.674
297.200 11.400 7.515 1.91 -8.605 11.588
297.200 11.500 7.33 -0.295 -5.679 9.283
297.200 11.600 6.726 -1.932 -2.456 7.427
297.200 11.700 4.514 -2.939 0.799 5.462
297.200 11.800 2.214 -1.317 3.747 4.576
297.200 11.900 2.322 1.66 5.027 5.811
297.200 12.000 5.066 3.235 4.657 7.63
297.200 12.100 7.19 1.324 3.889 8.303
297.200 12.200 5.828 -0.96 3.121 6.701
297.200 12.300 3.834 -2.848 2.663 5.487
297.200 12.400 0.07 -4.89 3.107 5.811
297.200 12.500 -5.028 -3.729 4.266 7.594
297.200 12.600 -6.334 0.791 4.718 7.959
297.200 12.700 -3.818 2.689 4.216 6.314
297.200 12.800 -1.851 2.406 3.535 4.684
297.200 12.900 -0.352 1.351 2.439 2.834
297.200 13.000 -0.036 -0.461 1.253 1.356
297.200 13.100 -1.445 -2.069 0.413 2.567
297.200 13.200 -3.968 -1.636 -0.284 4.311
297.200 13.300 -4.42 1.269 -1.227 4.77
297.200 13.400 -2.094 2.977 -2.385 4.36
297.200 13.500 0.359 3.268 -3.11 4.534
297.200 13.600 2.995 3.413 -2.938 5.417
297.200 13.700 6.075 2.078 -2.185 6.79
297.200 13.800 6.142 -0.165 -0.768 6.2
297.200 13.900 5.544 -0.474 1.186 5.7
297.200 14.000 4.696 -1.428 2.521 5.53
297.200 14.100 2.565 -1.096 3.033 4.134
297.200 14.200 1.696 0.095 3.39 3.808
297.200 14.300 1.777 0.881 3.173 3.758
297.200 14.400 2.316 0.698 2.833 3.74
297.200 14.500 2.122 -0.176 2.085 2.992
297.200 14.600 1.376 -0.541 1.166 1.894
297.200 14.700 0.487 -0.825 0.789 1.249
297.200 14.800 -0.999 -0.972 0.961 1.701
297.200 14.900 -2.18 -0.017 1.205 2.502
297.200 15.000 -1.245 0.785 1.12 1.862
297.300 0.000 -6.782 -3.589 5.112 9.223
297.300 0.100 -9.346 0.215 6.215 11.231
297.300 0.200 -6.692 4.566 4.845 9.448
297.300 0.300 -2.232 3.47 2.394 4.779
297.300 0.400 -1.711 -1.142 0.892 2.248
297.300 0.500 -5.548 -3.906 0.44 6.808
297.300 0.600 -9.269 -2.523 -0.243 9.621
297.300 0.700 -10.622 -0.881 -2.281 10.915
297.300 0.800 -12.335 1.696 -4.658 13.312
297.300 0.900 -9.605 5.722 -5.923 12.673
297.300 1.000 -5.368 7.236 -6.772 11.296
297.300 1.100 -0.003 9.404 -6.78 11.618
297.300 1.200 8.788 8.64 -5.909 13.69
297.300 1.300 14.657 1.289 -4.779 15.488
297.300 1.400 11.938 -5.255 -2.336 13.266
297.300 1.500 7.93 -7.955 -0.352 11.249
297.300 1.600 2.507 -9.799 0.741 10.152
297.300 1.700 -3.907 -7.614 1.336 8.671
297.300 1.800 -5.649 -1.762 1.218 6.053
297.300 1.900 -2.084 0.955 0.481 2.356
297.300 2.000 0.754 -0.486 0.17 0.924
297.300 2.100 0.741 -2.252 0.572 2.446
297.300 2.200 -0.023 -2.489 1.104 2.729
297.300 2.300 -0.632 -1.746 1.324 2.284
297.300 2.400 -0.749 -0.014 1.296 1.5
297.300 2.500 0.85 2.314 1.098 2.711
297.300 2.600 4.685 2.715 0.923 5.507
297.300 2.700 7.306 -1.259 1.172 7.518
297.300 2.800 4.813 -5.514 1.742 7.532
297.300 2.900 0.899 -6.466 2.439 6.974
297.300 3.000 -2.52 -6.303 2.64 7.289
297.300 3.100 -6.154 -5.349 2.207 8.456
297.300 3.200 -8.23 -2.904 1.241 8.827
297.300 3.300 -8.223 -1.867 -0.053 8.448
297.300 3.400 -8.77 -1.453 -1.23 8.992
297.300 3.500 -9.123 -1.212 -2.108 9.462
297.300 3.600 -10.271 -0.68 -2.341 10.579
297.300 3.700 -9.568 1.139 -1.687 9.809
297.300 3.800 -7.777 1.27 -0.394 7.918
297.300 3.900 -6.5 1.13 1.069 6.711
297.300 4.000 -4.926 0.051 2.454 5.527
297.300 4.100 -4.234 -2.068 3.524 5.898
297.300 4.200 -4.453 -4.564 4.082 7.581
297.300 4.300 -5.845 -6.848 4.597 10.123
297.300 4.400 -7.785 -8.141 5.522 12.564
297.300 4.500 -10.364 -8.157 6.897 14.911
297.300 4.600 -12.04 -5.418 8.686 15.84
297.300 4.700 -11.091 -2.739 10.904 15.824
297.300 4.800 -10.089 -1.327 12.51 16.152
297.300 4.900 -9.903 -0.38 12.089 15.658
297.300 5.000 -10.495 0.309 10.539 14.91
297.300 5.100 -11.269 0.757 8.262 14.035
297.300 5.200 -13.352 0.876 5.429 14.491
297.300 5.300 -14.599 3.672 2.701 15.347
297.300 5.400 -11.822 5.067 0.142 12.914
297.300 5.500 -9.807 5.351 -2.172 11.437
297.300 5.600 -6.72 6.099 -4.02 9.988
297.300 5.700 -3.226 5.609 -5.569 8.611
297.300 5.800 0.404 5.223 -6.325 8.293
297.300 5.900 5.26 3.715 -6.328 9.108
297.300 6.000 8.344 -0.952 -5.227 9.973
297.300 6.100 7.216 -4.516 -1.991 8.819
297.300 6.200 5.714 -7.201 1.496 9.38
297.300 6.300 0.555 -9.769 3.56 10.478
297.300 6.400 -5.933 -8.125 4.646 11.139
297.300 6.500 -9.916 -4.44 4.108 11.664
297.300 6.600 -12.521 -1.484 1.672 12.764
297.300 6.700 -14.164 2.163 -1.313 14.428
297.300 6.800 -13.937 4.388 -4.186 15.235
297.300 6.900 -14.568 6.494 -6.688 17.328
297.300 7.000 -11.17 9.28 -8.171 16.687
297.300 7.100 -7.259 8.746 -8.713 14.343
297.300 7.200 -3.415 8.699 -7.836 12.211
297.300 7.300 2.156 6.263 -5.474 8.606
297.300 7.400 4.607 0.303 -2.791 5.433
297.300 7.500 1.387 -4.531 -0.173 4.816
297.300 7.600 -3.475 -5.427 2.255 6.897
297.300 7.700 -8.24 -3.961 3.571 9.866
297.300 7.800 -12.847 1.252 4.11 13.576
297.300 7.900 -11.376 11.428 4.762 16.817
297.300 8.000 -1.573 17.717 5.816 18.723
297.300 8.100 8.981 17.194 7.42 20.803
297.300 8.200 17.669 14.416 10.168 24.987
297.300 8.300 26.567 5.42 13.813 30.447
297.300 8.400 21.752 -8.802 15.335 28.075
297.300 8.500 8.901 -12.328 15.9 22.082
297.300 8.600 0.363 -9.622 15.779 18.54
297.300 8.700 -5.018 -5.881 13.876 15.893
297.300 8.800 -7.569 1.097 11.147 13.535
297.300 8.900 -2.136 7.024 6.982 10.143
297.300 9.000 4.815 5.815 2.444 7.938
297.300 9.100 6.813 1.162 -2.036 7.213
297.300 9.200 5.689 -1.908 -6.315 8.72
297.300 9.300 3.017 -4.817 -8.451 10.195
297.300 9.400 -2.191 -5.625 -7.986 10.023
297.300 9.500 -6.268 -2.356 -7.297 9.914
297.300 9.600 -5.931 1.179 -7.074 9.312
297.300 9.700 -4.569 2.137 -7.423 8.977
297.300 9.800 -3.399 2.334 -8.001 9.003
297.300 9.900 -2.611 1.892 -8.963 9.526
297.300 10.000 -2.69 1.587 -9.858 10.342
297.300 10.100 -3.614 1.931 -9.962 10.773
297.300 10.200 -3.968 4.734 -9.722 11.52
297.300 10.300 0.555 7.684 -8.642 11.58
297.300 10.400 6.541 6.163 -6.939 11.361
297.300 10.500 8.95 2.105 -5.214 10.579
297.300 10.600 9.093 -0.64 -3.441 9.757
297.300 10.700 7.626 -3.887 -2.593 8.958
297.300 10.800 2.845 -4.495 -3.542 6.4
297.300 10.900 -0.438 -0.317 -5.035 5.064
297.300 11.000 1.298 4.748 -7.077 8.624
297.300 11.100 5.921 6.29 -9.336 12.725
297.300 11.200 9.087 4.909 -9.736 14.201
297.300 11.300 11.589 3.459 -8.596 14.846
297.300 11.400 12.84 -0.706 -6.756 14.536
297.300 11.500 9.97 -3.725 -3.364 11.174
297.300 11.600 7.339 -5.101 0.005 8.953
297.300 11.700 2.996 -6.028 2.939 7.365
297.300 11.800 -1.466 -3.51 5.384 6.62
297.300 11.900 -2.08 1.115 6.773 7.204
297.300 12.000 0.871 3.462 7.253 8.115
297.300 12.100 3.436 2.525 6.666 7.943
297.300 12.200 3.966 0.742 4.427 6.015
297.300 12.300 3.603 -1.968 2.257 4.704
297.300 12.400 -0.217 -5.13 1.169 5.279
297.300 12.500 -6.43 -4.265 0.666 7.757
297.300 12.600 -7.985 0.892 0.69 8.08
297.300 12.700 -4.719 3.016 1.016 5.711
297.300 12.800 -2.317 2.956 0.995 3.905
297.300 12.900 -0.32 2.285 0.608 2.407
297.300 13.000 0.795 0.513 -0.229 0.987
297.300 13.100 -0.404 -1.364 -1.142 1.825
297.300 13.200 -3.046 -0.93 -2.088 3.813
297.300 13.300 -3.205 2.076 -2.766 4.724
297.300 13.400 -0.209 3.498 -2.949 4.589
297.300 13.500 2.351 2.94 -2.546 4.553
297.300 13.600 4.031 2.156 -1.137 4.722
297.300 13.700 5.457 0.568 0.836 5.563
297.300 13.800 4.513 -1.676 2.329 5.361
297.300 13.900 2.286 -2.109 3.71 4.855
297.300 14.000 0.637 -1.733 4.405 4.792
297.300 14.100 -0.83 -1.173 4.141 4.4
297.300 14.200 -1.744 0.321 3.887 4.289
297.300 14.300 -0.794 1.477 3.241 3.667
297.300 14.400 0.303 1.253 2.616 2.934
297.300 14.500 0.756 0.676 1.975 2.237
297.300 14.600 0.865 0.203 1.237 1.537
297.300 14.700 0.503 -0.374 0.472 0.794
297.300 14.800 -0.579 -0.645 -0.405 0.959
297.300 14.900 -1.41 -0.014 -0.979 1.721
297.300 15.000 -0.826 0.536 -0.613 1.166
297.400 0.000 -9.339 -4.883 3.416 11.083
297.400 0.100 -13.387 0.46 3.532 13.861
297.400 0.200 -9.284 6.927 2.148 11.792
297.400 0.300 -2.473 5.752 -0.186 6.28
297.400 0.400 -0.921 0.115 -2.183 2.394
297.400 0.500 -4.892 -3.136 -3.663 6.887
297.400 0.600 -8.463 -0.962 -5.106 9.949
297.400 0.700 -7.408 1.676 -6.786 10.207
297.400 0.800 -5.954 3.398 -8.551 10.985
297.400 0.900 -3.267 5.717 -8.689 10.929
297.400 1.000 0.811 6.95 -7.795 10.501
297.400 1.100 5.406 7.39 -5.724 10.822
297.400 1.200 11.683 6.214 -2.074 13.412
297.400 1.300 15.963 -0.772 1.109 16.033
297.400 1.400 12.003 -6.869 2.355 14.039
297.400 1.500 7.407 -8.692 2.854 11.78
297.400 1.600 1.895 -9.699 2.26 10.145
297.400 1.700 -4.197 -7.106 0.781 8.3
297.400 1.800 -5.478 -1.282 -0.161 5.643
297.400 1.900 -1.535 1.145 -0.148 1.939
297.400 2.000 1.268 -0.856 0.266 1.564
297.400 2.100 0.729 -3.064 1.181 3.37
297.400 2.200 -0.752 -3.128 2.247 3.927
297.400 2.300 -1.666 -1.945 2.815 3.807
297.400 2.400 -1.794 0.003 2.997 3.495
297.400 2.500 -0.048 2.496 3.023 3.928
297.400 2.600 4.246 2.914 2.853 5.898
297.400 2.700 7.213 -1.612 2.784 7.908
297.400 2.800 3.786 -6.275 3.352 8.065
297.400 2.900 -1.069 -6.667 3.671 7.69
297.400 3.000 -4.51 -5.536 2.879 7.706
297.400 3.100 -7.438 -3.977 1.216 8.533
297.400 3.200 -8.81 -1.358 -0.778 8.964
297.400 3.300 -8.524 -0.414 -2.854 9.02
297.400 3.400 -8.812 -0.257 -4.525 9.933
297.400 3.500 -8.209 -0.425 -5.508 9.921
297.400 3.600 -8.448 -0.85 -5.685 10.245
297.400 3.700 -8.243 -0.282 -4.677 9.511
297.400 3.800 -7.724 -0.442 -2.797 8.256
297.400 3.900 -7.18 -0.261 -1.125 7.304
297.400 4.000 -5.89 -1.017 -0.107 6.009
297.400 4.100 -5.313 -2.763 0.623 6.047
297.400 4.200 -5.183 -4.989 1.119 7.301
297.400 4.300 -6.261 -7.698 1.737 10.096
297.400 4.400 -8.563 -9.849 3.343 13.501
297.400 4.500 -12.254 -10.476 6.084 17.27
297.400 4.600 -15.365 -7.9 9.071 19.567
297.400 4.700 -16.438 -5.202 11.708 20.903
297.400 4.800 -17.633 -1.991 13.491 22.36
297.400 4.900 -16.464 1.322 12.711 20.905
297.400 5.000 -15.351 2.879 10.243 18.74
297.400 5.100 -14.315 4.37 6.494 16.378
297.400 5.200 -13.55 4.829 1.737 14.558
297.400 5.300 -12.583 6.372 -2.191 14.344
297.400 5.400 -9.737 6.921 -4.339 12.781
297.400 5.500 -7.485 6.899 -5.732 11.756
297.400 5.600 -3.6 7.286 -6.553 10.518
297.400 5.700 0.736 6.08 -6.673 9.146
297.400 5.800 4.418 4.5 -5.626 8.54
297.400 5.900 8.751 2.224 -3.289 9.688
297.400 6.000 10.894 -3.573 -0.416 11.545
297.400 6.100 7.158 -7.969 2.392 11.046
297.400 6.200 2.756 -9.74 4.966 11.341
297.400 6.300 -3.217 -10.811 6.258 12.965
297.400 6.400 -10.502 -8.121 6.363 14.781
297.400 6.500 -13.725 -1.909 4.474 14.611
297.400 6.600 -13.491 2.026 0.669 13.703
297.400 6.700 -12.822 5.917 -3.444 14.574
297.400 6.800 -9.296 8.446 -7.995 14.923
297.400 6.900 -6.249 9.06 -12.121 16.407
297.400 7.000 -2.611 9.545 -13.06 16.416
297.400 7.100 1.418 8.403 -12.55 15.199
297.400 7.200 4.28 6.028 -10.645 12.989
297.400 7.300 6.418 2.983 -7.017 9.998
297.400 7.400 6.526 -2.628 -3.844 8.071
297.400 7.500 1.27 -7.372 -0.82 7.604
297.400 7.600 -5.655 -7.353 1.587 9.477
297.400 7.700 -10.605 -4.649 2.597 11.907
297.400 7.800 -15.321 0.268 3.35 15.705
297.400 7.900 -14.263 10.221 4.809 18.2
297.400 8.000 -4.881 15.519 7.276 17.829
297.400 8.100 3.875 14.459 10.631 18.376
297.400 8.200 10.272 10.836 13.757 20.306
297.400 8.300 14.701 2.698 16.654 22.379
297.400 8.400 10.48 -8.166 17.107 21.663
297.400 8.500 -0.048 -11.566 15.607 19.445
297.400 8.600 -7.68 -7.975 13.837 17.739
297.400 8.700 -11.367 -3.446 11.842 16.778
297.400 8.800 -12.286 4.214 9.377 16.033
297.400 8.900 -5.242 10.892 6.282 13.634
297.400 9.000 3.949 9.796 2.804 10.935
297.400 9.100 8.178 4.996 -0.426 9.599
297.400 9.200 10.107 1.431 -3.373 10.76
297.400 9.300 9.056 -3.901 -5.524 11.32
297.400 9.400 2.589 -5.697 -6.739 9.213
297.400 9.500 -2.059 -2.46 -7.469 8.137
297.400 9.600 -1.986 1.248 -7.44 7.803
297.400 9.700 -0.187 2.65 -7.622 8.073
297.400 9.800 1.014 2.857 -8.045 8.598
297.400 9.900 2.035 2.915 -8.745 9.44
297.400 10.000 2.565 2.244 -9.704 10.286
297.400 10.100 1.913 2.394 -10.626 11.06
297.400 10.200 2.212 4.066 -10.923 11.863
297.400 10.300 5.019 5.552 -9.082 11.772
297.400 10.400 8.989 4.037 -6.615 11.877
297.400 10.500 9.802 0.024 -4.255 10.699
297.400 10.600 8.076 -2.245 -2.223 8.689
297.400 10.700 5.766 -3.806 -1.466 7.08
297.400 10.800 1.932 -3.405 -2.022 4.418
297.400 10.900 -0.462 1.089 -3.039 3.263
297.400 11.000 3.088 6.561 -4.058 8.32
297.400 11.100 10.131 7.359 -4.604 13.356
297.400 11.200 13.52 3.997 -4.258 14.742
297.400 11.300 14.749 1.923 -2.897 15.17
297.400 11.400 15.006 -2.955 -1.116 15.352
297.400 11.500 10.051 -6.599 0.568 12.054
297.400 11.600 5.237 -7.688 2.645 9.691
297.400 11.700 -0.227 -8.191 4.43 9.337
297.400 11.800 -5.924 -5.27 6.281 10.141
297.400 11.900 -7.185 0.545 7.198 10.213
297.400 12.000 -4.583 3.443 7.042 9.111
297.400 12.100 -1.922 4.088 6.275 7.763
297.400 12.200 1.216 3.259 4.18 5.468
297.400 12.300 3.029 -0.052 1.963 3.633
297.400 12.400 0.701 -3.648 -0.043 3.725
297.400 12.500 -3.613 -3.315 -1.766 5.218
297.400 12.600 -5.029 0.211 -1.967 5.413
297.400 12.700 -3.355 2.299 -0.846 4.169
297.400 12.800 -1.532 2.802 -0.1 3.214
297.400 12.900 0.256 2.639 0.016 2.671
297.400 13.000 1.626 1.334 -0.431 2.161
297.400 13.100 1.129 -0.186 -1.502 1.892
297.400 13.200 -0.171 0.192 -2.917 2.93
297.400 13.300 0.113 2.074 -3.398 3.989
297.400 13.400 2.452 3.06 -2.768 4.81
297.400 13.500 4.51 1.785 -1.813 5.187
297.400 13.600 4.474 0.234 -0.089 4.492
297.400 13.700 4.003 -1.051 1.587 4.446
297.400 13.800 2.217 -2.705 2.612 4.378
297.400 13.900 -0.755 -2.884 3.095 4.31
297.400 14.000 -2.564 -1.507 3.026 4.256
297.400 14.100 -3.186 -0.669 2.413 4.066
297.400 14.200 -3.675 0.742 1.81 4.178
297.400 14.300 -2.256 1.875 1.667 3.39
297.400 14.400 -0.878 1.611 1.631 2.472
297.400 14.500 -0.17 1.178 1.41 1.863
297.400 14.600 0.23 0.824 0.988 1.325
297.400 14.700 0.41 0.551 0.242 0.743
297.400 14.800 0.518 0.381 -0.86 1.078
297.400 14.900 0.631 0.132 -1.582 1.711
297.400 15.000 0.508 -0.137 -1.262 1.369
297.500 0.000 -10.783 -5.398 1.736 12.19
297.500 0.100 -14.807 1.225 1.884 14.987
297.500 0.200 -9.762 9.207 0.016 13.434
297.500 0.300 -0.886 8.318 -3.013 8.912
297.500 0.400 2.06 1.762 -5.105 5.805
297.500 0.500 -0.883 -1.56 -6.391 6.662
297.500 0.600 -3.2 0.175 -7.583 8.259
297.500 0.700 -2.103 2.707 -8.12 8.841
297.500 0.800 0.109 3.827 -8.337 9.202
297.500 0.900 2.317 4.626 -7.49 9.131
297.500 1.000 5.351 5.043 -5.47 9.189
297.500 1.100 8.164 4.065 -2.584 9.498
297.500 1.200 10.803 2.298 0.902 11.096
297.500 1.300 12.089 -2.893 3.746 12.992
297.500 1.400 8.307 -7.524 5.089 12.316
297.500 1.500 3.635 -8.392 5.282 10.566
297.500 1.600 -0.293 -7.751 3.73 8.612
297.500 1.700 -3.59 -5.216 1.438 6.502
297.500 1.800 -3.687 -0.811 0.137 3.792
297.500 1.900 -0.081 0.975 -0.108 1.006
297.500 2.000 2.444 -1.685 0.305 2.997
297.500 2.100 0.565 -4.5 1.629 4.826
297.500 2.200 -2.394 -4.178 3.058 5.709
297.500 2.300 -3.638 -2.288 3.727 5.693
297.500 2.400 -3.788 -0.306 4.123 5.611
297.500 2.500 -2.129 2.337 4.6 5.587
297.500 2.600 2.239 2.691 5.149 6.231
297.500 2.700 4.924 -1.765 5.657 7.709
297.500 2.800 1.212 -6.249 5.172 8.204
297.500 2.900 -4.271 -5.999 4.272 8.519
297.500 3.000 -7.123 -3.616 2.38 8.345
297.500 3.100 -9.005 -1.758 -0.242 9.193
297.500 3.200 -9.303 1.331 -3.071 9.908
297.500 3.300 -6.92 2.238 -6.221 9.599
297.500 3.400 -5.613 1.187 -8.648 10.408
297.500 3.500 -5.166 -0.297 -9.203 10.589
297.500 3.600 -5.963 -1.501 -8.7 10.683
297.500 3.700 -6.493 -1.78 -7.608 10.19
297.500 3.800 -7.294 -2.334 -6.022 9.772
297.500 3.900 -7.677 -1.57 -4.43 9.035
297.500 4.000 -6.218 -1.91 -3.129 7.255
297.500 4.100 -5.474 -3.387 -2.179 6.831
297.500 4.200 -4.98 -5.423 -1.662 7.579
297.500 4.300 -5.533 -8.757 -0.981 10.433
297.500 4.400 -8.603 -12.367 0.927 15.127
297.500 4.500 -14.442 -13.748 3.979 20.392
297.500 4.600 -19.627 -10.94 7.302 23.73
297.500 4.700 -22.337 -7.682 10.44 25.965
297.500 4.800 -24.912 -2.49 12.098 27.974
297.500 4.900 -23.422 3.101 11.159 26.28
297.500 5.000 -21.608 5.994 8.493 24.102
297.500 5.100 -18.074 9.335 4.132 20.848
297.500 5.200 -13.159 9.64 -1.083 16.423
297.500 5.300 -9.525 9.475 -4.98 14.404
297.500 5.400 -5.391 8.861 -7.49 12.876
297.500 5.500 -1.985 7.713 -8.861 12.005
297.500 5.600 1.751 6.908 -8.309 11.043
297.500 5.700 5.884 5.011 -6.96 10.501
297.500 5.800 8.495 1.882 -4.471 9.88
297.500 5.900 10.251 -1.121 -0.861 10.429
297.500 6.000 10.102 -6.564 2.483 12.374
297.500 6.100 5.086 -10.584 5.506 13.04
297.500 6.200 -0.604 -11.236 7.48 13.58
297.500 6.300 -6.916 -10.648 7.444 14.789
297.500 6.400 -13.811 -6.568 5.637 16.367
297.500 6.500 -15.628 1.353 2.779 15.983
297.500 6.600 -12.568 6.247 -1.026 14.114
297.500 6.700 -8.981 9.834 -4.943 14.24
297.500 6.800 -2.644 12.392 -7.874 14.946
297.500 6.900 4.285 11.298 -10.216 15.853
297.500 7.000 7.385 8.812 -10.313 15.477
297.500 7.100 10.512 7.331 -9.084 15.74
297.500 7.200 11.994 3.009 -7.17 14.332
297.500 7.300 10.765 -0.151 -4.502 11.714
297.500 7.400 9.059 -5.119 -2.266 10.711
297.500 7.500 1.996 -9.36 -1.013 9.705
297.500 7.600 -6.037 -8.428 -0.486 10.448
297.500 7.700 -10.893 -4.981 -0.204 12.024
297.500 7.800 -14.811 -0.433 -0.019 14.844
297.500 7.900 -14.308 7.708 1.569 16.342
297.500 8.000 -7.831 11.727 5.272 15.062
297.500 8.100 -1.98 11.046 9.199 14.514
297.500 8.200 3.072 8.02 12.37 15.063
297.500 8.300 6.204 1.225 14.558 15.899
297.500 8.400 2.223 -7.24 14.515 16.385
297.500 8.500 -6.863 -9.71 12.907 17.553
297.500 8.600 -13.327 -5.902 10.646 18.059
297.500 8.700 -16.707 -1.706 8.302 18.743
297.500 8.800 -17.821 6.464 6.765 20.135
297.500 8.900 -8.698 13.687 4.763 16.911
297.500 9.000 2.059 12.179 3.318 12.802
297.500 9.100 7.456 7.367 1.798 10.645
297.500 9.200 10.186 3.373 0.148 10.747
297.500 9.300 9.95 -1.974 -1.517 10.28
297.500 9.400 5.527 -3.973 -3.562 7.705
297.500 9.500 2.32 -1.878 -5.025 5.855
297.500 9.600 1.638 1.023 -5.163 5.514
297.500 9.700 2.841 2.897 -5.055 6.485
297.500 9.800 4.028 3.503 -5.627 7.76
297.500 9.900 5.37 3.889 -6.749 9.466
297.500 10.000 6.575 3.194 -7.783 10.683
297.500 10.100 7.187 3.196 -8.434 11.538
297.500 10.200 8.662 3.264 -8.321 12.454
297.500 10.300 9.619 3.002 -6.48 11.991
297.500 10.400 11.553 1.689 -3.911 12.329
297.500 10.500 10.813 -2.005 -1.943 11.187
297.500 10.600 7.674 -3.433 -0.749 8.461
297.500 10.700 4.981 -3.697 -0.429 6.239
297.500 10.800 1.931 -2.461 -1.106 3.333
297.500 10.900 0.555 1.748 -1.858 2.617
297.500 11.000 3.944 6.395 -1.529 7.685
297.500 11.100 9.916 6.7 -0.494 11.998
297.500 11.200 12.894 3.282 0.426 13.334
297.500 11.300 13.552 0.579 1.21 13.64
297.500 11.400 12.78 -3.933 1.865 13.523
297.500 11.500 7.987 -7.607 2.205 11.268
297.500 11.600 2.493 -8.798 2.481 9.495
297.500 11.700 -3.468 -9.311 2.68 10.31
297.500 11.800 -10.804 -6.587 3.164 13.063
297.500 11.900 -12.305 0.638 3.582 12.855
297.500 12.000 -8.373 3.796 3.656 9.918
297.500 12.100 -5.073 5.178 3.386 8.028
297.500 12.200 -0.474 5.128 2.391 5.706
297.500 12.300 2.885 1.76 0.819 3.5
297.500 12.400 1.878 -2.047 -0.535 2.838
297.500 12.500 -1.033 -2.383 -1.533 3.019
297.500 12.600 -2.39 -0.428 -1.611 2.92
297.500 12.700 -2.047 1.256 -0.738 2.526
297.500 12.800 -1.055 2.324 0.074 2.573
297.500 12.900 0.556 2.778 0.252 2.866
297.500 13.000 2.171 1.968 -0.127 2.95
297.500 13.100 2.417 0.875 -0.728 2.683
297.500 13.200 2.475 1.086 -1.399 3.054
297.500 13.300 3.011 1.619 -1.404 3.706
297.500 13.400 4.269 2.108 -0.452 4.797
297.500 13.500 5.576 0.598 0.667 5.662
297.500 13.600 4.281 -1.132 1.516 4.693
297.500 13.700 2.758 -1.945 2.188 4.035
297.500 13.800 0.687 -2.927 2.258 3.772
297.500 13.900 -2.053 -2.684 1.861 3.869
297.500 14.000 -3.481 -0.975 1.236 3.832
297.500 14.100 -3.486 0.064 0.457 3.528
297.500 14.200 -3.342 1.009 -0.035 3.503
297.500 14.300 -2.301 1.671 0.048 2.858
297.500 14.400 -1.41 1.487 0.395 2.102
297.500 14.500 -0.777 1.32 0.58 1.654
297.500 14.600 -0.276 1.214 0.5 1.357
297.500 14.700 0.3 1.387 0.019 1.433
297.500 14.800 1.315 1.301 -0.807 2.027
297.500 14.900 2.057 0.324 -1.348 2.486
297.500 15.000 1.608 -0.664 -1.186 2.109
297.600 0.000 -12.168 -5.902 -1.166 13.583
297.600 0.100 -17.956 1.839 -1.529 18.128
297.600 0.200 -10.659 11.834 -2.74 16.18
297.600 0.300 1.741 10.628 -4.147 11.563
297.600 0.400 6.038 2.845 -5.13 8.443
297.600 0.500 3.317 -0.595 -5.875 6.8
297.600 0.600 1.581 0.799 -6.437 6.706
297.600 0.700 2.762 3.001 -6.772 7.934
297.600 0.800 5.148 3.396 -6.768 9.184
297.600 0.900 6.502 2.808 -5.388 8.924
297.600 1.000 7.882 2.421 -3.038 8.808
297.600 1.100 8.855 0.827 -0.119 8.91
297.600 1.200 9.421 -0.825 3.217 10
297.600 1.300 9.216 -4.645 5.517 11.709
297.600 1.400 4.614 -7.93 5.884 10.903
297.600 1.500 -0.392 -7.518 5.084 9.087
297.600 1.600 -2.745 -5.533 3.377 7.044
297.600 1.700 -3.927 -3.476 1.48 5.458
297.600 1.800 -3.126 -0.298 0.605 3.21
297.600 1.900 0.537 0.646 0.971 1.29
297.600 2.000 2.712 -2.458 1.74 4.059
297.600 2.100 -0.034 -5.551 2.173 5.968
297.600 2.200 -4.024 -5.026 2.587 6.946
297.600 2.300 -5.448 -2.709 3.107 6.839
297.600 2.400 -5.602 -0.877 3.711 6.783
297.600 2.500 -4.322 1.619 4.519 6.465
297.600 2.600 -0.78 1.869 5.468 5.833
297.600 2.700 0.989 -1.675 5.834 6.15
297.600 2.800 -2.027 -5.079 5.028 7.43
297.600 2.900 -6.757 -4.197 3.154 8.565
297.600 3.000 -8.449 -0.841 0.551 8.523
297.600 3.100 -8.503 1.428 -2.791 9.084
297.600 3.200 -7.216 4.269 -6.016 10.347
297.600 3.300 -3.331 5.027 -8.562 10.504
297.600 3.400 -0.424 2.711 -10.658 11.04
297.600 3.500 -0.378 -0.206 -11.59 11.628
297.600 3.600 -1.665 -2.053 -11.803 12.125
297.600 3.700 -2.936 -3.219 -10.866 11.736
297.600 3.800 -4.577 -3.862 -9.246 11.045
297.600 3.900 -5.604 -3.131 -7.756 10.099
297.600 4.000 -5.279 -3.258 -6.326 8.895
297.600 4.100 -5.217 -4.197 -5.269 8.56
297.600 4.200 -4.402 -5.971 -4.514 8.721
297.600 4.300 -4.618 -10.022 -3.486 11.601
297.600 4.400 -8.622 -15.007 -1.524 17.416
297.600 4.500 -16.508 -17.084 1.601 23.926
297.600 4.600 -23.846 -14.256 4.914 28.433
297.600 4.700 -29.44 -10.719 7.9 32.622
297.600 4.800 -34.618 -2.723 9.986 36.532
297.600 4.900 -31.069 6.347 7.487 32.933
297.600 5.000 -26.181 10.005 2.845 28.435
297.600 5.100 -19.657 14.029 -1.331 24.339
297.600 5.200 -11.12 13.866 -5.153 18.587
297.600 5.300 -5.033 11.853 -7.774 15.117
297.600 5.400 0.453 10.099 -8.338 13.186
297.600 5.500 5.416 7.439 -7.927 12.235
297.600 5.600 8.07 4.999 -5.889 11.265
297.600 5.700 11.57 2.904 -3.245 12.453
297.600 5.800 12.566 -1.767 -0.09 12.773
297.600 5.900 11.357 -4.607 3.57 12.833
297.600 6.000 9.391 -9.544 6.523 14.961
297.600 6.100 1.812 -13.002 8.573 15.751
297.600 6.200 -5.854 -11.8 9.591 16.367
297.600 6.300 -11.503 -9 8.332 16.891
297.600 6.400 -16.735 -4.021 6.044 18.314
297.600 6.500 -16.747 4.784 3.085 17.739
297.600 6.600 -10.967 10.054 -0.508 14.921
297.600 6.700 -5.083 12.349 -3.076 13.727
297.600 6.800 1.5 13.724 -3.977 14.384
297.600 6.900 8.479 11.777 -3.814 15.024
297.600 7.000 11.285 8.12 -3.549 14.376
297.600 7.100 13.245 5.87 -2.713 14.771
297.600 7.200 13.753 1.457 -1.616 13.966
297.600 7.300 11.762 -1.834 -0.823 11.983
297.600 7.400 9.051 -6.024 -0.324 10.944
297.600 7.500 2.484 -9.385 -0.471 9.801
297.600 7.600 -4.761 -8.224 -1.025 9.632
297.600 7.700 -9.367 -4.973 -1.586 10.778
297.600 7.800 -13.036 -1.075 -1.456 13.202
297.600 7.900 -13.2 5.281 -0.122 14.245
297.600 8.000 -8.988 8.166 2.415 12.4
297.600 8.100 -5.451 7.613 5.633 10.937
297.600 8.200 -2.538 5.072 8.779 10.453
297.600 8.300 -1.652 0.131 10.923 11.058
297.600 8.400 -4.903 -5.428 9.908 12.32
297.600 8.500 -12.478 -7.35 6.781 15.992
297.600 8.600 -17.405 -2.828 3.59 18.006
297.600 8.700 -17.913 0.816 0.44 17.954
297.600 8.800 -17.858 7.504 -1.474 19.442
297.600 8.900 -9.08 13.617 -0.243 16.384
297.600 9.000 0.644 12.161 1.513 12.291
297.600 9.100 5.981 8.188 2.236 10.401
297.600 9.200 9.481 4.585 1.959 10.734
297.600 9.300 9.977 -0.621 1.125 10.09
297.600 9.400 6.316 -2.53 0.207 6.841
297.600 9.500 3.956 -1.075 -0.739 4.191
297.600 9.600 2.953 1.129 -1.473 3.5
297.600 9.700 3.579 3.21 -1.985 5.212
297.600 9.800 5.24 4.553 -2.721 7.467
297.600 9.900 8.1 5.184 -3.875 10.381
297.600 10.000 10.323 3.724 -4.708 11.955
297.600 10.100 10.747 3.116 -4.667 12.138
297.600 10.200 11.932 2.269 -4.048 12.819
297.600 10.300 11.853 0.965 -2.691 12.212
297.600 10.400 12.034 -0.342 -1.009 12.103
297.600 10.500 10.427 -3.145 0.284 10.92
297.600 10.600 7.117 -3.917 0.885 8.198
297.600 10.700 4.474 -3.394 0.79 5.697
297.600 10.800 2.164 -1.798 0.351 2.86
297.600 10.900 1.43 1.707 0.285 2.272
297.600 11.000 4.29 5.401 1.152 7.021
297.600 11.100 9.555 5.608 2.5 11.386
297.600 11.200 11.859 2.332 3.686 12.664
297.600 11.300 12.066 0.178 4.323 12.846
297.600 11.400 11.44 -3.793 3.995 12.723
297.600 11.500 6.745 -7.021 2.653 10.113
297.600 11.600 1.731 -8.082 0.934 8.335
297.600 11.700 -3.481 -8.563 -0.639 9.278
297.600 11.800 -9.549 -6.214 -2.102 11.599
297.600 11.900 -11.278 -0.279 -1.928 11.46
297.600 12.000 -8.941 2.896 -0.151 9.419
297.600 12.100 -6.227 5.143 1.073 8.17
297.600 12.200 -1.271 5.899 1.235 6.185
297.600 12.300 3.024 2.821 0.942 4.266
297.600 12.400 2.605 -1.051 0.111 2.826
297.600 12.500 0.263 -1.802 -0.787 1.989
297.600 12.600 -1.134 -0.899 -0.886 1.701
297.600 12.700 -1.708 0.293 -0.106 1.751
297.600 12.800 -1.451 1.791 0.73 2.442
297.600 12.900 0.22 2.809 1.074 3.04
297.600 13.000 2.25 2.266 1.171 3.424
297.600 13.100 2.683 1.215 1.037 3.142
297.600 13.200 2.837 1.216 0.983 3.259
297.600 13.300 3.203 1.147 1.211 3.631
297.600 13.400 3.596 1.103 1.768 4.175
297.600 13.500 3.908 -0.022 2.371 4.588
297.600 13.600 2.749 -1.362 2.379 3.898
297.600 13.700 1.145 -1.893 2.071 3.044
297.600 13.800 -0.527 -2.291 1.247 2.671
297.600 13.900 -2.818 -2 0.177 3.468
297.600 14.000 -3.754 -0.098 -0.776 3.844
297.600 14.100 -2.895 0.72 -1.576 3.382
297.600 14.200 -2.478 1.102 -1.863 3.298
297.600 14.300 -1.58 1.325 -1.543 2.584
297.600 14.400 -1.07 1.057 -0.984 1.807
297.600 14.500 -0.795 1.012 -0.386 1.355
297.600 14.600 -0.528 1.234 0.059 1.359
297.600 14.700 0.24 1.949 -0.045 1.979
297.600 14.800 1.975 2.06 -0.733 2.956
297.600 14.900 3.273 0.487 -1.286 3.557
297.600 15.000 2.561 -1.131 -1.002 2.978
297.700 0.000 -10.16 -4.455 -4.796 12.1
297.700 0.100 -14.008 2.782 -6.657 15.775
297.700 0.200 -7.205 11.696 -6.336 15.152
297.700 0.300 4.193 10.574 -5.278 12.566
297.700 0.400 8.542 3.05 -4.502 10.149
297.700 0.500 6.524 -0.308 -3.989 7.678
297.700 0.600 5.251 0.854 -3.713 6.515
297.700 0.700 6.742 3.044 -3.21 8.087
297.700 0.800 9.99 2.769 -2.718 10.738
297.700 0.900 10.019 0.715 -1.348 10.152
297.700 1.000 9.675 0.101 0.612 9.71
297.700 1.100 8.844 -2.18 2.764 9.528
297.700 1.200 6.299 -3.739 5.191 8.982
297.700 1.300 4.07 -5.347 6.587 9.413
297.700 1.400 0.774 -6.75 5.604 8.81
297.700 1.500 -2.581 -5.935 3.839 7.53
297.700 1.600 -3.663 -3.798 2.246 5.741
297.700 1.700 -3.435 -2.214 0.983 4.213
297.700 1.800 -2.242 -0.452 0.704 2.405
297.700 1.900 0.287 -0.252 1.407 1.458
297.700 2.000 1.496 -2.932 2.035 3.874
297.700 2.100 -0.886 -5.552 2.112 6.013
297.700 2.200 -4.353 -5.209 1.998 7.086
297.700 2.300 -6.044 -3.365 2.291 7.297
297.700 2.400 -6.808 -1.77 3.185 7.731
297.700 2.500 -6.158 0.571 4.328 7.557
297.700 2.600 -3.415 1.043 5.402 6.48
297.700 2.700 -2.069 -1.465 5.898 6.421
297.700 2.800 -4.719 -3.609 4.935 7.728
297.700 2.900 -8.446 -1.813 2.981 9.148
297.700 3.000 -8.799 2.345 0.042 9.124
297.700 3.100 -6.879 4.944 -3.467 9.178
297.700 3.200 -4.073 7.021 -6.589 10.484
297.700 3.300 0.361 7.249 -9.056 11.637
297.700 3.400 3.963 4.235 -10.885 12.365
297.700 3.500 4.564 0.64 -12.079 12.959
297.700 3.600 4.224 -2.029 -12.722 13.585
297.700 3.700 2.229 -4.724 -12.083 13.189
297.700 3.800 -1.087 -5.411 -10.649 12.017
297.700 3.900 -2.95 -4.323 -9.521 10.89
297.700 4.000 -2.968 -4.085 -8.868 10.236
297.700 4.100 -2.947 -4.933 -8.428 10.237
297.700 4.200 -2.62 -6.925 -7.606 10.651
297.700 4.300 -3.508 -11.333 -6.636 13.622
297.700 4.400 -8.598 -17.167 -5.39 19.996
297.700 4.500 -18.961 -20.076 -3.629 28.056
297.700 4.600 -28.678 -16.527 -1.799 33.584
297.700 4.700 -35.385 -12.761 -0.51 38.258
297.700 4.800 -42.667 -2.611 -0.222 43.631
297.700 4.900 -36.271 9.658 -1.038 38.277
297.700 5.000 -27.166 13.61 -2.834 31.012
297.700 5.100 -18.019 17.177 -5.09 25.677
297.700 5.200 -6.774 16.633 -7.33 19.479
297.700 5.300 1.167 12.097 -7.938 14.577
297.700 5.400 5.303 8.644 -5.935 11.823
297.700 5.500 9.114 5.355 -3.088 11.085
297.700 5.600 10.252 2.028 -0.173 10.523
297.700 5.700 11.599 -0.343 3.261 12.114
297.700 5.800 10.99 -4.778 6.248 13.568
297.700 5.900 7.995 -7.575 8.632 14.041
297.700 6.000 4.261 -11.018 10.212 15.672
297.700 6.100 -3.335 -13.402 9.874 17.058
297.700 6.200 -11.699 -10.921 8.563 18.247
297.700 6.300 -15.864 -6.414 6.101 18.265
297.700 6.400 -19.734 -1.528 3.073 20.125
297.700 6.500 -18.394 7.57 0.811 19.971
297.700 6.600 -10.54 12.19 -0.324 16.151
297.700 6.700 -3.794 13.262 -0.747 13.83
297.700 6.800 2.496 13.539 -0.582 13.789
297.700 6.900 8.653 11.156 0.086 14.135
297.700 7.000 11.443 7.526 1.135 13.768
297.700 7.100 13.71 5.121 1.964 14.799
297.700 7.200 14.101 0.725 2.575 14.396
297.700 7.300 12.042 -1.937 2.79 12.562
297.700 7.400 9.829 -5.57 2.019 11.541
297.700 7.500 3.319 -8.431 0.499 9.157
297.700 7.600 -3.568 -7.033 -1.504 8.108
297.700 7.700 -7.405 -4.056 -3.193 9.088
297.700 7.800 -10.632 -1.232 -4.314 11.59
297.700 7.900 -11.367 3.491 -3.78 12.513
297.700 8.000 -8.81 5.228 -1.215 10.343
297.700 8.100 -7.27 4.789 1.556 8.864
297.700 8.200 -6.12 2.789 3.462 7.577
297.700 8.300 -7.053 -0.248 4.326 8.28
297.700 8.400 -8.527 -2.473 2.843 9.329
297.700 8.500 -11.541 -3.542 -0.694 12.1
297.700 8.600 -13.588 -0.394 -3.489 14.046
297.700 8.700 -12.542 2.859 -4.645 13.699
297.700 8.800 -10.675 7.013 -4.746 13.655
297.700 8.900 -5.387 10.675 -2.272 12.199
297.700 9.000 0.861 10.038 0.902 10.139
297.700 9.100 4.518 7.112 3.064 8.989
297.700 9.200 6.939 4.321 4.534 9.378
297.700 9.300 7.186 0.173 4.691 8.625
297.700 9.400 3.992 -1.55 3.465 5.556
297.700 9.500 1.811 -0.132 2.479 3.121
297.700 9.600 1.802 2.066 1.342 3.083
297.700 9.700 3.251 3.794 0.565 5.05
297.700 9.800 5.417 5.116 0.28 7.478
297.700 9.900 8.873 5.728 0.285 10.589
297.700 10.000 11.635 4.036 0.284 12.344
297.700 10.100 12.657 3.189 -0.066 13.078
297.700 10.200 14.302 1.424 0.023 14.399
297.700 10.300 13.211 -0.666 1.477 13.339
297.700 10.400 12.602 -1.512 2.915 13.055
297.700 10.500 10.321 -3.822 3.45 11.567
297.700 10.600 6.504 -3.816 3.184 8.221
297.700 10.700 4.06 -2.871 2.459 5.584
297.700 10.800 2.107 -1.446 1.762 3.142
297.700 10.900 1.394 1.08 1.868 2.611
297.700 11.000 3.218 3.599 3.51 6.007
297.700 11.100 6.624 3.783 6.087 9.797
297.700 11.200 8.113 1.688 7.4 11.147
297.700 11.300 8.14 0.235 7.268 10.952
297.700 11.400 7.759 -2.218 6.104 10.151
297.700 11.500 5.412 -4.409 3.207 7.708
297.700 11.600 2.636 -5.796 0.021 6.383
297.700 11.700 -1.301 -6.779 -2.367 7.305
297.700 11.800 -5.99 -5.187 -3.961 8.866
297.700 11.900 -7.958 -1.223 -4.315 9.144
297.700 12.000 -7.865 1.239 -3.43 8.683
297.700 12.100 -6.797 4.122 -2.077 8.233
297.700 12.200 -2.212 5.264 -0.611 5.765
297.700 12.300 1.459 2.784 0.489 3.207
297.700 12.400 1.802 -0.188 0.443 1.885
297.700 12.500 0.651 -1.221 -0.152 1.4
297.700 12.600 -0.576 -1.2 -0.333 1.379
297.700 12.700 -1.94 -0.497 0.028 2.016
297.700 12.800 -2.435 1.196 0.602 2.8
297.700 12.900 -0.983 2.333 1.277 2.862
297.700 13.000 0.576 2.009 1.985 2.91
297.700 13.100 1.258 1.362 2.145 2.862
297.700 13.200 1.641 1.102 2.145 2.942
297.700 13.300 1.943 0.866 2.365 3.205
297.700 13.400 2.218 0.684 2.656 3.55
297.700 13.500 2.357 -0.048 2.707 3.609
297.700 13.600 1.522 -0.869 2.148 2.79
297.700 13.700 0.403 -1.025 1.102 1.572
297.700 13.800 -0.266 -0.89 -0.333 0.988
297.700 13.900 -1.081 -0.62 -2.161 2.496
297.700 14.000 -1.214 0.556 -3.25 3.517
297.700 14.100 -0.196 1.089 -3.391 3.573
297.700 14.200 0.365 0.88 -3.389 3.524
297.700 14.300 0.401 0.578 -2.621 2.718
297.700 14.400 0.143 0.38 -1.768 1.818
297.700 14.500 -0.308 0.301 -1.02 1.112
297.700 14.600 -0.844 0.788 -0.285 1.2
297.700 14.700 -0.19 2.205 0.037 2.229
297.700 14.800 2.427 2.659 -0.143 3.616
297.700 14.900 4.529 0.563 -0.283 4.581
297.700 15.000 3.348 -1.569 -0.156 3.706
297.800 0.000 -6.928 -2.526 -5.985 9.513
297.800 0.100 -9.054 3.27 -6.854 11.838
297.800 0.200 -2.637 10.393 -5.861 12.248
297.800 0.300 8.432 9.218 -3.689 13.052
297.800 0.400 12.067 1.409 -1.372 12.246
297.800 0.500 8.99 -1.138 0.368 9.086
297.800 0.600 7.646 -0.001 1.407 7.79
297.800 0.700 7.861 1.948 2.684 8.546
297.800 0.800 9.932 1.883 3.827 10.822
297.800 0.900 9.392 -0.281 4.125 10.272
297.800 1.000 7.988 -1.278 4.458 9.245
297.800 1.100 6.178 -3.396 4.838 8.556
297.800 1.200 2.662 -4.905 4.913 7.439
297.800 1.300 -0.41 -4.98 4.59 6.787
297.800 1.400 -2.228 -5.14 3.341 6.527
297.800 1.500 -4.281 -4.466 2.018 6.516
297.800 1.600 -4.231 -2.582 0.988 5.065
297.800 1.700 -3.087 -1.771 0.61 3.623
297.800 1.800 -1.904 -0.996 1.095 2.419
297.800 1.900 -0.054 -1.023 2.034 2.278
297.800 2.000 0.8 -3.113 2.519 4.088
297.800 2.100 -1.561 -5.213 2.015 5.811
297.800 2.200 -4.897 -4.996 1.248 7.119
297.800 2.300 -6.543 -3.705 0.981 7.596
297.800 2.400 -7.933 -2.831 1.457 8.562
297.800 2.500 -8.239 -0.721 2.66 8.699
297.800 2.600 -6.618 -0.285 4.384 7.951
297.800 2.700 -6.413 -1.31 5.367 8.47
297.800 2.800 -8.113 -1.823 4.173 9.313
297.800 2.900 -10.868 0.622 1.837 11.055
297.800 3.000 -9.646 5.618 -0.871 11.218
297.800 3.100 -5.762 8.183 -3.857 10.752
297.800 3.200 -1.637 9.724 -6.64 11.917
297.800 3.300 3.877 9.508 -9.03 13.704
297.800 3.400 8.424 5.592 -10.916 14.908
297.800 3.500 9.036 1.117 -11.394 14.612
297.800 3.600 8.788 -2.047 -11.25 14.445
297.800 3.700 6.453 -5.456 -11.077 13.953
297.800 3.800 2.594 -6.164 -10.952 12.85
297.800 3.900 0.467 -5.019 -10.618 11.773
297.800 4.000 0.307 -4.466 -10.08 11.05
297.800 4.100 0.51 -5.343 -9.838 11.232
297.800 4.200 0.216 -7.547 -9.585 12.228
297.800 4.300 -1.117 -11.803 -9.538 15.23
297.800 4.400 -6.631 -17.795 -9.692 21.358
297.800 4.500 -17.078 -20.608 -10.075 28.811
297.800 4.600 -27.004 -17.652 -10.157 34.329
297.800 4.700 -34.934 -13.489 -9.251 39.374
297.800 4.800 -41.585 -2.426 -8.631 43.626
297.800 4.900 -35.832 10.228 -9.237 39.358
297.800 5.000 -27.089 14.437 -9.91 33.009
297.800 5.100 -16.854 17.991 -9.341 26.765
297.800 5.200 -3.786 16.576 -7.478 18.655
297.800 5.300 4.593 10.325 -4.93 12.356
297.800 5.400 7.159 5.763 -2.208 9.505
297.800 5.500 9.235 2.294 0.746 9.596
297.800 5.600 9.064 -1.18 4.05 10.044
297.800 5.700 8.713 -3.459 7.12 11.808
297.800 5.800 6.942 -7.044 9.534 13.769
297.800 5.900 3.177 -9.149 11.118 14.785
297.800 6.000 -0.93 -10.829 11.256 15.712
297.800 6.100 -7.072 -11.494 9.482 16.601
297.800 6.200 -13.414 -8.327 6.468 17.197
297.800 6.300 -16.168 -3.41 3.377 16.998
297.800 6.400 -17.772 1.363 0.363 17.946
297.800 6.500 -15.849 8.344 -1.295 18.036
297.800 6.600 -9.837 11.853 -0.97 15.473
297.800 6.700 -4.225 12.622 0.227 13.326
297.800 6.800 1.818 12.464 1.844 12.734
297.800 6.900 7.709 9.69 4.061 13.044
297.800 7.000 9.726 5.993 6.065 12.959
297.800 7.100 11.213 4.039 7.889 14.325
297.800 7.200 11.438 0.606 8.537 14.327
297.800 7.300 9.66 -1.261 7.642 12.429
297.800 7.400 8.027 -3.719 5.976 10.734
297.800 7.500 3.74 -5.463 2.79 7.26
297.800 7.600 -0.489 -4.356 -0.88 4.557
297.800 7.700 -3.243 -2.338 -3.402 5.315
297.800 7.800 -5.221 -0.112 -5.209 7.424
297.800 7.900 -6.052 2.22 -5.803 8.71
297.800 8.000 -6.297 2.945 -4.82 8.492
297.800 8.100 -6.744 3.044 -3.672 8.291
297.800 8.200 -6.092 1.893 -2.713 6.965
297.800 8.300 -6.782 0.045 -2.573 7.283
297.800 8.400 -7.231 -0.675 -3.08 7.895
297.800 8.500 -7.806 -1.075 -4.176 8.929
297.800 8.600 -8.261 0.594 -5.021 9.704
297.800 8.700 -7.41 2.891 -4.865 9.35
297.800 8.800 -5.917 5.528 -3.77 8.972
297.800 8.900 -2.948 7.678 -1.5 8.393
297.800 9.000 0.395 7.433 1.06 7.543
297.800 9.100 2.182 5.365 2.934 6.518
297.800 9.200 2.44 3.164 4.215 5.845
297.800 9.300 1.912 1.102 4.199 4.793
297.800 9.400 0.397 -0.296 2.824 2.924
297.800 9.500 -1.211 0.716 1.902 2.412
297.800 9.600 -0.005 2.715 1.623 3.196
297.800 9.700 2.14 3.786 2.021 4.828
297.800 9.800 4.494 4.882 2.682 7.19
297.800 9.900 7.877 5.298 3.325 10.093
297.800 10.000 10.544 3.708 4.143 11.956
297.800 10.100 12.038 2.815 5.364 13.515
297.800 10.200 13.905 0.539 6.662 15.468
297.800 10.300 11.661 -2.029 7.423 14.014
297.800 10.400 9.457 -2.243 8.057 12.67
297.800 10.500 7.261 -3.042 7.414 10.86
297.800 10.600 4.6 -2.615 5.612 7.758
297.800 10.700 2.959 -1.718 3.936 5.261
297.800 10.800 1.825 -0.829 2.721 3.424
297.800 10.900 1.276 0.284 2.625 2.98
297.800 11.000 1.5 1.188 4.203 4.665
297.800 11.100 1.996 1.478 6.679 7.173
297.800 11.200 2.702 1.465 7.952 8.571
297.800 11.300 3.599 0.987 7.591 8.502
297.800 11.400 4.125 -0.034 6.099 7.403
297.800 11.500 4.204 -1.132 3.331 5.516
297.800 11.600 3.849 -2.819 0.119 4.79
297.800 11.700 1.314 -4.467 -2.834 5.457
297.800 11.800 -2.305 -3.759 -5.305 6.9
297.800 11.900 -4.014 -1.249 -6.318 7.591
297.800 12.000 -4.183 0.497 -6.032 7.362
297.800 12.100 -3.679 2.497 -4.98 6.686
297.800 12.200 -1.222 3.324 -2.785 4.518
297.800 12.300 0.878 1.784 -0.898 2.2
297.800 12.400 1.02 -0.194 -0.017 1.054
297.800 12.500 0.236 -0.998 0.224 1.063
297.800 12.600 -0.766 -1.115 0.078 1.366
297.800 12.700 -2.015 -0.613 -0.229 2.131
297.800 12.800 -2.564 0.719 -0.207 2.688
297.800 12.900 -1.778 1.524 0.352 2.39
297.800 13.000 -1.048 1.394 1.118 2.099
297.800 13.100 -0.319 1.187 1.702 2.127
297.800 13.200 0.305 0.834 2.204 2.404
297.800 13.300 0.546 0.546 2.648 2.784
297.800 13.400 0.61 0.446 2.976 3.095
297.800 13.500 0.741 0.347 2.918 3.055
297.800 13.600 0.84 0.235 1.954 2.162
297.800 13.700 1.036 0.25 0.636 1.26
297.800 13.800 1.573 0.593 -0.484 1.761
297.800 13.900 2.787 0.934 -1.747 3.428
297.800 14.000 3.467 0.656 -2.326 4.233
297.800 14.100 3.633 1.076 -2.052 4.318
297.800 14.200 4.113 0.589 -2.074 4.651
297.800 14.300 2.752 -0.171 -1.827 3.313
297.800 14.400 1.411 -0.131 -1.625 2.159
297.800 14.500 0.326 -0.256 -1.424 1.485
297.800 14.600 -0.828 0.235 -1.035 1.351
297.800 14.700 -0.509 1.873 -0.472 2.01
297.800 14.800 1.955 2.361 0.248 3.09
297.800 14.900 3.8 0.437 0.814 3.921
297.800 15.000 2.994 -1.509 0.807 3.455
297.900 0.000 -3.186 -0.637 -7.09 7.821
297.900 0.100 -4.045 2.869 -8.281 9.678
297.900 0.200 0.829 6.987 -5.279 8.827
297.900 0.300 8.398 5.206 0.298 9.908
297.900 0.400 10.127 -1.05 4.511 11.146
297.900 0.500 6.873 -2.728 6.949 10.151
297.900 0.600 5.175 -0.963 8.543 10.036
297.900 0.700 4.994 1.395 8.588 10.036
297.900 0.800 6.49 1.829 8.011 10.477
297.900 0.900 6.301 0.237 7.108 9.508
297.900 1.000 5.265 -0.871 5.917 7.973
297.900 1.100 3.74 -2.752 4.622 6.555
297.900 1.200 0.923 -4.019 3.155 5.195
297.900 1.300 -1.394 -3.753 1.544 4.297
297.900 1.400 -2.367 -3.629 -0.102 4.347
297.900 1.500 -3.514 -3.465 -1.567 5.197
297.900 1.600 -3.249 -2.593 -1.517 4.446
297.900 1.700 -2.475 -2.502 -0.312 3.549
297.900 1.800 -2.042 -2.222 1.187 3.251
297.900 1.900 -1.439 -2.154 2.716 3.756
297.900 2.000 -1.308 -2.843 3.255 4.518
297.900 2.100 -2.359 -3.696 1.835 4.761
297.900 2.200 -4.065 -3.889 -0.162 5.645
297.900 2.300 -5.399 -3.726 -0.897 6.639
297.900 2.400 -6.999 -3.498 -0.563 7.862
297.900 2.500 -8.128 -2.306 0.43 8.476
297.900 2.600 -8.708 -2.001 1.954 9.159
297.900 2.700 -10.059 -1.358 2.859 10.559
297.900 2.800 -10.593 -0.042 2.326 10.859
297.900 2.900 -11.411 2.959 0.778 11.831
297.900 3.000 -9.19 8.067 -1.252 12.314
297.900 3.100 -4.316 10.875 -3.637 12.279
297.900 3.200 0.802 11.931 -5.854 13.341
297.900 3.300 6.965 11.386 -7.443 15.31
297.900 3.400 12.401 6.673 -8.576 16.514
297.900 3.500 12.541 1.294 -9.423 15.763
297.900 3.600 11.777 -2.1 -9.896 15.547
297.900 3.700 9.547 -5.499 -9.828 14.781
297.900 3.800 6.404 -6.108 -9.722 13.161
297.900 3.900 4.551 -5.424 -9.669 11.996
297.900 4.000 3.647 -4.742 -9.475 11.217
297.900 4.100 3.558 -5.256 -9.721 11.624
297.900 4.200 2.994 -7.258 -10.372 13.024
297.900 4.300 1.477 -11.118 -11.477 16.05
297.900 4.400 -3.905 -16.786 -13.106 21.699
297.900 4.500 -14.175 -19.585 -14.968 28.706
297.900 4.600 -24.142 -16.996 -16.907 34.532
297.900 4.700 -33.114 -13.902 -18.669 41.031
297.900 4.800 -42.154 -2.46 -19.213 46.97
297.900 4.900 -33.666 11.224 -19.115 40.945
297.900 5.000 -21.625 13.735 -17.838 31.797
297.900 5.100 -11.983 14.584 -14.049 23.807
297.900 5.200 -2.074 12.357 -8.49 15.175
297.900 5.300 4.086 6.584 -3.214 8.396
297.900 5.400 6.005 2.339 1.53 6.656
297.900 5.500 7.486 -0.995 5.66 9.464
297.900 5.600 5.877 -4.318 8.704 11.372
297.900 5.700 4.168 -5.959 11.258 13.413
297.900 5.800 1.705 -8.579 12.884 15.585
297.900 5.900 -2.402 -9.672 13.399 16.729
297.900 6.000 -6.212 -9.526 12.706 17.119
297.900 6.100 -10.629 -8.584 10.043 17.088
297.900 6.200 -15.057 -4.897 6.517 17.299
297.900 6.300 -16.026 0.011 2.605 16.407
297.900 6.400 -16.329 3.869 -0.774 16.945
297.900 6.500 -13.97 9.175 -2.663 17.019
297.900 6.600 -8.602 10.991 -2.804 14.289
297.900 6.700 -4.329 10.735 -1.271 11.667
297.900 6.800 0.194 9.565 1.831 9.742
297.900 6.900 3.703 6.761 5.634 9.558
297.900 7.000 4.865 3.89 8.579 10.63
297.900 7.100 5.177 2.336 10.797 12.235
297.900 7.200 5.248 1.026 11.657 12.864
297.900 7.300 5.275 0.235 10.708 11.981
297.900 7.400 5.041 -1.307 8.835 10.302
297.900 7.500 3.07 -1.952 6.195 7.237
297.900 7.600 1.737 -1.06 2.963 3.647
297.900 7.700 0.038 -0.052 -0.019 0.148
297.900 7.800 -1.203 1.793 -2.662 3.452
297.900 7.900 -1.53 2.878 -4.747 5.784
297.900 8.000 -1.902 3.097 -6.254 7.26
297.900 8.100 -2.146 2.586 -7.114 7.897
297.900 8.200 -2.481 1.242 -6.781 7.359
297.900 8.300 -3.432 -0.013 -6.325 7.223
297.900 8.400 -3.935 -0.505 -6.006 7.212
297.900 8.500 -4.337 -0.766 -5.651 7.178
297.900 8.600 -4.671 0.218 -4.915 6.8
297.900 8.700 -4.242 1.87 -3.588 5.882
297.900 8.800 -3.402 3.775 -1.959 5.471
297.900 8.900 -1.91 5.447 -0.032 5.797
297.900 9.000 -0.025 5.795 1.493 6.007
297.900 9.100 0.874 4.609 1.892 5.082
297.900 9.200 0.441 3.115 1.244 3.408
297.900 9.300 0.067 2.106 0.246 2.139
297.900 9.400 0.062 0.884 -0.7 1.131
297.900 9.500 -0.499 0.808 -1.077 1.438
297.900 9.600 0.179 1.665 0.236 1.715
297.900 9.700 1.313 2.411 2.332 3.645
297.900 9.800 3.093 3.61 4.399 6.522
297.900 9.900 6.281 4.096 6.443 9.932
297.900 10.000 8.472 2.327 8.202 12.068
297.900 10.100 8.341 1.174 9.611 12.831
297.900 10.200 8.369 -0.379 10.773 13.699
297.900 10.300 6.484 -2.108 10.919 12.926
297.900 10.400 4.239 -1.944 10.476 11.522
297.900 10.500 2.873 -1.247 9.095 9.674
297.900 10.600 2.106 -0.495 6.819 7.209
297.900 10.700 1.781 0.042 4.583 4.969
297.900 10.800 1.604 0.161 2.864 3.338
297.900 10.900 1.302 -0.217 2.306 2.705
297.900 11.000 0.454 -0.769 3.39 3.555
297.900 11.100 -0.876 -0.46 5.28 5.421
297.900 11.200 -0.94 0.922 6.642 6.82
297.900 11.300 0.263 1.604 6.951 7.187
297.900 11.400 1.584 1.907 5.981 6.521
297.900 11.500 3.386 1.826 3.585 5.299
297.900 11.600 4.913 0.173 0.582 4.975
297.900 11.700 4.153 -1.652 -2.162 4.976
297.900 11.800 2.746 -1.615 -4.76 5.73
297.900 11.900 1.532 -1.069 -6.067 6.35
297.900 12.000 0.455 -0.034 -5.932 5.951
297.900 12.100 0.228 0.971 -5.156 5.255
297.900 12.200 0.622 1.201 -3.492 3.75
297.900 12.300 0.965 0.348 -1.758 2.04
297.900 12.400 0.341 -0.874 -0.682 1.163
297.900 12.500 -0.974 -1.212 -0.093 1.568
297.900 12.600 -1.826 -0.648 -0.264 1.968
297.900 12.700 -2.297 -0.219 -0.969 2.514
297.900 12.800 -2.537 0.616 -1.259 2.91
297.900 12.900 -1.745 1.021 -1.081 2.306
297.900 13.000 -1.231 0.686 -0.511 1.513
297.900 13.100 -0.948 0.368 0.45 1.134
297.900 13.200 -0.966 0.101 1.531 1.838
297.900 13.300 -1.049 0.201 2.146 2.423
297.900 13.400 -1.136 0.237 2.315 2.614
297.900 13.500 -1.059 0.783 2.285 2.662
297.900 13.600 0.293 1.271 1.752 2.211
297.900 13.700 1.875 0.996 1.319 2.519
297.900 13.800 2.893 0.937 1.526 3.421
297.900 13.900 4.599 1.287 2.13 5.247
297.900 14.000 5.319 0.483 2.504 5.914
297.900 14.100 4.633 1.027 2.477 5.369
297.900 14.200 4.759 1.051 1.932 5.258
297.900 14.300 3.447 0.514 0.356 3.515
297.900 14.400 2.22 0.367 -1.223 2.568
297.900 14.500 1.1 -0.245 -2.005 2.303
297.900 14.600 -0.272 -0.221 -1.867 1.902
297.900 14.700 -0.333 1.07 -1.08 1.565
297.900 14.800 1.558 1.504 -0.026 2.179
297.900 14.900 3.037 -0.001 0.86 3.167
297.900 15.000 2.37 -1.459 1.204 3.04
298.000 0.000 1.903 1.8 -6.476 7.011
298.000 0.100 3.987 2.064 -7.497 8.766
298.000 0.200 5.534 1.487 -3.96 6.993
298.000 0.300 7.162 -0.51 1.886 7.439
298.000 0.400 5.645 -4.783 6.756 10.023
298.000 0.500 0.409 -5.575 10.505 11.901
298.000 0.600 -2.85 -1.718 12.707 13.14
298.000 0.700 -1.495 2.16 12.557 12.832
298.000 0.800 1.306 3.024 11.646 12.104
298.000 0.900 2.209 2.123 9.451 9.936
298.000 1.000 2.398 1.119 6.604 7.117
298.000 1.100 2.004 -0.807 4.048 4.591
298.000 1.200 0.42 -2.123 1.766 2.797
298.000 1.300 -0.706 -1.932 -0.202 2.081
298.000 1.400 -0.224 -1.763 -2.09 2.769
298.000 1.500 0.42 -2.726 -3.441 4.438
298.000 1.600 -0.112 -3.957 -2.808 4.876
298.000 1.700 -1.359 -4.345 -0.836 4.645
298.000 1.800 -2.381 -3.994 1.17 4.805
298.000 1.900 -3.206 -3.45 2.812 5.491
298.000 2.000 -3.753 -2.317 3.275 5.5
298.000 2.100 -3.042 -1.5 1.839 3.867
298.000 2.200 -2.38 -2.143 -0.322 3.238
298.000 2.300 -3.386 -3.536 -1.479 5.136
298.000 2.400 -5.781 -4.019 -1.562 7.233
298.000 2.500 -7.668 -3.309 -1.073 8.44
298.000 2.600 -9.047 -3.003 -0.272 9.554
298.000 2.700 -10.897 -1.724 0.388 11.056
298.000 2.800 -11.89 0.353 0.675 11.932
298.000 2.900 -12.99 4.126 0.396 13.653
298.000 3.000 -9.995 10.103 -0.799 14.255
298.000 3.100 -3.799 13.057 -2.557 13.86
298.000 3.200 2.098 13.694 -4.362 14.551
298.000 3.300 8.244 12.588 -6.012 16.229
298.000 3.400 13.426 7.571 -7.169 17.024
298.000 3.500 14.461 1.973 -7.635 16.494
298.000 3.600 14.754 -1.982 -7.532 16.701
298.000 3.700 12.388 -5.985 -7.054 15.474
298.000 3.800 8.868 -6.295 -6.529 12.693
298.000 3.900 7.072 -5.371 -6.455 10.985
298.000 4.000 6.197 -4.178 -7.213 10.393
298.000 4.100 6.492 -4.301 -8.574 11.592
298.000 4.200 6.06 -5.858 -10.134 13.195
298.000 4.300 5.178 -8.893 -12.632 16.299
298.000 4.400 0.618 -13.989 -16.048 21.323
298.000 4.500 -8.372 -16.163 -20.562 27.658
298.000 4.600 -16.473 -13.666 -25.401 33.562
298.000 4.700 -22.648 -10.682 -29.769 39.154
298.000 4.800 -28.104 -2.148 -32.882 43.493
298.000 4.900 -22.121 7.667 -29.614 38.008
298.000 5.000 -13.138 9.1 -23.286 28.556
298.000 5.100 -6.441 8.292 -16.276 19.541
298.000 5.200 -0.189 5.906 -8.635 10.483
298.000 5.300 3.081 0.785 -1.734 3.667
298.000 5.400 1.597 -2.981 4.118 5.361
298.000 5.500 -0.171 -4.648 8.832 9.994
298.000 5.600 -1.861 -6.295 10.983 12.802
298.000 5.700 -4.026 -7.89 12.489 15.314
298.000 5.800 -6.467 -9.154 13.543 17.589
298.000 5.900 -9.842 -9.687 13.785 19.541
298.000 6.000 -13.152 -7.579 13.054 20.082
298.000 6.100 -14.741 -4.846 9.932 18.559
298.000 6.200 -16.441 -0.821 5.675 17.616
298.000 6.300 -15.107 4.115 1.429 15.918
298.000 6.400 -12.934 7.112 -2.743 15.179
298.000 6.500 -9.613 10.13 -5.13 14.988
298.000 6.600 -4.708 10.353 -5.266 12.598
298.000 6.700 -1.261 8.157 -3.767 9.11
298.000 6.800 0.528 5.447 -0.045 5.477
298.000 6.900 1.111 2.875 4.349 5.35
298.000 7.000 0.699 0.927 8.216 8.342
298.000 7.100 -0.184 0.275 11.277 11.328
298.000 7.200 -0.571 0.721 12.9 12.974
298.000 7.300 0.022 1.13 13.126 13.211
298.000 7.400 0.471 0.529 12.321 12.379
298.000 7.500 -0.545 0.554 10.365 10.431
298.000 7.600 -0.986 1.874 8.073 8.376
298.000 7.700 -1.003 3.4 4.559 5.79
298.000 7.800 -0.293 4.859 0.542 4.898
298.000 7.900 0.866 5.306 -2.758 6.049
298.000 8.000 2.116 5.074 -5.461 7.764
298.000 8.100 3.158 3.386 -7.404 8.756
298.000 8.200 2.403 1.167 -8.305 8.752
298.000 8.300 1.064 -0.339 -8.592 8.69
298.000 8.400 0.082 -1.379 -7.709 7.854
298.000 8.500 -0.887 -1.921 -5.96 6.344
298.000 8.600 -1.97 -1.495 -3.864 4.607
298.000 8.700 -2.726 -0.045 -1.43 3.102
298.000 8.800 -2.819 1.966 0.707 3.536
298.000 8.900 -2.432 3.952 2.153 5.145
298.000 9.000 -1.348 5.38 2.69 6.193
298.000 9.100 0.258 5.797 1.587 6.038
298.000 9.200 2.018 4.937 -0.863 5.415
298.000 9.300 3.078 2.953 -2.577 4.992
298.000 9.400 3.219 1.218 -2.741 4.411
298.000 9.500 3.023 -0.063 -2.157 3.731
298.000 9.600 2.055 -0.669 -0.147 2.201
298.000 9.700 1.223 -0.108 2.587 2.925
298.000 9.800 1.367 0.97 5.53 5.84
298.000 9.900 2.387 1.506 8.668 9.176
298.000 10.000 3.133 0.971 10.889 11.434
298.000 10.100 3.181 0.347 11.677 12.169
298.000 10.200 2.989 -0.783 12.088 12.538
298.000 10.300 1.226 -1.826 11.996 12.258
298.000 10.400 -0.772 -1.014 11.375 11.506
298.000 10.500 -1.222 0.813 9.747 9.916
298.000 10.600 -0.398 1.946 7.265 7.589
298.000 10.700 0.729 2.279 4.74 5.365
298.000 10.800 1.975 1.777 2.437 3.654
298.000 10.900 2.498 -0.238 1.185 2.814
298.000 11.000 0.709 -2.465 2.087 3.347
298.000 11.100 -2.228 -2.265 4.116 5.244
298.000 11.200 -3.262 -0.06 5.618 6.544
298.000 11.300 -2.559 1.511 6.34 7.049
298.000 11.400 -1.034 3.224 6.191 7.105
298.000 11.500 2.535 4.318 4.755 6.949
298.000 11.600 6.247 2.651 2.759 7.359
298.000 11.700 6.365 0.498 0.902 6.474
298.000 11.800 6.196 0.408 -0.934 6.299
298.000 11.900 5.507 -0.252 -2.626 6.118
298.000 12.000 3.947 0.14 -3.933 5.581
298.000 12.100 3.276 0.234 -4.377 5.478
298.000 12.200 2.453 -0.239 -3.669 4.425
298.000 12.300 1.501 -0.814 -2.647 3.153
298.000 12.400 0.204 -1.51 -2.005 2.519
298.000 12.500 -1.7 -1.404 -1.809 2.855
298.000 12.600 -2.326 0.014 -2.141 3.169
298.000 12.700 -1.665 0.467 -2.897 3.379
298.000 12.800 -1.323 0.608 -3.286 3.6
298.000 12.900 -0.593 0.469 -2.736 2.842
298.000 13.000 -0.298 -0.151 -1.841 1.874
298.000 13.100 -0.678 -0.728 -0.832 1.299
298.000 13.200 -1.665 -0.786 0.097 1.856
298.000 13.300 -2.027 0.014 0.549 2.118
298.000 13.400 -1.683 0.275 0.496 1.795
298.000 13.500 -1.349 0.796 0.501 1.666
298.000 13.600 0.276 1.133 1.13 1.65
298.000 13.700 1.861 0.389 2.249 2.967
298.000 13.800 2.281 -0.252 3.853 4.505
298.000 13.900 2.53 0.057 5.76 6.312
298.000 14.000 2.476 0.383 6.764 7.234
298.000 14.100 2.003 1.576 6.334 6.848
298.000 14.200 2.225 2.759 4.736 5.936
298.000 14.300 2.662 3.093 1.706 4.442
298.000 14.400 3.132 2.272 -1.455 4.145
298.000 14.500 2.592 0.403 -3.338 4.25
298.000 14.600 0.9 -0.705 -3.723 3.897
298.000 14.700 0.17 -0.178 -2.67 2.684
298.000 14.800 1.29 -0.042 -0.517 1.396
298.000 14.900 2.039 -0.87 1.367 2.615
298.000 15.000 1.442 -1.441 1.806 2.733
298.100 0.000 5.616 3.249 -3.434 7.365
298.100 0.100 9.447 0.782 -3.023 9.97
298.100 0.200 8.361 -3.419 -0.094 9.046
298.100 0.300 5.608 -5.62 4.514 9.139
298.100 0.400 1.239 -8.432 8.204 11.831
298.100 0.500 -6.2 -8.228 10.319 14.589
298.100 0.600 -11.092 -2.621 11.554 16.247
298.100 0.700 -9.647 2.2 12.187 15.707
298.100 0.800 -7.503 4.331 12.119 14.903
298.100 0.900 -4.235 5.647 9.343 11.715
298.100 1.000 -0.805 4.355 5.451 7.029
298.100 1.100 0.75 1.817 2.43 3.131
298.100 1.200 0.723 0.034 0.065 0.743
298.100 1.300 0.765 -0.262 -1.684 1.9
298.100 1.400 2.329 -0.458 -2.647 3.585
298.100 1.500 4.022 -2.512 -2.963 5.617
298.100 1.600 2.761 -5.42 -2.276 6.515
298.100 1.700 -0.131 -6.311 -0.76 6.374
298.100 1.800 -2.581 -5.943 1.142 6.591
298.100 1.900 -4.76 -4.769 3.012 7.389
298.100 2.000 -5.834 -1.903 3.672 7.161
298.100 2.100 -4.092 0.431 2.462 4.806
298.100 2.200 -1.862 -0.265 0.479 1.957
298.100 2.300 -2.103 -2.524 -1.24 3.536
298.100 2.400 -4.238 -3.706 -2.438 6.161
298.100 2.500 -6.379 -3.861 -2.7 7.954
298.100 2.600 -8.795 -3.945 -1.962 9.859
298.100 2.700 -11.592 -2.306 -1.086 11.888
298.100 2.800 -12.775 0.315 -0.668 12.816
298.100 2.900 -13.778 4.609 -0.644 14.563
298.100 3.000 -10.785 11.05 -0.978 15.494
298.100 3.100 -4.572 14.421 -1.74 15.251
298.100 3.200 1.894 15.536 -3.189 15.997
298.100 3.300 9.476 14.402 -5.163 18.021
298.100 3.400 15.941 8.28 -6.484 19.12
298.100 3.500 16.359 1.467 -6.329 17.623
298.100 3.600 15.519 -2.854 -5.313 16.666
298.100 3.700 12.8 -6.698 -4.152 15.043
298.100 3.800 9.067 -6.851 -3.16 11.802
298.100 3.900 7.155 -5.042 -2.822 9.198
298.100 4.000 7.161 -2.907 -3.487 8.483
298.100 4.100 8.536 -2.561 -5.009 10.237
298.100 4.200 8.454 -3.504 -7.455 11.826
298.100 4.300 8.507 -5.336 -10.864 14.821
298.100 4.400 5.783 -9.144 -15.694 19.068
298.100 4.500 0.329 -10.211 -21.923 24.191
298.100 4.600 -4.083 -8.673 -28.03 29.647
298.100 4.700 -7.323 -6.327 -32.867 34.281
298.100 4.800 -9.086 -2.038 -35.284 36.51
298.100 4.900 -6.746 2.016 -32.552 33.352
298.100 5.000 -3.117 1.967 -26.341 26.687
298.100 5.100 -1.106 -0.202 -18.055 18.159
298.100 5.200 -0.519 -2.551 -8.511 8.916
298.100 5.300 -1.448 -5.227 -0.961 5.547
298.100 5.400 -4.81 -7.479 3.202 9.485
298.100 5.500 -8.795 -7.45 5.93 13.006
298.100 5.600 -9.632 -7.29 7.217 14.131
298.100 5.700 -11.167 -9.233 8.167 16.7
298.100 5.800 -13.364 -9.985 9.588 19.369
298.100 5.900 -16.225 -10.096 10.941 22.245
298.100 6.000 -19.145 -6.24 11.209 23.309
298.100 6.100 -18.599 -1.614 9.776 21.318
298.100 6.200 -17.687 3.209 6.807 19.414
298.100 6.300 -13.961 8.526 2.61 16.711
298.100 6.400 -8.737 10.928 -1.797 14.219
298.100 6.500 -4.005 11.451 -4.631 13.069
298.100 6.600 0.699 10.092 -5.467 11.562
298.100 6.700 3.72 5.637 -4.426 8.139
298.100 6.800 2.788 1.223 -1.145 3.325
298.100 6.900 0.68 -1.392 3.019 3.492
298.100 7.000 -2.093 -3.025 7.351 8.299
298.100 7.100 -5.431 -2.609 11.307 12.877
298.100 7.200 -7.046 -0.191 13.32 15.114
298.100 7.300 -7.004 1.093 13.582 15.357
298.100 7.400 -7.182 1.852 13.078 15.069
298.100 7.500 -7.15 2.527 11.292 13.636
298.100 7.600 -7.576 4.352 9.42 12.875
298.100 7.700 -5.225 7.556 6.278 11.139
298.100 7.800 -1.054 8.674 2.431 9.071
298.100 7.900 2.252 8.364 -0.883 8.709
298.100 8.000 5.157 7.66 -3.868 10.021
298.100 8.100 7.577 5.074 -6.278 11.09
298.100 8.200 7.864 2.258 -7.774 11.311
298.100 8.300 7.799 -0.294 -8.756 11.756
298.100 8.400 5.658 -3.358 -7.631 10.107
298.100 8.500 2.317 -4.32 -5.029 7.058
298.100 8.600 -0.619 -4.218 -2.235 4.856
298.100 8.700 -3.552 -2.876 0.996 4.726
298.100 8.800 -5.334 0.269 3.612 6.492
298.100 8.900 -5.14 3.525 4.129 7.515
298.100 9.000 -3.862 5.986 3.532 7.983
298.100 9.100 -0.586 8.001 1.969 8.283
298.100 9.200 4.425 7.412 -0.302 8.655
298.100 9.300 7.259 3.654 -1.812 8.347
298.100 9.400 6.814 0.863 -1.989 7.176
298.100 9.500 6.136 -1.419 -1.182 6.44
298.100 9.600 3.782 -3.156 0.808 5.04
298.100 9.700 1.277 -2.875 3.451 4.736
298.100 9.800 -0.401 -1.996 6.172 6.569
298.100 9.900 -1.791 -1.212 8.764 9.094
298.100 10.000 -2.547 -0.311 10.561 10.934
298.100 10.100 -2.507 -0.291 11.501 11.841
298.100 10.200 -3.077 -0.886 12.013 12.497
298.100 10.300 -4.564 -1.335 11.526 12.532
298.100 10.400 -6.677 -0.099 10.891 12.834
298.100 10.500 -6.061 3.11 9.307 11.59
298.100 10.600 -3.116 4.463 6.845 8.801
298.100 10.700 -0.358 4.664 4.583 6.601
298.100 10.800 2.837 3.884 2.408 5.424
298.100 10.900 5.004 0.205 0.943 5.13
298.100 11.000 2.027 -4.009 1.238 4.691
298.100 11.100 -3.127 -4.036 2.51 5.725
298.100 11.200 -5.143 -1.125 3.846 6.562
298.100 11.300 -4.765 0.837 5.01 7.009
298.100 11.400 -3.542 3.371 5.784 7.622
298.100 11.500 0.314 5.07 6.17 8.04
298.100 11.600 4.141 3.877 6.109 8.382
298.100 11.700 5.033 2.173 4.901 7.394
298.100 11.800 5.393 2.071 3.29 6.684
298.100 11.900 5.743 1.848 1.242 6.188
298.100 12.000 6.187 1.947 -1.34 6.644
298.100 12.100 6.533 0.586 -3.1 7.269
298.100 12.200 4.862 -0.809 -3.372 5.981
298.100 12.300 3.113 -1.291 -3.331 4.743
298.100 12.400 1.51 -1.674 -3.264 3.968
298.100 12.500 -0.165 -1.149 -3.443 3.635
298.100 12.600 -0.457 0.455 -3.789 3.847
298.100 12.700 0.8 1.087 -4.219 4.436
298.100 12.800 1.738 0.372 -4.405 4.754
298.100 12.900 1.643 -0.486 -3.633 4.02
298.100 13.000 1.197 -1.107 -2.633 3.099
298.100 13.100 0.34 -1.588 -1.737 2.378
298.100 13.200 -0.826 -1.294 -1.151 1.921
298.100 13.300 -1.144 -0.174 -0.855 1.445
298.100 13.400 -0.43 0.364 -0.758 0.953
298.100 13.500 0.337 0.267 -0.487 0.659
298.100 13.600 1.167 -0.177 0.756 1.419
298.100 13.700 1.765 -1.413 2.683 3.526
298.100 13.800 0.787 -2.606 5.352 6.022
298.100 13.900 -0.825 -1.905 8.175 8.453
298.100 14.000 -1.841 0.069 9.622 9.816
298.100 14.100 -2.09 2.739 9.11 9.76
298.100 14.200 -0.949 5.603 6.733 8.832
298.100 14.300 1.891 7.121 2.354 7.755
298.100 14.400 5.002 5.475 -2.344 7.791
298.100 14.500 5.806 1.851 -5.144 7.981
298.100 14.600 4.738 -0.78 -6.077 7.749
298.100 14.700 3.271 -2.359 -4.834 6.297
298.100 14.800 1.573 -2.987 -1.432 3.668
298.100 14.900 0.164 -2.305 1.384 2.701
298.100 15.000 -0.105 -1.281 2.045 2.426
298.200 0.000 7.004 3.284 -0.56 7.776
298.200 0.100 10.532 -0.838 0.087 10.58
298.200 0.200 7.845 -6.963 2.444 10.774
298.200 0.300 1.8 -9.419 5.688 11.15
298.200 0.400 -4.337 -10.282 7.669 13.541
298.200 0.500 -11.672 -9.179 8.44 17.084
298.200 0.600 -16.711 -2.926 8.663 19.062
298.200 0.700 -15.966 2.245 7.701 17.887
298.200 0.800 -14.96 5.614 6.411 17.242
298.200 0.900 -9.302 9.064 4.428 13.738
298.200 1.000 -2.523 7.394 2.022 8.085
298.200 1.100 0.886 4.018 0.121 4.135
298.200 1.200 2.311 1.769 -1.228 3.185
298.200 1.300 3.453 0.611 -2.043 4.085
298.200 1.400 4.963 -0.218 -2.148 5.436
298.200 1.500 6.531 -2.817 -2.071 7.429
298.200 1.600 4.802 -6.546 -1.248 8.232
298.200 1.700 1.117 -7.842 0.044 7.936
298.200 1.800 -2.593 -7.918 1.571 8.49
298.200 1.900 -6.966 -6.487 3.431 10.129
298.200 2.000 -9.419 -1.595 4.313 10.494
298.200 2.100 -6.242 2.467 2.908 7.33
298.200 2.200 -2.306 1.745 0.753 3.007
298.200 2.300 -1.459 -0.929 -1.007 2.032
298.200 2.400 -2.58 -2.609 -2.42 4.427
298.200 2.500 -4.451 -3.814 -3.3 6.755
298.200 2.600 -7.617 -4.402 -3.578 9.522
298.200 2.700 -11.063 -2.993 -3.432 11.987
298.200 2.800 -13.262 -0.596 -2.311 13.496
298.200 2.900 -15.542 4.218 -0.989 16.154
298.200 3.000 -12.642 11.697 -1.036 17.276
298.200 3.100 -6.094 15.454 -1.996 16.756
298.200 3.200 1.036 17.287 -3.305 17.654
298.200 3.300 10.166 15.981 -4.964 19.604
298.200 3.400 17.348 8.65 -5.774 20.249
298.200 3.500 18.009 0.738 -5.17 18.77
298.200 3.600 17.083 -4.195 -3.678 17.988
298.200 3.700 13.373 -8.428 -1.655 15.906
298.200 3.800 8.388 -7.975 0.248 11.585
298.200 3.900 6.005 -5.066 1.041 7.931
298.200 4.000 5.937 -1.957 0.558 6.29
298.200 4.100 7.442 -0.43 -1.053 7.554
298.200 4.200 8.767 -0.049 -4.154 9.736
298.200 4.300 10.499 -0.87 -8.574 13.625
298.200 4.400 10.111 -3.34 -13.884 17.557
298.200 4.500 8.171 -3.678 -20.106 22.101
298.200 4.600 7.178 -2.943 -26.444 27.668
298.200 4.700 6.847 -2.05 -31.872 32.738
298.200 4.800 7.216 -1.894 -34.732 35.548
298.200 4.900 7.791 -2.602 -32.265 33.31
298.200 5.000 8.489 -4.872 -26.575 28.368
298.200 5.100 5.59 -9.445 -18.86 21.862
298.200 5.200 -1.178 -11.397 -10.173 15.333
298.200 5.300 -6.579 -10.129 -3.942 12.742
298.200 5.400 -9.467 -9.654 -1.288 13.63
298.200 5.500 -12.586 -8.773 -0.212 15.429
298.200 5.600 -12.914 -8.19 0.595 15.485
298.200 5.700 -13.777 -10.63 1.807 17.819
298.200 5.800 -16.538 -12.513 4.444 21.814
298.200 5.900 -21.074 -12.341 8.269 26.978
298.200 6.000 -24.708 -6.473 10.815 29.247
298.200 6.100 -23.515 0.198 10.283 26.586
298.200 6.200 -21.328 6.459 7.958 24.074
298.200 6.300 -15 12.856 4.433 20.422
298.200 6.400 -6.769 14.712 0.468 16.266
298.200 6.500 -0.212 13.518 -2.603 13.814
298.200 6.600 5.278 10.45 -4.28 12.528
298.200 6.700 8.12 3.688 -3.895 9.837
298.200 6.800 5.512 -2.432 -1.045 6.264
298.200 6.900 1.355 -5.43 2.741 6.367
298.200 7.000 -4.1 -7.139 6.488 10.565
298.200 7.100 -10.869 -5.632 9.598 15.623
298.200 7.200 -13.729 -0.549 10.778 17.512
298.200 7.300 -13.026 1.605 10.071 16.583
298.200 7.400 -13.235 3.142 8.848 16.268
298.200 7.500 -12.035 4.253 7.517 14.847
298.200 7.600 -11.936 6.239 6.033 14.783
298.200 7.700 -8.307 10.217 4.624 13.967
298.200 7.800 -2.425 11.309 3.181 11.997
298.200 7.900 2.47 11.083 1.377 11.439
298.200 8.000 7.82 10.529 -1.015 13.162
298.200 8.100 12.52 6.71 -3.102 14.56
298.200 8.200 12.878 3.073 -3.716 13.779
298.200 8.300 13.708 -0.061 -4.008 14.315
298.200 8.400 10.347 -5.018 -3.83 12.162
298.200 8.500 4.604 -6.431 -2.969 8.497
298.200 8.600 -0.308 -6.936 -1.342 7.129
298.200 8.700 -6.34 -6.186 1.348 9.016
298.200 8.800 -10.931 -1.128 3.759 11.66
298.200 8.900 -9.302 4.192 3.813 10.929
298.200 9.000 -6.194 6.977 3.112 9.866
298.200 9.100 -1.476 9.538 2.274 9.938
298.200 9.200 5.058 8.862 1.23 10.301
298.200 9.300 8.965 4.404 0.509 10.032
298.200 9.400 9.464 0.916 0.138 9.546
298.200 9.500 9.061 -2.708 0.463 9.513
298.200 9.600 5.108 -5.689 2.566 8.124
298.200 9.700 0.644 -5.326 5.039 7.43
298.200 9.800 -2.494 -4.114 6.831 8.427
298.200 9.900 -5.181 -2.856 8.11 10.107
298.200 10.000 -6.78 -1.128 8.72 11.168
298.200 10.100 -7.531 -0.836 8.704 11.604
298.200 10.200 -9.114 -0.632 8.469 12.516
298.200 10.300 -9.587 -0.326 7.424 12.187
298.200 10.400 -11.324 0.713 6.32 13.039
298.200 10.500 -9.8 4.72 5.628 12.295
298.200 10.600 -5.217 6.111 5.014 9.523
298.200 10.700 -1.382 6.351 4.074 7.723
298.200 10.800 2.942 5.437 2.824 6.843
298.200 10.900 5.876 0.929 1.8 6.256
298.200 11.000 3.146 -4.173 1.154 5.384
298.200 11.100 -1.945 -4.782 1.047 5.296
298.200 11.200 -4.746 -2.599 2 5.803
298.200 11.300 -5.781 -0.585 3.814 6.991
298.200 11.400 -5.48 2.407 5.403 8.11
298.200 11.500 -2.546 4.406 6.43 8.25
298.200 11.600 0.36 4.023 7.059 8.183
298.200 11.700 1.821 3.365 6.787 7.84
298.200 11.800 3.041 3.605 5.768 7.496
298.200 11.900 4.497 4.045 4.136 7.368
298.200 12.000 6.854 4.241 2.099 8.362
298.200 12.100 8.644 1.918 0.211 8.881
298.200 12.200 7.182 -0.041 -1.511 7.357
298.200 12.300 5.857 -0.867 -2.86 6.588
298.200 12.400 4.001 -1.661 -3.256 5.426
298.200 12.500 2.139 -0.905 -3.361 4.088
298.200 12.600 1.949 0.735 -3.606 4.171
298.200 12.700 3.484 1.396 -3.801 5.352
298.200 12.800 4.728 0.055 -3.723 6.027
298.200 12.900 4.056 -1.288 -3.246 5.359
298.200 13.000 3.2 -1.951 -2.597 4.565
298.200 13.100 1.876 -2.415 -1.696 3.5
298.200 13.200 0.488 -1.721 -0.949 2.027
298.200 13.300 0.202 -0.354 -0.656 0.773
298.200 13.400 1.102 0.3 -0.604 1.304
298.200 13.500 2.028 -0.5 -0.239 2.113
298.200 13.600 2.014 -1.892 1.064 2.973
298.200 13.700 1.387 -3.88 3.34 5.317
298.200 13.800 -1.638 -5.877 6.534 8.953
298.200 13.900 -6.073 -4.64 10.244 12.795
298.200 14.000 -8.449 -0.275 12.045 14.732
298.200 14.100 -8.32 4.185 11.216 14.598
298.200 14.200 -5.986 9.313 8.646 14.068
298.200 14.300 0.926 12.741 3.22 13.194
298.200 14.400 8.902 9.795 -2.646 13.512
298.200 14.500 11.258 3.348 -5.503 12.98
298.200 14.600 10.609 -0.75 -6.07 12.251
298.200 14.700 8.284 -4.978 -4.819 10.803
298.200 14.800 2.837 -6.424 -1.698 7.227
298.200 14.900 -1.133 -4.024 0.841 4.268
298.200 15.000 -1.412 -1.315 1.735 2.605
298.300 0.000 7.427 2.91 2.73 8.449
298.300 0.100 11.858 -1.948 3.736 12.596
298.300 0.200 7.319 -9.213 4.664 12.658
298.300 0.300 -1.29 -10.912 4.9 12.034
298.300 0.400 -8.206 -10.348 4.058 13.822
298.300 0.500 -16.167 -9.244 2.699 18.818
298.300 0.600 -22.028 -1.895 1.505 22.163
298.300 0.700 -18.431 4.017 0.227 18.881
298.300 0.800 -14.962 6.982 -0.727 16.549
298.300 0.900 -8.798 10.283 -1.222 13.603
298.300 1.000 -1.399 8.73 -1.808 9.042
298.300 1.100 2.582 4.625 -1.939 5.664
298.300 1.200 4.122 1.96 -1.224 4.749
298.300 1.300 5.415 0.374 -0.311 5.457
298.300 1.400 6.762 -0.483 0.571 6.82
298.300 1.500 8.97 -3.169 1.195 9.603
298.300 1.600 6.358 -7.617 1.741 10.086
298.300 1.700 1.474 -8.779 2.154 9.169
298.300 1.800 -3.12 -9.084 2.532 9.945
298.300 1.900 -8.933 -7.515 2.893 12.041
298.300 2.000 -12.311 -1.309 2.844 12.722
298.300 2.100 -8.3 3.989 2.356 9.527
298.300 2.200 -3.094 3.467 1.292 4.843
298.300 2.300 -1.587 0.569 -0.19 1.723
298.300 2.400 -2.206 -1.315 -1.679 3.102
298.300 2.500 -3.584 -2.917 -2.976 5.528
298.300 2.600 -6.23 -3.843 -4.071 8.404
298.300 2.700 -9.353 -3.327 -4.508 10.927
298.300 2.800 -12.758 -1.699 -4.16 13.55
298.300 2.900 -16.496 3.548 -3.749 17.307
298.300 3.000 -13.716 12.018 -3.384 18.571
298.300 3.100 -6.495 16.287 -3.455 17.896
298.300 3.200 1.545 18.598 -4.153 19.142
298.300 3.300 12.45 17.453 -5.263 22.096
298.300 3.400 21.291 8.359 -5.829 23.623
298.300 3.500 20.28 -1.542 -3.782 20.705
298.300 3.600 17.062 -6.672 -0.687 18.349
298.300 3.700 11.931 -10.626 1.879 16.101
298.300 3.800 5.605 -9.649 4.048 11.884
298.300 3.900 2.543 -5.125 5.134 7.703
298.300 4.000 3.174 -0.68 4.336 5.441
298.300 4.100 5.625 1.916 2.516 6.487
298.300 4.200 8.414 3.64 -0.29 9.209
298.300 4.300 12.571 3.973 -4.204 13.888
298.300 4.400 14.598 2.415 -9.339 17.624
298.300 4.500 15.978 2.992 -15.866 23.017
298.300 4.600 18.66 2.884 -22.149 29.554
298.300 4.700 21.993 2.963 -27.244 35.437
298.300 4.800 26.235 -1.362 -30.823 40.598
298.300 4.900 23.157 -7.788 -28.049 37.327
298.300 5.000 18.768 -11.184 -22.255 31.422
298.300 5.100 11.537 -16.565 -16.712 26.348
298.300 5.200 0.215 -17.513 -11.796 21.13
298.300 5.300 -7.73 -13.503 -8.491 17.745
298.300 5.400 -11.219 -11.033 -6.997 17.273
298.300 5.500 -14.419 -9.256 -6.545 18.455
298.300 5.600 -13.741 -8.627 -6.741 17.913
298.300 5.700 -14.288 -12.761 -5.643 20.744
298.300 5.800 -18.604 -16.706 -1.899 26.435
298.300 5.900 -26.768 -17.193 3.764 34.566
298.300 6.000 -33.267 -8.29 8.277 38.46
298.300 6.100 -30.65 1.092 9.723 34.208
298.300 6.200 -26.659 8.827 9.243 30.83
298.300 6.300 -17.828 16.618 6.474 25.808
298.300 6.400 -6.331 18.306 2.715 19.651
298.300 6.500 2.595 15.889 0.008 16.126
298.300 6.600 10.331 11.839 -1.853 15.904
298.300 6.700 14.339 2.047 -2.222 14.801
298.300 6.800 8.574 -6.212 0.716 10.783
298.300 6.900 1.405 -8.82 4.053 9.916
298.300 7.000 -5.878 -9.725 6.287 13.021
298.300 7.100 -13.682 -6.926 7.427 17.073
298.300 7.200 -16.665 -0.21 7.261 18.22
298.300 7.300 -15.035 3.12 5.82 16.469
298.300 7.400 -14.003 4.37 4.148 15.298
298.300 7.500 -13.007 5.08 3.388 14.409
298.300 7.600 -12.794 7.08 3.167 14.986
298.300 7.700 -9.355 10.813 2.968 14.614
298.300 7.800 -3.902 11.894 3.035 12.884
298.300 7.900 1.169 12.047 3.303 12.547
298.300 8.000 7.425 11.616 3.699 14.282
298.300 8.100 12.823 7.571 3.889 15.413
298.300 8.200 13.121 3.64 2.855 13.944
298.300 8.300 13.327 0.403 1.763 13.488
298.300 8.400 10.505 -4.392 0.52 11.449
298.300 8.500 5.592 -6.444 -0.682 8.618
298.300 8.600 0.383 -7.95 -1.259 8.122
298.300 8.700 -7.144 -7.778 -1.377 10.706
298.300 8.800 -13.107 -2.184 -1.109 13.375
298.300 8.900 -11.374 3.702 0.333 11.997
298.300 9.000 -8.165 6.732 2.002 10.798
298.300 9.100 -2.704 10.029 2.748 10.771
298.300 9.200 5.498 9.454 2.792 11.316
298.300 9.300 10.246 4.113 3.358 11.583
298.300 9.400 10.661 0.519 4.716 11.723
298.300 9.500 10.692 -3.743 5.747 12.764
298.300 9.600 4.756 -7.599 6.462 11.123
298.300 9.700 -1.793 -6.69 7.064 9.969
298.300 9.800 -5.668 -4.722 6.992 10.235
298.300 9.900 -8.958 -3.237 6.601 11.652
298.300 10.000 -10.663 -0.404 5.766 12.186
298.300 10.100 -9.908 0.372 3.78 10.662
298.300 10.200 -10.389 0.288 2.039 10.637
298.300 10.300 -10.102 0.503 1.533 10.272
298.300 10.400 -10.657 1.256 1.422 10.866
298.300 10.500 -9.409 4.281 2.017 10.574
298.300 10.600 -6.118 5.863 3.215 9.112
298.300 10.700 -2.494 6.984 3.73 8.354
298.300 10.800 2.762 6.639 3.015 7.847
298.300 10.900 6.766 1.83 1.82 7.283
298.300 11.000 4.357 -3.795 1.245 5.944
298.300 11.100 -0.546 -4.901 0.953 5.05
298.300 11.200 -3.9 -3.773 1.185 5.585
298.300 11.300 -6.659 -2.355 2.27 7.453
298.300 11.400 -7.834 1.04 3.812 8.815
298.300 11.500 -5.241 3.266 5.448 8.283
298.300 11.600 -2.941 3.364 6.956 8.318
298.300 11.700 -1.651 3.528 7.669 8.654
298.300 11.800 -0.362 4.429 7.716 8.954
298.300 11.900 1.747 5.765 6.694 9.052
298.300 12.000 5.107 6.083 4.774 9.308
298.300 12.100 7.721 3.78 2.9 9.106
298.300 12.200 7.982 1.772 1.148 8.284
298.300 12.300 8.191 0.265 -0.317 8.222
298.300 12.400 6.328 -1.271 -1.363 6.612
298.300 12.500 4.242 -0.513 -2.184 4.81
298.300 12.600 4.097 0.965 -2.664 4.994
298.300 12.700 5.605 1.416 -2.81 6.442
298.300 12.800 6.743 -0.291 -2.645 7.262
298.300 12.900 5.968 -1.885 -1.934 6.561
298.300 13.000 5.1 -2.688 -1.099 5.879
298.300 13.100 3.159 -3.306 -0.285 4.59
298.300 13.200 1.182 -2.183 0.321 2.512
298.300 13.300 0.889 -0.346 0.428 1.063
298.300 13.400 2.147 0.382 0.103 2.2
298.300 13.500 3.195 -1.124 0.078 3.4
298.300 13.600 2.487 -3.51 1.06 4.44
298.300 13.700 0.403 -6.358 2.834 6.982
298.300 13.800 -4.952 -9.366 5.483 11.94
298.300 13.900 -13.638 -7.963 8.901 18.14
298.300 14.000 -17.77 -0.12 10.377 20.593
298.300 14.100 -16.051 5.716 9.113 19.339
298.300 14.200 -12.846 12.842 7.025 19.494
298.300 14.300 -1.104 18.135 3.29 18.484
298.300 14.400 11.755 13.697 -0.294 18.07
298.300 14.500 15.514 4.666 -2.592 16.419
298.300 14.600 14.659 -0.934 -3.355 15.076
298.300 14.700 11.431 -6.903 -2.519 13.595
298.300 14.800 3.904 -8.958 -0.543 9.79
298.300 14.900 -1.607 -5.443 1.282 5.823
298.300 15.000 -2.245 -1.468 1.767 3.221
298.400 0.000 4.324 0.59 6.168 7.566
298.400 0.100 6.433 -3.033 8.78 11.305
298.400 0.200 2.872 -7.945 7.731 11.452
298.400 0.300 -3.423 -8.73 4.436 10.38
298.400 0.400 -8.221 -7.321 0.404 11.026
298.400 0.500 -12.999 -5.781 -4.731 14.996
298.400 0.600 -16.38 -0.788 -8.297 18.378
298.400 0.700 -14.535 3.326 -7.402 16.657
298.400 0.800 -12.684 6.516 -5.604 15.339
298.400 0.900 -6.592 10.278 -4.609 13.062
298.400 1.000 1.481 8.625 -3.811 9.562
298.400 1.100 5.16 3.452 -2.493 6.713
298.400 1.200 5.036 0.292 -0.513 5.089
298.400 1.300 4.887 -1.239 1.661 5.319
298.400 1.400 5.034 -2.139 3.954 6.756
298.400 1.500 5.643 -4.056 5.978 9.172
298.400 1.600 3.374 -7.093 5.686 9.7
298.400 1.700 -0.602 -8.284 4.214 9.319
298.400 1.800 -4.968 -8.851 3.185 10.649
298.400 1.900 -10.752 -7.411 2.733 13.359
298.400 2.000 -14.213 -0.972 2.53 14.492
298.400 2.100 -10.603 4.578 1.801 11.713
298.400 2.200 -5.883 4.503 1.097 7.514
298.400 2.300 -3.703 2.277 -0.302 4.385
298.400 2.400 -3.448 0.159 -2.007 4.028
298.400 2.500 -4.155 -1.495 -3.508 5.674
298.400 2.600 -5.771 -2.832 -4.881 8.102
298.400 2.700 -8.447 -3.163 -5.583 10.635
298.400 2.800 -11.941 -2.077 -5.423 13.302
298.400 2.900 -15.593 3.149 -4.719 16.615
298.400 3.000 -13.163 11.642 -4.307 18.117
298.400 3.100 -6.187 16.336 -4.099 17.968
298.400 3.200 2.232 18.939 -3.858 19.476
298.400 3.300 13.878 17.659 -3.436 22.734
298.400 3.400 23.143 7.397 -2.315 24.414
298.400 3.500 21.072 -3.832 -1.028 21.453
298.400 3.600 16.11 -9.298 0.858 18.637
298.400 3.700 9.46 -13.144 3.308 16.547
298.400 3.800 1.102 -11.838 5.838 13.265
298.400 3.900 -3.057 -5.321 7.249 9.518
298.400 4.000 -1.251 0.356 7.147 7.285
298.400 4.100 2.035 3.82 6.318 7.684
298.400 4.200 6.159 6.647 4.156 9.999
298.400 4.300 11.641 7.765 1.203 14.094
298.400 4.400 16.125 7.663 -2.342 18.182
298.400 4.500 22.154 9.073 -6.626 25.336
298.400 4.600 28.559 7.364 -10.74 32.151
298.400 4.700 33.368 6.85 -13.796 37.203
298.400 4.800 40.627 -0.282 -15.802 43.783
298.400 4.900 34.427 -10.862 -16.621 40.034
298.400 5.000 25.822 -14.869 -16.279 34.376
298.400 5.100 15.915 -20.397 -14.477 29.861
298.400 5.200 2.159 -20.605 -11.984 23.952
298.400 5.300 -6.902 -14.226 -11.282 19.441
298.400 5.400 -9.255 -10.027 -13.488 19.238
298.400 5.500 -11.032 -8.359 -16.238 21.438
298.400 5.600 -9.343 -8.758 -16.846 21.542
298.400 5.700 -9.631 -15.144 -15.761 24.846
298.400 5.800 -16.752 -22.779 -11.142 32.169
298.400 5.900 -30.715 -24.127 -2.699 42.053
298.400 6.000 -41.01 -11.913 3.919 46.419
298.400 6.100 -39.254 0.037 5.798 42.78
298.400 6.200 -35.795 9.369 6.461 40.134
298.400 6.300 -23.698 19.299 6.19 32.329
298.400 6.400 -8.026 20.591 5.543 22.904
298.400 6.500 2.882 17.139 5.08 18.129
298.400 6.600 11.79 12.617 4.94 18.075
298.400 6.700 16.553 1.188 5.235 17.589
298.400 6.800 8.917 -8.322 5.3 13.492
298.400 6.900 -0.243 -10.524 5.742 12.083
298.400 7.000 -8.415 -10.684 5.976 14.866
298.400 7.100 -17.235 -7.184 6.044 19.633
298.400 7.200 -19.847 1.42 4.882 20.504
298.400 7.300 -15.971 5.244 2.385 17.023
298.400 7.400 -13.643 5.752 0.476 14.881
298.400 7.500 -12.419 5.529 -0.645 13.661
298.400 7.600 -13.007 6.899 -0.89 14.782
298.400 7.700 -9.718 10.332 0.025 14.199
298.400 7.800 -4.63 10.832 1.798 11.921
298.400 7.900 -0.562 10.719 3.903 11.423
298.400 8.000 3.887 10.109 6.175 12.477
298.400 8.100 7.626 7.581 7.632 13.208
298.400 8.200 9.524 5.134 7.182 13.017
298.400 8.300 11.566 2.008 5.571 13.035
298.400 8.400 9.59 -2.766 3.587 10.661
298.400 8.500 5.371 -4.863 1.273 7.423
298.400 8.600 1.041 -6.636 -1.025 6.864
298.400 8.700 -4.98 -6.731 -2.953 8.935
298.400 8.800 -9.644 -2.663 -3.789 10.738
298.400 8.900 -9.798 1.7 -2.818 10.364
298.400 9.000 -8.835 4.725 -0.803 10.077
298.400 9.100 -4.244 8.324 2.112 9.606
298.400 9.200 3.455 7.717 5.79 10.29
298.400 9.300 7.356 2.517 8.579 11.642
298.400 9.400 6.19 -1.059 10.048 11.927
298.400 9.500 4.526 -4.036 10.874 12.534
298.400 9.600 -0.17 -6.677 9.336 11.563
298.400 9.700 -5.946 -5.815 7.139 11.037
298.400 9.800 -8.801 -3.218 4.921 10.65
298.400 9.900 -10.78 -1.809 2.411 11.245
298.400 10.000 -11.477 1.251 0.365 11.594
298.400 10.100 -8.771 2.259 -0.986 9.146
298.400 10.200 -7.416 1.212 -2.099 7.831
298.400 10.300 -7.579 0.25 -2.212 7.927
298.400 10.400 -9.011 0.604 -1.544 9.194
298.400 10.500 -8.586 2.99 -0.279 9.133
298.400 10.600 -6.65 4.401 1.504 8.161
298.400 10.700 -3.945 6.445 3.128 8.232
298.400 10.800 1.793 6.992 4.179 8.398
298.400 10.900 6.692 2.611 4.405 8.48
298.400 11.000 4.675 -2.815 3.053 6.298
298.400 11.100 0.353 -4.116 1.194 4.332
298.400 11.200 -2.739 -3.848 0.201 4.753
298.400 11.300 -5.605 -3.108 0.118 6.435
298.400 11.400 -7.375 -0.677 1.05 7.512
298.400 11.500 -6.819 0.966 3.455 7.746
298.400 11.600 -6.52 1.796 5.938 9.046
298.400 11.700 -5.828 2.91 7.17 9.735
298.400 11.800 -5.245 4.35 7.874 10.461
298.400 11.900 -2.63 7.228 7.567 10.838
298.400 12.000 2.793 7.941 6.175 10.485
298.400 12.100 6.791 5.274 4.825 9.9
298.400 12.200 7.468 3.028 3.628 8.872
298.400 12.300 7.932 1.44 2.457 8.457
298.400 12.400 6.985 -0.023 1.157 7.104
298.400 12.500 6.049 0.418 -0.114 6.086
298.400 12.600 6.283 1.204 -0.727 6.458
298.400 12.700 7.844 1.505 -0.753 8.042
298.400 12.800 9.14 -0.815 -0.562 9.21
298.400 12.900 7.197 -2.891 0.207 7.774
298.400 13.000 5.292 -3.507 1.061 6.451
298.400 13.100 3.002 -3.862 1.626 5.169
298.400 13.200 0.806 -2.487 2.028 3.326
298.400 13.300 0.668 -0.058 2.031 2.166
298.400 13.400 2.893 0.966 1.481 3.415
298.400 13.500 4.714 -1.318 1.032 5.017
298.400 13.600 3.228 -4.484 1.273 5.679
298.400 13.700 0.33 -7.7 1.751 7.911
298.400 13.800 -6.322 -11.265 2.336 13.135
298.400 13.900 -16.9 -9.572 2.615 19.606
298.400 14.000 -21.709 -0.092 2.873 21.911
298.400 14.100 -18.837 6.909 3.009 20.303
298.400 14.200 -14.219 14.637 2.246 20.546
298.400 14.300 -1.47 20.303 1.552 20.435
298.400 14.400 12.266 15.537 0.45 19.819
298.400 14.500 17.273 5.955 -0.331 18.287
298.400 14.600 17.585 -0.607 -1.028 17.635
298.400 14.700 14.02 -8.183 -0.931 16.267
298.400 14.800 4.266 -10.917 0.587 11.738
298.400 14.900 -3.142 -6.26 1.645 7.2
298.400 15.000 -3.336 -1.17 1.577 3.88
298.500 0.000 -0.445 -2.574 5.867 6.424
298.500 0.100 -1.882 -3.966 7.839 8.988
298.500 0.200 -3.523 -5.036 6.713 9.106
298.500 0.300 -6.111 -4.811 3.398 8.503
298.500 0.400 -7.274 -2.172 -1.019 7.686
298.500 0.500 -6.302 -0.316 -6.307 8.932
298.500 0.600 -5.736 0.667 -9.965 11.518
298.500 0.700 -6.338 1.924 -10.346 12.288
298.500 0.800 -6.481 5.007 -9.58 12.612
298.500 0.900 -2 8.379 -7.347 11.335
298.500 1.000 4.503 6.776 -4.695 9.414
298.500 1.100 6.953 1.4 -2.32 7.483
298.500 1.200 5.468 -2.01 0.184 5.843
298.500 1.300 3.732 -3.619 2.59 5.814
298.500 1.400 1.582 -4.644 4.939 6.963
298.500 1.500 -0.478 -5.042 6.613 8.33
298.500 1.600 -1.915 -5.49 6.052 8.394
298.500 1.700 -3.751 -6.513 4.075 8.556
298.500 1.800 -7.11 -7.536 2.067 10.581
298.500 1.900 -12.938 -6.796 0.302 14.642
298.500 2.000 -17.153 -0.266 -0.931 17.213
298.500 2.100 -12.87 5.31 -1.544 14.044
298.500 2.200 -8.384 5.307 -2.009 10.161
298.500 2.300 -5.564 3.926 -3.095 7.519
298.500 2.400 -4.309 1.674 -4.585 6.553
298.500 2.500 -4.374 -0.116 -5.907 7.391
298.500 2.600 -5.177 -1.847 -6.867 8.828
298.500 2.700 -7.44 -2.846 -7.429 10.919
298.500 2.800 -11.23 -2.494 -7.667 13.847
298.500 2.900 -15.981 2.388 -7.439 17.81
298.500 3.000 -13.364 11.254 -6.605 18.703
298.500 3.100 -5.785 15.682 -5.429 17.6
298.500 3.200 2.711 18.239 -4.19 18.927
298.500 3.300 14.391 16.728 -3.135 22.299
298.500 3.400 23.192 5.937 -2.063 24.034
298.500 3.500 20.697 -5.816 0.333 21.51
298.500 3.600 14.989 -11.458 2.943 19.108
298.500 3.700 7.249 -15.231 4.736 17.541
298.500 3.800 -2.285 -13.476 5.945 14.932
298.500 3.900 -7.141 -6.116 6.928 11.706
298.500 4.000 -5.893 0.071 7.797 9.797
298.500 4.100 -3.149 4.617 8.222 9.961
298.500 4.200 2.515 8.767 7.506 11.826
298.500 4.300 10.054 10.078 6.31 15.603
298.500 4.400 15.358 9.821 5.374 19.152
298.500 4.500 21.165 11.369 4.656 24.888
298.500 4.600 27.879 10.298 3.18 30.47
298.500 4.700 33.808 9.181 0.481 35.344
298.500 4.800 40.325 1.664 -2.1 40.61
298.500 4.900 36.733 -8.568 -4.847 38.411
298.500 5.000 31.249 -13.665 -7.55 35.566
298.500 5.100 21.197 -20.852 -9.841 31.707
298.500 5.200 5.44 -20.57 -12.243 24.599
298.500 5.300 -3.531 -12.243 -14.95 19.66
298.500 5.400 -2.253 -6.323 -17.981 19.244
298.500 5.500 0.474 -6.007 -21.387 22.254
298.500 5.600 1.94 -8.844 -22.652 24.579
298.500 5.700 1.416 -16.597 -22.981 29.043
298.500 5.800 -9.517 -29.36 -20.718 38.574
298.500 5.900 -34.644 -33.184 -14.396 52.148
298.500 6.000 -52.67 -15.644 -8.327 58.174
298.500 6.100 -46.473 -0.75 -5.531 49.995
298.500 6.200 -39.962 7.546 -2.037 43.197
298.500 6.300 -28.112 17.185 2.314 33.947
298.500 6.400 -13.639 18.91 6.46 24.355
298.500 6.500 -2.619 16.828 8.829 19.317
298.500 6.600 6.965 12.3 9.258 17.08
298.500 6.700 11.495 1.525 9.05 14.947
298.500 6.800 5.641 -7.534 8.134 12.669
298.500 6.900 -2.619 -9.744 6.577 12.164
298.500 7.000 -10.1 -9.46 4.381 14.559
298.500 7.100 -18.222 -5.726 1.551 19.184
298.500 7.200 -19.828 3.333 -0.584 20.124
298.500 7.300 -14.206 7.278 -1.971 16.1
298.500 7.400 -10.425 7.075 -3.389 13.094
298.500 7.500 -8.419 6.362 -4.136 11.385
298.500 7.600 -7.78 6.568 -4.529 11.184
298.500 7.700 -6.106 7.821 -2.528 10.26
298.500 7.800 -3.773 8.073 0.916 8.963
298.500 7.900 -1.796 7.949 4.145 9.148
298.500 8.000 0.374 7.644 7.229 10.542
298.500 8.100 2.511 6.554 9.443 11.791
298.500 8.200 4.073 5.457 10.281 12.365
298.500 8.300 6.164 3.542 10.089 12.385
298.500 8.400 5.823 0.395 7.294 9.394
298.500 8.500 4.276 -1.482 2.89 5.433
298.500 8.600 1.967 -3.929 -0.911 4.557
298.500 8.700 -2.678 -4.885 -3.777 6.786
298.500 8.800 -6.607 -2.398 -5.339 8.862
298.500 8.900 -6.787 0.46 -4.91 8.415
298.500 9.000 -6.228 2.218 -2.963 7.267
298.500 9.100 -4.321 3.949 0.837 5.942
298.500 9.200 -1.6 3.233 5.897 6.976
298.500 9.300 -0.494 0.632 9.395 9.513
298.500 9.400 -1.45 -1.903 10.43 10.79
298.500 9.500 -3.567 -3.279 10.273 11.449
298.500 9.600 -5.759 -3.944 8.199 10.854
298.500 9.700 -8.577 -3.089 5.167 10.552
298.500 9.800 -9.473 -0.551 2.258 9.811
298.500 9.900 -9.074 0.88 -0.561 9.175
298.500 10.000 -8.114 2.642 -2.634 8.961
298.500 10.100 -5.669 3.119 -3.579 7.416
298.500 10.200 -4.069 1.728 -4.171 6.091
298.500 10.300 -4.213 0.15 -4.422 6.121
298.500 10.400 -5.61 -0.172 -4.302 7.088
298.500 10.500 -6.146 0.964 -2.722 6.815
298.500 10.600 -5.958 2.161 0.043 6.379
298.500 10.700 -4.68 4.518 2.58 7.054
298.500 10.800 -0.841 5.482 4.714 7.345
298.500 10.900 2.455 2.927 5.733 6.957
298.500 11.000 2.443 -0.424 4.209 4.948
298.500 11.100 0.955 -2.06 1.57 2.806
298.500 11.200 -1.012 -3.061 -0.19 3.252
298.500 11.300 -3.688 -3.172 -0.825 4.954
298.500 11.400 -5.82 -2.034 -0.479 6.209
298.500 11.500 -7.199 -1.358 0.88 7.41
298.500 11.600 -9.133 0 2.599 9.532
298.500 11.700 -8.868 2.025 3.958 9.96
298.500 11.800 -8.689 3.719 4.889 10.684
298.500 11.900 -6.127 7.398 5.685 11.208
298.500 12.000 -0.311 8.305 6.506 10.602
298.500 12.100 3.901 6.15 6.727 9.961
298.500 12.200 5.725 4.31 5.791 9.256
298.500 12.300 7.303 2.601 4.625 9.063
298.500 12.400 6.936 0.999 3.75 7.98
298.500 12.500 6.682 1.263 3.038 7.479
298.500 12.600 7.122 1.363 2.571 7.722
298.500 12.700 8.13 1.282 2.568 8.649
298.500 12.800 8.963 -1.074 2.788 9.47
298.500 12.900 6.969 -3.234 2.696 8.162
298.500 13.000 4.873 -3.927 2.728 6.844
298.500 13.100 2.271 -4.269 2.988 5.701
298.500 13.200 -0.35 -2.76 3.266 4.31
298.500 13.300 -0.583 0.094 3.38 3.461
298.500 13.400 1.911 1.262 3.435 4.158
298.500 13.500 3.905 -0.92 3.198 5.152
298.500 13.600 2.79 -4.062 2.081 5.361
298.500 13.700 0.113 -7.403 0.871 7.461
298.500 13.800 -6.045 -10.852 -0.206 12.43
298.500 13.900 -15.29 -9.096 -1.015 17.828
298.500 14.000 -19.762 -0.573 -1.209 19.82
298.500 14.100 -18.092 6.419 -0.529 19.219
298.500 14.200 -13.746 14.329 0.89 19.894
298.500 14.300 -0.818 20.325 2.192 20.478
298.500 14.400 14.268 15.696 3.429 21.505
298.500 14.500 18.833 5.584 4.562 20.181
298.500 14.600 19.017 -0.203 5.135 19.711
298.500 14.700 15.697 -8.248 4.503 18.303
298.500 14.800 4.821 -10.864 2.725 12.199
298.500 14.900 -2.747 -6.046 1.123 6.739
298.500 15.000 -3.189 -1.067 0.77 3.459
298.600 0.000 -3.125 -4.348 3.143 6.211
298.600 0.100 -5.849 -4.358 3.744 8.203
298.600 0.200 -6.803 -3.208 3.409 8.267
298.600 0.300 -7.358 -1.605 1.737 7.746
298.600 0.400 -6.011 2.023 -1.175 6.481
298.600 0.500 -1.804 3.826 -4.668 6.321
298.600 0.600 1.171 2.486 -7.183 7.699
298.600 0.700 1.179 2.046 -7.947 8.293
298.600 0.800 1.91 3.775 -7.489 8.603
298.600 0.900 4.283 5.483 -5.262 8.739
298.600 1.000 8.71 4.496 -2.791 10.21
298.600 1.100 9.565 -1.203 -0.663 9.679
298.600 1.200 5.483 -4.46 1.571 7.25
298.600 1.300 1.943 -5.596 3.29 6.778
298.600 1.400 -1.638 -6.273 4.527 7.909
298.600 1.500 -4.951 -5.375 5.123 8.93
298.600 1.600 -5.992 -3.975 4.33 8.402
298.600 1.700 -6.49 -4.359 2.447 8.207
298.600 1.800 -8.421 -5.125 0.009 9.884
298.600 1.900 -12.122 -4.379 -2.819 13.232
298.600 2.000 -14.542 0.806 -4.941 15.428
298.600 2.100 -11.283 5.491 -5.519 13.761
298.600 2.200 -7.42 5.956 -6.013 11.31
298.600 2.300 -4.589 5.023 -6.763 9.646
298.600 2.400 -2.888 3.028 -7.861 8.956
298.600 2.500 -2.579 0.868 -9.012 9.456
298.600 2.600 -3.565 -1.261 -9.757 10.493
298.600 2.700 -5.89 -2.401 -10.265 12.093
298.600 2.800 -8.838 -2.117 -10.608 13.984
298.600 2.900 -12.135 1.978 -10.527 16.206
298.600 3.000 -10.205 9.347 -8.956 16.511
298.600 3.100 -4.083 13.696 -6.37 15.678
298.600 3.200 3.698 16.291 -3.69 17.133
298.600 3.300 15.165 15.187 -0.907 21.498
298.600 3.400 24.43 4.12 1.526 24.835
298.600 3.500 19.874 -8.193 2.909 21.704
298.600 3.600 11.929 -13.284 3.979 18.309
298.600 3.700 3.745 -16.231 4.799 17.359
298.600 3.800 -5.843 -14.546 5.781 16.741
298.600 3.900 -11.007 -6.774 6.674 14.578
298.600 4.000 -9.591 -0.49 6.913 11.86
298.600 4.100 -7.083 4.036 7.718 11.248
298.600 4.200 -1.612 8.209 9.495 12.665
298.600 4.300 5.256 9.541 11.834 16.1
298.600 4.400 10.317 9.888 13.276 19.586
298.600 4.500 16.211 11.795 13.715 24.546
298.600 4.600 23.106 11.67 13.699 29.637
298.600 4.700 30.474 11.85 12.746 35.216
298.600 4.800 39.689 4.705 10.06 41.266
298.600 4.900 35.996 -5.716 6.342 37.246
298.600 5.000 30.216 -10.267 1.733 32.454
298.600 5.100 22.361 -16.378 -3.687 28.291
298.600 5.200 11.161 -15.942 -9.629 21.799
298.600 5.300 5.298 -9.321 -14.155 17.777
298.600 5.400 6.826 -3.616 -16.447 18.235
298.600 5.500 11.257 -3.574 -18.664 22.154
298.600 5.600 12.556 -7.454 -21.102 25.682
298.600 5.700 12.319 -15.166 -23.932 31.262
298.600 5.800 1.491 -29.394 -27.85 41.519
298.600 5.900 -23.931 -34.422 -32.978 54.832
298.600 6.000 -42.911 -20.333 -33.695 60.276
298.600 6.100 -42.474 -8.607 -24.216 52.25
298.600 6.200 -42.401 0.214 -12.569 45.849
298.600 6.300 -32.636 11.571 -4.189 35.537
298.600 6.400 -20.062 13.845 2.888 25.007
298.600 6.500 -9.995 14.386 8.499 19.893
298.600 6.600 1.122 11.683 11.643 16.856
298.600 6.700 7.008 2.083 12.396 14.708
298.600 6.800 1.582 -5.753 10.523 12.367
298.600 6.900 -5.476 -7.088 7.355 11.756
298.600 7.000 -10.791 -6.141 3.67 13.048
298.600 7.100 -15.597 -2.644 0.237 15.89
298.600 7.200 -15.641 4.639 -1.821 16.451
298.600 7.300 -9.991 8.418 -2.777 13.359
298.600 7.400 -5.267 7.602 -3.225 9.804
298.600 7.500 -3.336 6.559 -2.916 7.944
298.600 7.600 -1.759 5.876 -2.444 6.632
298.600 7.700 -2.116 4.774 -0.681 5.282
298.600 7.800 -3.154 4.882 2.033 6.168
298.600 7.900 -3.602 4.864 4.742 7.707
298.600 8.000 -4.203 4.673 7.639 9.921
298.600 8.100 -4.414 5.099 9.9 12.014
298.600 8.200 -3.574 5.107 10.323 12.096
298.600 8.300 -2.865 4.638 10.002 11.431
298.600 8.400 -0.842 4.502 7.494 8.821
298.600 8.500 1.928 2.768 3.568 4.946
298.600 8.600 2.527 -0.256 -0.239 2.598
298.600 8.700 0.67 -1.803 -4.115 4.58
298.600 8.800 -1.134 -1.657 -6.618 6.943
298.600 8.900 -2.299 -1.151 -5.939 6.497
298.600 9.000 -3.385 -0.566 -3.674 5.054
298.600 9.100 -4.015 -0.24 -0.549 4.103
298.600 9.200 -5.102 -0.914 3.061 6.091
298.600 9.300 -6.319 -1.347 5.81 8.77
298.600 9.400 -7.285 -2.371 7.167 10.576
298.600 9.500 -9.088 -2.258 7.104 11.836
298.600 9.600 -9.83 -1.498 5.401 11.392
298.600 9.700 -10.91 -0.381 3.02 11.391
298.600 9.800 -9.922 2.254 0.43 10.234
298.600 9.900 -7.473 3.218 -1.995 8.412
298.600 10.000 -5.31 3.919 -3.53 7.508
298.600 10.100 -2.414 3.849 -4.342 6.298
298.600 10.200 -0.331 2.063 -4.843 5.278
298.600 10.300 -0.28 0.158 -4.739 4.75
298.600 10.400 -0.974 -0.766 -4.406 4.579
298.600 10.500 -2.609 -1.475 -2.997 4.249
298.600 10.600 -5.257 -0.695 -0.446 5.359
298.600 10.700 -6.013 2.268 2.028 6.793
298.600 10.800 -3.449 3.83 3.932 6.55
298.600 10.900 -1.098 2.988 4.893 5.911
298.600 11.000 0.207 1.641 4.054 4.452
298.600 11.100 0.989 0.19 2.102 2.397
298.600 11.200 0.365 -1.594 0.102 1.663
298.600 11.300 -1.657 -2.467 -1.571 3.372
298.600 11.400 -3.633 -2.466 -2.251 4.946
298.600 11.500 -5.487 -2.468 -1.671 6.263
298.600 11.600 -7.757 -1.307 -0.731 7.926
298.600 11.700 -8.543 0.604 0.723 8.627
298.600 11.800 -9.008 2.631 2.306 9.701
298.600 11.900 -7.25 6.086 3.773 10.234
298.600 12.000 -3.059 7.096 5.296 9.417
298.600 12.100 0.26 5.976 6.476 8.866
298.600 12.200 2.759 4.773 6.984 8.947
298.600 12.300 4.829 3.193 7.2 9.282
298.600 12.400 5.02 1.787 6.612 8.532
298.600 12.500 5.085 1.831 5.822 7.982
298.600 12.600 5.769 1.806 5.253 8.043
298.600 12.700 6.996 1.395 4.763 8.61
298.600 12.800 7.713 -1.016 4.466 8.997
298.600 12.900 5.831 -3.184 4.457 8.023
298.600 13.000 3.703 -3.958 4.466 7.045
298.600 13.100 0.976 -4.328 4.286 6.188
298.600 13.200 -1.831 -2.834 4.193 5.404
298.600 13.300 -2.306 0.063 4.13 4.759
298.600 13.400 -0.403 1.246 3.979 4.22
298.600 13.500 1.248 -0.032 3.454 3.7
298.600 13.600 1.596 -2.308 1.858 3.378
298.600 13.700 0.529 -5.664 -0.39 5.705
298.600 13.800 -4.679 -9.366 -2.708 10.818
298.600 13.900 -13.672 -8.255 -4.855 16.698
298.600 14.000 -17.943 -0.502 -5.781 18.868
298.600 14.100 -16.1 5.135 -5.029 17.644
298.600 14.200 -13.047 11.802 -2.585 17.798
298.600 14.300 -2.178 16.79 2.446 17.127
298.600 14.400 9.597 12.819 8.044 17.939
298.600 14.500 13.276 4.737 10.498 17.592
298.600 14.600 12.765 -0.334 10.844 16.768
298.600 14.700 9.93 -5.805 9.304 14.806
298.600 14.800 3.089 -7.709 5.378 9.903
298.600 14.900 -1.956 -4.435 2.242 5.346
298.600 15.000 -2.401 -0.797 0.891 2.692
298.700 0.000 -3.794 -4.889 0.59 6.219
298.700 0.100 -6.643 -4.587 0.914 8.13
298.700 0.200 -7.872 -2.911 1.176 8.484
298.700 0.300 -8.517 -0.287 1.227 8.624
298.700 0.400 -5.917 4.8 0.039 7.643
298.700 0.500 1.013 6.751 -2.458 7.277
298.700 0.600 5.742 3.359 -3.959 7.755
298.700 0.700 5.238 1.181 -2.796 6.065
298.700 0.800 5.236 2.101 -0.671 5.694
298.700 0.900 5.926 3.066 1.218 6.797
298.700 1.000 8.358 2.501 3.153 9.289
298.700 1.100 8.232 -2.275 3.946 9.417
298.700 1.200 3.763 -5.212 3.35 7.253
298.700 1.300 -0.385 -6.269 2.98 6.955
298.700 1.400 -4.754 -6.945 3.042 8.955
298.700 1.500 -9.163 -5.133 3.151 10.978
298.700 1.600 -9.632 -2.172 1.693 10.038
298.700 1.700 -8.975 -2.204 -0.527 9.285
298.700 1.800 -9.526 -2.46 -2.808 10.272
298.700 1.900 -11.097 -2.004 -5.157 12.454
298.700 2.000 -12.332 2.02 -6.623 14.21
298.700 2.100 -8.731 6.057 -7.341 12.992
298.700 2.200 -4.629 6.65 -7.872 11.373
298.700 2.300 -1.838 5.949 -8.71 10.775
298.700 2.400 0.053 4.356 -10.034 10.996
298.700 2.500 0.726 1.968 -11.468 11.7
298.700 2.600 -0.062 -0.403 -12.664 12.698
298.700 2.700 -2.007 -2.077 -13.431 13.75
298.700 2.800 -5.095 -2.503 -13.104 14.288
298.700 2.900 -8.718 0.73 -11.863 14.754
298.700 3.000 -7.494 6.992 -9.783 14.195
298.700 3.100 -2.685 10.682 -6.82 12.992
298.700 3.200 3.494 12.984 -3.316 13.888
298.700 3.300 12.398 11.582 0.473 17.005
298.700 3.400 18.831 2.306 3.423 19.303
298.700 3.500 15.911 -8.122 3.807 18.289
298.700 3.600 9.527 -13.363 3.208 16.748
298.700 3.700 1.796 -16.463 2.727 16.819
298.700 3.800 -8.08 -15.204 2.328 17.419
298.700 3.900 -13.593 -7.426 2.702 15.771
298.700 4.000 -11.693 -1.604 4.45 12.656
298.700 4.100 -9.561 2.042 6.885 11.992
298.700 4.200 -5.887 5.178 9.885 12.637
298.700 4.300 -2.03 6.288 13.77 15.286
298.700 4.400 1.442 7.58 17.785 19.416
298.700 4.500 6.305 9.703 22.067 25.038
298.700 4.600 11.877 11.023 25.067 30.013
298.700 4.700 18.21 12.32 25.599 33.778
298.700 4.800 26.212 8.049 24.69 36.916
298.700 4.900 27.134 1.253 18.067 32.824
298.700 5.000 27.491 -3.338 9.248 29.598
298.700 5.100 23.39 -10.422 2.182 25.964
298.700 5.200 15.421 -10.489 -3.506 19.061
298.700 5.300 11.973 -6.098 -7.871 15.624
298.700 5.400 12.98 -1.611 -10.58 16.927
298.700 5.500 17.027 -0.998 -13.138 21.701
298.700 5.600 19.526 -3.665 -16.825 26.189
298.700 5.700 21.573 -9.862 -22.958 33.469
298.700 5.800 15.269 -22.157 -31.029 42.285
298.700 5.900 -0.58 -27.324 -39.976 50.03
298.700 6.000 -14.047 -23.611 -44.151 53.736
298.700 6.100 -23.976 -19.482 -38.74 51.06
298.700 6.200 -33.545 -10.698 -29.497 46.698
298.700 6.300 -29.803 1.077 -16.619 34.651
298.700 6.400 -22.447 4.831 -3.5 23.922
298.700 6.500 -16.28 8.082 6.085 19.839
298.700 6.600 -8.729 7.749 12.698 17.759
298.700 6.700 -4.609 2.918 15.196 16.528
298.700 6.800 -6.08 -1.682 11.597 13.485
298.700 6.900 -9.654 -2.986 6.631 12.28
298.700 7.000 -12.038 -2.304 2.391 12.625
298.700 7.100 -14.626 -0.213 -0.719 14.752
298.700 7.200 -13.795 5.392 -1.703 14.99
298.700 7.300 -7.956 8.216 -0.719 11.522
298.700 7.400 -3.466 7.012 0.677 7.91
298.700 7.500 -2.317 5.79 1.653 6.495
298.700 7.600 -1.526 4.95 2.635 5.825
298.700 7.700 -2.664 3.387 3.086 5.316
298.700 7.800 -4.942 3.12 3.617 6.907
298.700 7.900 -6.703 3.088 4.316 8.59
298.700 8.000 -9.239 2.595 4.989 10.863
298.700 8.100 -11.505 4.371 5.666 13.592
298.700 8.200 -9.719 5.597 5.341 12.457
298.700 8.300 -8.596 5.665 4.562 11.293
298.700 8.400 -5.158 7 3.584 9.425
298.700 8.500 -0.297 5.592 2.131 6.006
298.700 8.600 2.357 2.961 0.123 3.802
298.700 8.700 3.844 1.455 -2.33 4.747
298.700 8.800 4.796 -0.711 -4.21 6.454
298.700 8.900 2.331 -2.47 -4.271 5.497
298.700 9.000 -0.415 -2.521 -3.522 4.394
298.700 9.100 -2.817 -3.025 -1.908 4.61
298.700 9.200 -5.985 -3.507 0.218 7.01
298.700 9.300 -8.741 -3.089 1.784 9.514
298.700 9.400 -11.274 -3.329 2.82 12.163
298.700 9.500 -14.004 -1.437 3.109 14.486
298.700 9.600 -12.872 0.934 1.253 13.027
298.700 9.700 -11.79 1.873 -1.128 12.04
298.700 9.800 -9.31 4.14 -2.556 10.542
298.700 9.900 -5.463 4.634 -3.398 7.955
298.700 10.000 -2.54 4.404 -3.702 6.309
298.700 10.100 0.496 4.06 -3.282 5.262
298.700 10.200 3.111 1.999 -2.912 4.727
298.700 10.300 2.609 -0.295 -2.51 3.647
298.700 10.400 1.613 -1.356 -2.072 2.967
298.700 10.500 -0.576 -2.86 -1.579 3.335
298.700 10.600 -4.282 -2.486 -0.857 5.057
298.700 10.700 -6.145 0.236 0.532 6.219
298.700 10.800 -5.079 2.027 2.668 6.147
298.700 10.900 -3.73 2.634 4.143 6.236
298.700 11.000 -1.824 2.925 3.817 5.216
298.700 11.100 0.22 1.999 2.394 3.198
298.700 11.200 1.056 0.397 0.623 1.346
298.700 11.300 1.051 -0.747 -1.395 1.906
298.700 11.400 0.185 -2.314 -2.663 3.534
298.700 11.500 -2.62 -3.228 -2.421 4.82
298.700 11.600 -5.641 -2.226 -1.846 6.357
298.700 11.700 -7.335 -0.718 -1.147 7.483
298.700 11.800 -9.157 1.115 -0.062 9.255
298.700 11.900 -8.249 4.652 1.4 9.612
298.700 12.000 -4.658 5.522 3.181 7.94
298.700 12.100 -2.162 4.747 4.967 7.253
298.700 12.200 -0.376 3.809 6.51 7.603
298.700 12.300 0.804 2.902 7.64 8.261
298.700 12.400 1.68 2.469 7.739 8.341
298.700 12.500 2.762 2.408 7.33 8.239
298.700 12.600 3.863 2.207 7.019 8.351
298.700 12.700 5.347 1.729 6.838 8.888
298.700 12.800 6.223 -0.738 6.569 9.11
298.700 12.900 4.105 -2.955 5.921 7.814
298.700 13.000 1.632 -3.612 5.236 6.59
298.700 13.100 -0.985 -3.888 4.452 6.014
298.700 13.200 -4.058 -2.707 3.88 6.254
298.700 13.300 -4.675 0.402 3.502 5.881
298.700 13.400 -2.452 1.594 3.136 4.318
298.700 13.500 -0.636 0.918 2.624 2.882
298.700 13.600 0.658 -0.476 1.38 1.623
298.700 13.700 1.044 -3.208 -0.665 3.441
298.700 13.800 -2.017 -6.198 -3.917 7.604
298.700 13.900 -7.424 -5.466 -7.941 12.171
298.700 14.000 -10.219 -0.802 -9.579 14.036
298.700 14.100 -9.657 3.288 -7.925 12.928
298.700 14.200 -7.725 7.561 -4.621 11.771
298.700 14.300 -2.388 10.276 1.323 10.655
298.700 14.400 3.201 8.08 7.442 11.464
298.700 14.500 5.407 3.563 10.67 12.5
298.700 14.600 5.256 0.116 11.179 12.371
298.700 14.700 3.707 -2.727 9.354 10.44
298.700 14.800 0.52 -3.803 5.508 6.726
298.700 14.900 -2.04 -2.126 2.072 3.61
298.700 15.000 -1.81 -0.112 0.653 1.939
298.800 0.000 -3.098 -4.649 -2.203 6.011
298.800 0.100 -6.068 -4.909 -2.687 8.263
298.800 0.200 -7.698 -3.725 -1.646 8.718
298.800 0.300 -9.173 -0.774 -0.037 9.219
298.800 0.400 -6.54 5.574 0.956 8.668
298.800 0.500 1.943 7.989 1.433 8.371
298.800 0.600 7.612 2.964 1.873 8.397
298.800 0.700 4.691 -0.933 2.866 5.584
298.800 0.800 1.699 0.188 4.575 4.891
298.800 0.900 1.742 1.977 5.395 6.014
298.800 1.000 3.268 1.547 5.694 6.753
298.800 1.100 3.277 -1.308 5.113 6.216
298.800 1.200 0.992 -3.723 3.231 5.029
298.800 1.300 -2.095 -5.217 1.213 5.757
298.800 1.400 -6.502 -6.29 -0.663 9.085
298.800 1.500 -11.743 -4.099 -2.527 12.717
298.800 1.600 -11.152 -0.072 -4.202 11.956
298.800 1.700 -8.88 -0.201 -5.903 10.717
298.800 1.800 -8.238 -0.53 -7.38 11.138
298.800 1.900 -8.256 -0.354 -8.549 11.973
298.800 2.000 -8.442 2.489 -9.187 12.824
298.800 2.100 -5.394 5.872 -8.447 11.728
298.800 2.200 -1.722 7.093 -8.072 10.992
298.800 2.300 1.288 7.274 -9.008 11.738
298.800 2.400 4.004 6.203 -11.078 13.374
298.800 2.500 5.398 3.426 -13.082 14.603
298.800 2.600 5.113 0.737 -14.349 15.283
298.800 2.700 3.788 -1.792 -15.138 15.724
298.800 2.800 0.257 -3.194 -15.007 15.349
298.800 2.900 -3.643 -0.875 -14.16 14.657
298.800 3.000 -3.64 3.89 -11.534 12.734
298.800 3.100 -0.764 7.05 -7.638 10.473
298.800 3.200 3.645 9.269 -3.806 10.718
298.800 3.300 10.644 8.326 -0.407 13.568
298.800 3.400 16.032 0.756 1.845 16.196
298.800 3.500 13.592 -7.89 2.456 15.942
298.800 3.600 8.48 -12.613 1.787 15.339
298.800 3.700 1.953 -15.629 0.887 15.821
298.800 3.800 -6.083 -14.509 0.038 15.79
298.800 3.900 -10.964 -8.668 0.09 14.042
298.800 4.000 -11.551 -4.126 1.772 12.455
298.800 4.100 -11.704 -0.874 4.297 12.556
298.800 4.200 -9.618 1.506 7.759 12.496
298.800 4.300 -8.235 1.809 12.129 14.807
298.800 4.400 -8.048 2.407 17.249 19.211
298.800 4.500 -9.063 4.072 23.473 25.542
298.800 4.600 -7.728 9.467 27.728 30.364
298.800 4.700 -0.657 12.465 27.801 30.501
298.800 4.800 6.111 11.24 26.525 29.492
298.800 4.900 12.802 8.983 21.874 27.038
298.800 5.000 19.642 3.88 16.006 25.872
298.800 5.100 19.817 -3.826 9.685 22.548
298.800 5.200 15.534 -5.211 3.4 16.782
298.800 5.300 14.09 -2.862 -0.621 14.495
298.800 5.400 16.041 0.797 -2.703 16.455
298.800 5.500 21.427 1.86 -4.741 22.321
298.800 5.600 24.729 0.982 -7.908 26.763
298.800 5.700 30.895 -1.681 -14.057 35.944
298.800 5.800 30.273 -12.114 -24.407 43.974
298.800 5.900 21.607 -17.835 -37.195 49.137
298.800 6.000 13.305 -22.813 -44.715 53.294
298.800 6.100 1.306 -25.56 -42.476 50.019
298.800 6.200 -10.392 -21.015 -34.938 42.139
298.800 6.300 -17.195 -14.059 -22.224 31.688
298.800 6.400 -22.578 -7.863 -7.934 25.916
298.800 6.500 -22.91 0.328 2.028 23.762
298.800 6.600 -19.291 2.764 7.667 21.462
298.800 6.700 -17.536 3.71 9.86 20.776
298.800 6.800 -13.755 3.183 7.229 16.094
298.800 6.900 -12.385 1.399 3.187 13.045
298.800 7.000 -11.958 1.061 -0.098 12.163
298.800 7.100 -12.118 1.571 -2.208 12.603
298.800 7.200 -11.245 4.164 -1.791 12.426
298.800 7.300 -8.366 5.747 1.031 10.646
298.800 7.400 -6.222 5.519 3.57 9.553
298.800 7.500 -5.659 4.991 4.562 9.076
298.800 7.600 -5.918 4.639 4.747 8.978
298.800 7.700 -6.624 3.942 3.829 8.675
298.800 7.800 -8.52 3.3 2.582 9.561
298.800 7.900 -9.927 3.747 1.276 10.738
298.800 8.000 -10.918 3.237 -0.477 11.449
298.800 8.100 -12.255 4.457 -1.567 13.177
298.800 8.200 -10.5 5.611 -1.153 11.992
298.800 8.300 -8.876 5.875 -0.505 10.681
298.800 8.400 -5.644 7.108 0.132 9.092
298.800 8.500 -1.067 6.203 0.721 6.343
298.800 8.600 1.99 4.008 0.958 4.591
298.800 8.700 4.129 2.58 0.998 5
298.800 8.800 5.686 0.087 0.855 5.801
298.800 8.900 3.971 -1.917 -0.199 4.479
298.800 9.000 2.109 -2.514 -1.449 3.655
298.800 9.100 -1.043 -4.089 -2.002 4.745
298.800 9.200 -6.11 -4.503 -2.214 7.974
298.800 9.300 -9.797 -3.232 -2.835 10.757
298.800 9.400 -12.384 -3.264 -3.959 13.459
298.800 9.500 -15.492 -0.797 -4.906 16.317
298.800 9.600 -12.913 2.293 -4.919 14.046
298.800 9.700 -10.028 2.828 -4.643 11.441
298.800 9.800 -7.127 4.268 -4.144 9.313
298.800 9.900 -3.227 4.577 -3.406 6.579
298.800 10.000 -0.425 3.581 -2.35 4.328
298.800 10.100 1.242 2.902 -0.782 3.295
298.800 10.200 2.756 1.481 0.45 3.224
298.800 10.300 2.404 -0.26 0.384 2.508
298.800 10.400 1.533 -1.388 -0.112 2.114
298.800 10.500 -0.324 -2.881 -0.511 2.975
298.800 10.600 -3.401 -2.951 -0.651 4.583
298.800 10.700 -5.505 -1.248 -0.07 5.687
298.800 10.800 -6.226 0.056 1.342 6.421
298.800 10.900 -6.588 1.843 2.809 7.455
298.800 11.000 -3.988 3.722 3.042 6.313
298.800 11.100 -0.529 3.192 2.559 4.198
298.800 11.200 1.373 1.796 1.86 2.996
298.800 11.300 2.807 0.82 0.914 3.115
298.800 11.400 3.043 -1.617 -0.164 3.476
298.800 11.500 -0.183 -3.022 -1.305 3.305
298.800 11.600 -3.315 -2.173 -2.345 4.616
298.800 11.700 -5.092 -1.03 -2.744 5.892
298.800 11.800 -6.762 0.355 -2.715 7.317
298.800 11.900 -6.595 2.764 -1.525 7.342
298.800 12.000 -4.773 3.315 0.876 5.917
298.800 12.100 -3.56 2.884 3.205 5.639
298.800 12.200 -2.656 2.261 5.073 6.207
298.800 12.300 -2.26 1.955 6.58 7.276
298.800 12.400 -1.388 2.256 7.567 8.065
298.800 12.500 -0.148 2.38 8.183 8.57
298.800 12.600 1.031 2.365 8.344 8.777
298.800 12.700 2.385 1.878 8.11 8.701
298.800 12.800 3.043 -0.074 7.6 8.222
298.800 12.900 1.702 -1.905 6.497 7.013
298.800 13.000 -0.219 -2.512 5.112 5.728
298.800 13.100 -2.248 -2.688 3.522 4.99
298.800 13.200 -4.679 -1.836 1.922 5.401
298.800 13.300 -5.212 0.614 1.186 5.403
298.800 13.400 -3.549 1.556 1.462 4.167
298.800 13.500 -2.056 1.477 1.588 3.017
298.800 13.600 -0.246 0.902 0.814 1.272
298.800 13.700 1.077 -0.949 -0.747 1.622
298.800 13.800 0.375 -2.706 -3.192 4.202
298.800 13.900 -0.97 -2.354 -6.142 6.651
298.800 14.000 -2.211 -1.087 -7.533 7.929
298.800 14.100 -3.539 1.027 -6.466 7.45
298.800 14.200 -3.56 3.379 -3.666 6.14
298.800 14.300 -2.192 4.489 0.977 5.113
298.800 14.400 -0.764 3.613 5.925 7.005
298.800 14.500 -0.395 1.738 9.025 9.22
298.800 14.600 -0.907 0.419 10.081 10.149
298.800 14.700 -1.247 0.21 8.661 8.771
298.800 14.800 -1.016 0.238 4.837 4.966
298.800 14.900 -0.728 0.181 1.431 1.632
298.800 15.000 -0.534 0.248 0.337 0.694
298.900 0.000 -0.05 -3.007 -4.136 5.125
298.900 0.100 -1.012 -5.025 -5.509 7.535
298.900 0.200 -4.521 -6.407 -3.502 8.595
298.900 0.300 -9.103 -3.185 0.188 9.656
298.900 0.400 -8.257 4.146 2.612 9.619
298.900 0.500 -1.626 6.713 4.086 8.047
298.900 0.600 2.5 2.571 5.055 6.212
298.900 0.700 0.286 -1.412 4.777 4.992
298.900 0.800 -3.385 -0.64 4.789 5.906
298.900 0.900 -3.079 1.865 5.042 6.206
298.900 1.000 -1.114 1.79 5.062 5.494
298.900 1.100 -0.437 0.267 4.078 4.116
298.900 1.200 -1.087 -1.336 1.825 2.512
298.900 1.300 -2.608 -2.664 -0.993 3.874
298.900 1.400 -5.182 -3.436 -4.224 7.543
298.900 1.500 -7.974 -1.739 -7.412 11.062
298.900 1.600 -7.158 1.113 -9.172 11.743
298.900 1.700 -4.774 0.964 -10.022 11.215
298.900 1.800 -3.712 -0.11 -10.19 10.939
298.900 1.900 -3.532 -0.162 -9.523 10.274
298.900 2.000 -3.264 1.654 -8.372 9.276
298.900 2.100 -1.775 4.633 -6.68 8.469
298.900 2.200 1.026 7.245 -5.902 9.533
298.900 2.300 4.528 9.086 -6.856 12.347
298.900 2.400 9.318 9.059 -9.631 16.24
298.900 2.500 12.057 5.142 -12.453 18.122
298.900 2.600 11.247 1.841 -14.118 18.191
298.900 2.700 9.966 -1.372 -15.224 18.307
298.900 2.800 6.443 -3.655 -15.133 16.87
298.900 2.900 2.884 -2.468 -13.99 14.499
298.900 3.000 1.341 0.368 -11.487 11.607
298.900 3.100 1.441 3.109 -7.954 8.726
298.900 3.200 3.894 5.68 -4.353 8.222
298.900 3.300 9.381 5.23 -0.992 10.845
298.900 3.400 13.579 -0.756 1.586 13.736
298.900 3.500 12.096 -7.51 2.213 14.446
298.900 3.600 8.837 -11.632 1.582 14.734
298.900 3.700 3.087 -14.938 0.801 15.325
298.900 3.800 -4.701 -14.009 0.092 14.839
298.900 3.900 -9.445 -9.087 -0.287 13.18
298.900 4.000 -10.314 -5.493 0.088 11.763
298.900 4.100 -11.054 -3.456 1.477 11.758
298.900 4.200 -11.365 -2.548 4.503 12.572
298.900 4.300 -13.124 -2.687 8.599 15.999
298.900 4.400 -15.77 -2.249 12.219 20.145
298.900 4.500 -21 -0.807 15.261 26.074
298.900 4.600 -22.79 7.587 17.942 30.104
298.900 4.700 -14.625 12.42 19.841 27.664
298.900 4.800 -7.503 13.033 20.185 25.203
298.900 4.900 1.181 13.007 18.505 22.703
298.900 5.000 9.795 8.353 15.558 20.271
298.900 5.100 13.04 1.766 11.895 17.795
298.900 5.200 13.285 -0.642 8.081 15.638
298.900 5.300 13.759 -1.088 5.893 15.188
298.900 5.400 14.104 0.962 6.268 15.722
298.900 5.500 17.566 3.335 6.912 19.577
298.900 5.600 21.504 5.082 4.373 23.871
298.900 5.700 28.989 5.852 -0.85 32.928
298.900 5.800 36.112 2.15 -11.651 42.975
298.900 5.900 43.913 -3.05 -28.701 55.532
298.900 6.000 45.466 -20.222 -39.684 64.515
298.900 6.100 27.737 -32.024 -35.978 55.642
298.900 6.200 9.77 -30.036 -28.591 42.692
298.900 6.300 -4.822 -25.707 -20.623 33.42
298.900 6.400 -18.716 -18.083 -12.841 29.292
298.900 6.500 -23.962 -6.312 -6.095 25.982
298.900 6.600 -22.464 -0.804 -1.191 22.872
298.900 6.700 -21.415 3.625 0.459 21.953
298.900 6.800 -16.585 5.521 0.053 17.669
298.900 6.900 -13.63 4.036 -1.455 14.465
298.900 7.000 -11.504 3.003 -2.869 12.441
298.900 7.100 -10.356 1.728 -2.957 11.319
298.900 7.200 -10.324 1.752 -1.029 11.251
298.900 7.300 -10.46 2.51 2.324 11.872
298.900 7.400 -10.608 3.925 4.882 13.176
298.900 7.500 -10.319 5.025 5.136 13.005
298.900 7.600 -10.392 5.676 3.871 12.681
298.900 7.700 -9.871 5.99 1.582 11.812
298.900 7.800 -10.073 5.339 -1.327 11.565
298.900 7.900 -10.071 5.587 -3.765 12.162
298.900 8.000 -9.39 4.792 -5.368 11.876
298.900 8.100 -9.489 4.71 -6.172 12.303
298.900 8.200 -8.438 4.706 -5.841 11.323
298.900 8.300 -7.96 4.685 -4.599 10.346
298.900 8.400 -5.445 5.774 -2.708 8.398
298.900 8.500 -1.759 4.843 -0.423 5.175
298.900 8.600 0.497 3.079 1.611 3.531
298.900 8.700 1.982 1.882 3.117 4.192
298.900 8.800 2.917 0.265 3.903 4.943
298.900 8.900 2.15 -0.764 3.622 4.358
298.900 9.000 1.492 -1.011 2.38 3.079
298.900 9.100 -0.606 -2.14 -0.427 2.36
298.900 9.200 -4.185 -2.283 -4.477 6.592
298.900 9.300 -6.594 -1.51 -7.789 10.353
298.900 9.400 -7.987 -1.65 -9.744 12.738
298.900 9.500 -9.516 -0.567 -10.791 14.423
298.900 9.600 -8.67 0.901 -9.642 13.018
298.900 9.700 -7.64 1.391 -7.479 10.802
298.900 9.800 -5.655 2.733 -5.109 8.118
298.900 9.900 -2.596 2.928 -2.543 4.694
298.900 10.000 -0.688 2.014 -0.382 2.214
298.900 10.100 -0.104 1.45 1.062 1.897
298.900 10.200 0.385 0.986 1.935 2.314
298.900 10.300 0.67 0.331 1.796 2.052
298.900 10.400 0.832 -0.657 1.035 1.568
298.900 10.500 -0.352 -2.236 0.049 2.307
298.900 10.600 -2.927 -2.699 -0.923 4.117
298.900 10.700 -4.941 -1.775 -1.279 5.437
298.900 10.800 -6.094 -1.019 -0.865 6.276
298.900 10.900 -7.092 0.853 -0.095 7.189
298.900 11.000 -4.89 3.058 1.339 5.98
298.900 11.100 -1.759 2.895 2.801 4.471
298.900 11.200 0.129 2.019 3.522 4.14
298.900 11.300 1.567 1.33 3.599 4.218
298.900 11.400 2.081 -0.287 2.872 3.621
298.900 11.500 0.631 -1.14 0.865 1.606
298.900 11.600 -0.786 -0.842 -1.338 1.769
298.900 11.700 -2.178 -0.533 -2.682 3.504
298.900 11.800 -3.547 0.207 -3.247 4.828
298.900 11.900 -3.927 1.162 -2.755 4.956
298.900 12.000 -3.871 1.054 -1.166 4.205
298.900 12.100 -4.103 0.774 0.918 4.312
298.900 12.200 -4.046 0.333 3.232 5.231
298.900 12.300 -4.467 0.433 5.401 7.065
298.900 12.400 -4.173 1.215 6.904 8.203
298.900 12.500 -3.612 1.675 8.002 8.983
298.900 12.600 -2.581 2.412 8.526 9.273
298.900 12.700 -0.771 2.28 8.376 8.758
298.900 12.800 0.21 0.793 7.756 7.84
298.900 12.900 -0.62 -0.544 6.492 6.58
298.900 13.000 -1.886 -0.826 4.753 5.212
298.900 13.100 -2.91 -0.756 2.601 4.002
298.900 13.200 -4.083 -0.338 0.563 4.155
298.900 13.300 -4.313 0.881 -0.57 4.457
298.900 13.400 -3.648 1.138 -0.679 3.901
298.900 13.500 -3.005 1.448 -0.282 3.369
298.900 13.600 -0.842 1.522 0.016 1.767
298.900 13.700 1.193 0.313 -0.095 1.255
298.900 13.800 1.496 -0.756 -1.015 1.966
298.900 13.900 1.574 -0.569 -2.325 2.869
298.900 14.000 1.223 -0.651 -3.384 3.659
298.900 14.100 -0.098 -0.013 -3.794 3.801
298.900 14.200 -1.017 0.48 -2.702 2.932
298.900 14.300 -2.372 0.1 0.376 2.418
298.900 14.400 -4.331 -0.043 4.088 5.974
298.900 14.500 -5.509 0.004 6.317 8.399
298.900 14.600 -7.093 0.065 7.379 10.252
298.900 14.700 -6.808 2.746 6.729 9.977
298.900 14.800 -2.676 3.822 3.971 6.148
298.900 14.900 0.42 2.091 1.681 2.736
298.900 15.000 0.552 0.507 0.787 1.105
299.000 0.000 3.347 -1.152 -3.048 4.685
299.000 0.100 4.941 -5.126 -3.712 8.037
299.000 0.200 -1.046 -9.633 -2.343 9.973
299.000 0.300 -10.166 -6.255 -0.042 11.943
299.000 0.400 -11.307 2.729 1.63 11.763
299.000 0.500 -5.242 5.686 2.58 8.175
299.000 0.600 -1.721 2.493 2.929 4.232
299.000 0.700 -2.843 -0.944 2.704 4.043
299.000 0.800 -5.577 -0.689 2.514 6.167
299.000 0.900 -5.683 1.392 2.832 6.517
299.000 1.000 -4.669 1.884 3.284 6.028
299.000 1.100 -3.64 2.085 2.435 4.87
299.000 1.200 -2.468 1.451 -0.054 2.893
299.000 1.300 -2.236 0.486 -3.076 3.872
299.000 1.400 -2.82 -0.049 -6.37 7.007
299.000 1.500 -3.692 0.876 -9.454 10.236
299.000 1.600 -2.166 2.355 -11.433 11.94
299.000 1.700 0.377 1.236 -12.09 12.253
299.000 1.800 1.07 -1.249 -11.125 11.363
299.000 1.900 0.101 -2.152 -8.499 8.906
299.000 2.000 -0.781 -0.722 -5.215 5.501
299.000 2.100 -0.698 2.658 -2.174 3.679
299.000 2.200 1.459 7.003 -0.367 7.243
299.000 2.300 5.436 10.961 -1.051 12.342
299.000 2.400 12.112 12.326 -3.722 17.744
299.000 2.500 16.768 8.155 -7.32 20.104
299.000 2.600 17.469 4.508 -11.422 21.496
299.000 2.700 17.667 -0.531 -14.209 22.911
299.000 2.800 13.125 -4.737 -13.836 19.765
299.000 2.900 8.375 -4.255 -12.269 15.482
299.000 3.000 5.665 -2.276 -10.367 12.091
299.000 3.100 4.459 0.069 -8.143 9.36
299.000 3.200 5.586 2.324 -5.33 8.141
299.000 3.300 9.467 2.145 -2.024 9.981
299.000 3.400 12.545 -2.699 0.589 12.893
299.000 3.500 10.667 -8.164 2.455 13.692
299.000 3.600 7.483 -11.271 3.247 13.95
299.000 3.700 2.406 -13.792 2.436 14.259
299.000 3.800 -4.221 -12.792 0.724 13.553
299.000 3.900 -8.244 -8.682 -0.589 12.063
299.000 4.000 -9.271 -5.934 -1.06 11.144
299.000 4.100 -10.459 -4.945 -0.746 11.693
299.000 4.200 -12.137 -5.275 0.361 13.359
299.000 4.300 -16.392 -5.773 2.046 17.636
299.000 4.400 -19.981 -4.433 3.882 20.959
299.000 4.500 -24.441 -2.705 5.741 25.37
299.000 4.600 -26.591 5.051 7.748 28.271
299.000 4.700 -21.637 10.054 10.262 26.05
299.000 4.800 -16.678 12.608 12.648 24.482
299.000 4.900 -7.243 14.514 12.86 20.726
299.000 5.000 2.773 10.271 12.479 16.413
299.000 5.100 7.155 3.959 11.98 14.524
299.000 5.200 8.361 0.963 11.604 14.408
299.000 5.300 8.816 -0.764 11.634 14.818
299.000 5.400 7.258 -0.133 11.764 14.118
299.000 5.500 7.632 3.595 12.385 15.258
299.000 5.600 13.019 8.401 11.299 20.54
299.000 5.700 23.314 11.556 8.63 31.449
299.000 5.800 37.032 13.374 3.975 44.527
299.000 5.900 61.017 11.024 -3.203 64.248
299.000 6.000 74.605 -16.939 -9.855 77.588
299.000 6.100 48.011 -35.658 -13.352 61.482
299.000 6.200 24.315 -34.005 -15.33 44.944
299.000 6.300 6.378 -30.967 -13.868 34.605
299.000 6.400 -9.311 -22.78 -10.926 26.969
299.000 6.500 -17.282 -11.315 -7.922 22.337
299.000 6.600 -20.009 -3.671 -5.113 21.175
299.000 6.700 -20.299 3.606 -4.35 21.213
299.000 6.800 -15.095 7.079 -6.126 17.91
299.000 6.900 -11.359 5.238 -8.039 15.027
299.000 7.000 -9.36 2.611 -7.614 12.596
299.000 7.100 -9.44 -0.236 -5.153 11.342
299.000 7.200 -11.581 -1.623 -1.79 12.717
299.000 7.300 -15.141 -1.223 2.37 16.123
299.000 7.400 -17.744 2.832 5.174 19.239
299.000 7.500 -16.432 6.418 4.131 18.503
299.000 7.600 -14.868 7.944 1.842 17.386
299.000 7.700 -12.137 9.205 -1.312 15.605
299.000 7.800 -9.443 8.466 -4.818 13.659
299.000 7.900 -7.5 7.729 -7.575 13.19
299.000 8.000 -5.827 6.218 -9.694 12.948
299.000 8.100 -5.213 4.88 -10.716 12.924
299.000 8.200 -4.184 3.769 -9.913 11.439
299.000 8.300 -3.864 2.898 -8.325 9.658
299.000 8.400 -3.004 2.776 -5.375 6.778
299.000 8.500 -1.757 1.853 -1.625 3.039
299.000 8.600 -1.264 0.6 1.746 2.297
299.000 8.700 -1.175 -0.018 4.743 4.958
299.000 8.800 -1.182 -0.365 6.694 6.864
299.000 8.900 -2.221 -0.109 6.64 7.052
299.000 9.000 -2.948 1.155 5.069 6.042
299.000 9.100 -2.523 2.448 1.182 3.751
299.000 9.200 -1.338 2.707 -4.452 5.398
299.000 9.300 -0.81 1.512 -9.211 9.389
299.000 9.400 -1.768 0.096 -12.106 12.25
299.000 9.500 -2.938 -0.6 -13.332 13.675
299.000 9.600 -3.316 -1.098 -12.142 12.643
299.000 9.700 -3.868 -1.243 -9.431 10.278
299.000 9.800 -3.762 -0.43 -6.033 7.135
299.000 9.900 -3.088 -0.057 -2.441 3.964
299.000 10.000 -2.646 0.152 0.296 2.742
299.000 10.100 -2.255 0.362 1.822 3.026
299.000 10.200 -1.931 0.656 2.567 3.389
299.000 10.300 -1.354 0.804 2.445 3.019
299.000 10.400 -0.77 0.245 1.746 2.031
299.000 10.500 -1.011 -0.841 0.413 1.442
299.000 10.600 -2.059 -1.5 -1.265 2.866
299.000 10.700 -3.194 -1.612 -2.242 4.242
299.000 10.800 -4.383 -1.48 -2.154 5.128
299.000 10.900 -5.333 -0.306 -1.337 5.542
299.000 11.000 -4.542 1.081 0.41 4.74
299.000 11.100 -3.237 1.221 2.617 4.411
299.000 11.200 -2.154 1.223 4.345 5.081
299.000 11.300 -0.913 1.26 5.265 5.568
299.000 11.400 -0.125 0.942 4.998 5.164
299.000 11.500 -0.106 1.109 3.298 3.555
299.000 11.600 0.211 1.272 0.934 1.661
299.000 11.700 -0.176 0.966 -1.42 1.747
299.000 11.800 -0.812 0.854 -3.248 3.466
299.000 11.900 -1.14 0.471 -3.666 3.876
299.000 12.000 -1.613 -0.406 -2.814 3.277
299.000 12.100 -2.626 -1.369 -1.232 3.221
299.000 12.200 -4.338 -2.186 1.182 5.027
299.000 12.300 -6.545 -1.562 3.558 7.645
299.000 12.400 -6.83 -0.067 5.312 8.691
299.000 12.500 -6.702 0.685 6.647 9.504
299.000 12.600 -6.021 2.021 7.555 9.913
299.000 12.700 -4.387 2.321 8.048 9.499
299.000 12.800 -3.421 1.756 7.759 8.701
299.000 12.900 -3.338 1.2 6.124 7.116
299.000 13.000 -3.693 1.299 3.918 5.574
299.000 13.100 -3.316 1.713 1.298 3.983
299.000 13.200 -3.038 1.542 -1.329 3.678
299.000 13.300 -2.592 1.633 -2.868 4.212
299.000 13.400 -1.803 1.07 -3.212 3.847
299.000 13.500 -1.476 0.649 -2.68 3.138
299.000 13.600 -0.631 0.386 -0.933 1.202
299.000 13.700 0.117 -0.03 0.748 0.784
299.000 13.800 0.565 0.013 1.055 1.223
299.000 13.900 1.304 0.374 0.447 1.45
299.000 14.000 1.694 0.28 -0.404 1.778
299.000 14.100 1.629 0.412 -1.351 2.167
299.000 14.200 1.235 -0.658 -1.778 2.266
299.000 14.300 -1.854 -2.389 -1.056 3.206
299.000 14.400 -6.258 -2.179 -0.003 6.636
299.000 14.500 -8.072 -0.897 0.794 8.172
299.000 14.600 -9.905 -0.305 1.089 9.982
299.000 14.700 -9.492 3.654 1.249 10.263
299.000 14.800 -3.961 5.104 1.631 6.683
299.000 14.900 -0.122 2.975 1.691 3.446
299.000 15.000 0.465 0.979 1.284 1.699
299.100 0.000 3.935 -0.962 -0.742 4.13
299.100 0.100 5.085 -5.56 -0.108 7.54
299.100 0.200 -1.017 -10.523 0.116 10.573
299.100 0.300 -10.096 -7.202 0.362 12.414
299.100 0.400 -11.683 1.97 0.515 11.878
299.100 0.500 -6.236 5.505 0.146 8.345
299.100 0.600 -2.682 2.603 -0.314 3.778
299.100 0.700 -3.778 -0.899 -0.416 3.921
299.100 0.800 -6.857 -0.804 -0.307 6.929
299.100 0.900 -7.137 1.177 -0.356 7.266
299.100 1.000 -6.939 1.847 -0.421 7.22
299.100 1.100 -5.711 3.648 -0.933 6.873
299.100 1.200 -2.583 3.96 -2.353 5.321
299.100 1.300 -0.6 3.444 -4.584 5.81
299.100 1.400 0.632 3.372 -7.647 8.426
299.100 1.500 1.897 3.668 -11.076 11.86
299.100 1.600 4.195 3.575 -13.079 14.249
299.100 1.700 6.902 1.059 -13.712 15.49
299.100 1.800 6.617 -3.894 -12.091 14.431
299.100 1.900 2.708 -6.379 -7.622 10.404
299.100 2.000 -1.158 -4.922 -2.433 5.766
299.100 2.100 -3.52 -0.959 2.382 4.515
299.100 2.200 -3.71 5.716 5.981 9.229
299.100 2.300 1.171 13.342 5.351 14.529
299.100 2.400 10.349 15.968 1.496 19.178
299.100 2.500 17.485 12.369 -2.694 21.74
299.100 2.600 21.874 8.39 -6.37 24.553
299.100 2.700 24.747 0.888 -8.827 26.701
299.100 2.800 19.147 -5.507 -9.631 22.348
299.100 2.900 13.307 -5.504 -9.326 17.302
299.100 3.000 9.878 -3.976 -8.224 13.609
299.100 3.100 8.394 -1.889 -6.762 11.038
299.100 3.200 8.678 -0.818 -4.548 9.9
299.100 3.300 10.193 -1.199 -1.138 10.386
299.100 3.400 11.552 -5.054 1.965 12.805
299.100 3.500 8.493 -9.478 3.565 13.251
299.100 3.600 4.347 -11.276 4.01 12.768
299.100 3.700 -0.135 -12.213 3.054 12.636
299.100 3.800 -5.389 -11.018 1.187 12.388
299.100 3.900 -8.46 -7.233 -0.735 11.236
299.100 4.000 -8.479 -5.063 -2.5 10.288
299.100 4.100 -9.033 -4.89 -3.603 11.003
299.100 4.200 -10.494 -5.637 -4.072 12.723
299.100 4.300 -13.969 -6.32 -4.622 16.148
299.100 4.400 -18.164 -5.944 -4.578 19.772
299.100 4.500 -25.057 -4.554 -3.911 25.842
299.100 4.600 -28.863 3.75 -3.266 29.357
299.100 4.700 -24.128 8.068 -2.534 25.691
299.100 4.800 -21.404 10.604 -0.82 24.069
299.100 4.900 -12.111 13.056 2.453 18.085
299.100 5.000 -3.135 8.681 6.333 11.222
299.100 5.100 0.517 3.331 8.903 9.523
299.100 5.200 0.894 0.019 10.575 10.671
299.100 5.300 0.304 -0.788 11.644 11.83
299.100 5.400 -0.138 -0.178 11.431 11.664
299.100 5.500 0.028 3.091 11.812 12.312
299.100 5.600 5.258 8.113 13.687 17.526
299.100 5.700 14.803 11.381 16.946 27.942
299.100 5.800 27.396 13.684 20.742 39.937
299.100 5.900 46.888 10.805 26.154 55.949
299.100 6.000 58.152 -10.713 26.984 65.456
299.100 6.100 44.714 -25.931 15.482 54.609
299.100 6.200 31.852 -29.18 4.325 44.54
299.100 6.300 14.211 -31.297 -0.66 34.733
299.100 6.400 -3.596 -23.561 -2.785 24.083
299.100 6.500 -12.46 -11.988 -4.492 18.07
299.100 6.600 -16.136 -3.596 -6.658 17.942
299.100 6.700 -16.636 5.114 -9.19 19.744
299.100 6.800 -9.522 9.488 -11.191 17.564
299.100 6.900 -3.678 6.105 -12.931 14.82
299.100 7.000 -3.76 0.261 -12.005 12.687
299.100 7.100 -8.114 -3.573 -8.971 13.055
299.100 7.200 -13.504 -5.058 -6.075 16.413
299.100 7.300 -21.239 -5.166 -3.255 22.543
299.100 7.400 -27.494 2.424 -1.309 27.804
299.100 7.500 -22.773 8.798 -2.65 24.864
299.100 7.600 -18.925 10.303 -4.688 22.722
299.100 7.700 -13.438 12.421 -6.824 20.013
299.100 7.800 -7.731 11.178 -9.065 16.449
299.100 7.900 -3.828 9.805 -10.749 15.051
299.100 8.000 0.236 7.969 -12.106 14.53
299.100 8.100 2.711 4.551 -12.626 13.743
299.100 8.200 2.272 1.842 -10.7 11.146
299.100 8.300 1.603 0.576 -8.279 8.504
299.100 8.400 0.239 -0.863 -5.361 5.494
299.100 8.500 -1.616 -1.786 -1.913 3.157
299.100 8.600 -3.534 -2.824 1.484 4.859
299.100 8.700 -6.341 -3.318 5.132 8.888
299.100 8.800 -8.86 -1.469 7.91 11.987
299.100 8.900 -9.018 1.133 7.553 11.835
299.100 9.000 -8.5 3.803 5.535 10.884
299.100 9.100 -5.44 7.315 1.959 9.367
299.100 9.200 -0.155 8.109 -2.996 8.665
299.100 9.300 3.555 5.835 -8.05 10.577
299.100 9.400 4.905 3.209 -12.72 14.018
299.100 9.500 5.268 -0.327 -15.368 16.262
299.100 9.600 3.254 -3.751 -13.777 14.656
299.100 9.700 0.216 -4.678 -10.179 11.214
299.100 9.800 -1.858 -4.098 -6.424 7.857
299.100 9.900 -3.367 -3.348 -2.858 5.577
299.100 10.000 -4.373 -2.002 -0.077 4.879
299.100 10.100 -4.599 -0.918 1.762 5.103
299.100 10.200 -4.724 0.355 2.695 5.548
299.100 10.300 -3.702 1.423 2.347 4.706
299.100 10.400 -2.602 1.274 1.379 3.3
299.100 10.500 -1.852 0.768 0.054 2.072
299.100 10.600 -1.341 -0.047 -1.444 1.989
299.100 10.700 -1.552 -1.108 -2.464 3.123
299.100 10.800 -2.745 -1.819 -2.706 4.276
299.100 10.900 -4.065 -1.517 -2.109 4.849
299.100 11.000 -4.271 -1.02 -0.395 4.449
299.100 11.100 -4.469 -1.055 2.027 5.077
299.100 11.200 -4.711 -0.659 4.538 6.644
299.100 11.300 -4.697 0.178 6.813 8.35
299.100 11.400 -4.243 1.811 7.464 8.85
299.100 11.500 -2.858 3.386 5.596 7.213
299.100 11.600 -0.983 3.855 2.903 4.998
299.100 11.700 0.649 3.616 0.005 3.729
299.100 11.800 2.295 2.553 -2.653 4.368
299.100 11.900 2.506 0.222 -3.584 4.391
299.100 12.000 1.309 -1.433 -2.917 3.507
299.100 12.100 -0.344 -3.113 -1.774 3.602
299.100 12.200 -3.58 -4.284 -0.161 5.601
299.100 12.300 -6.954 -3.388 1.449 7.894
299.100 12.400 -8.383 -1.774 3.143 9.157
299.100 12.500 -9.481 -0.665 4.912 10.733
299.100 12.600 -9.455 1.378 5.937 11.286
299.100 12.700 -8.362 2.016 6.24 10.664
299.100 12.800 -7.721 2.689 6.071 10.221
299.100 12.900 -6.057 3.225 4.656 8.331
299.100 13.000 -4.764 3.65 2.609 6.58
299.100 13.100 -2.681 4.479 0.104 5.255
299.100 13.200 -0.089 3.93 -2.715 4.801
299.100 13.300 1.371 2.264 -4.238 5.011
299.100 13.400 1.841 0.869 -4.14 4.624
299.100 13.500 1.797 -0.7 -3.313 3.838
299.100 13.600 0.341 -1.86 -1.326 2.309
299.100 13.700 -1.246 -1.497 0.796 2.116
299.100 13.800 -1.292 -0.205 2.07 2.472
299.100 13.900 -0.194 0.688 2.664 2.787
299.100 14.000 0.681 1.083 2.426 2.771
299.100 14.100 1.455 1.405 1.38 2.475
299.100 14.200 1.96 0.052 0.092 1.977
299.100 14.300 -0.235 -1.761 -1.744 2.49
299.100 14.400 -3.271 -1.917 -3.597 5.23
299.100 14.500 -5.139 -1.37 -3.912 6.608
299.100 14.600 -6.817 -0.471 -3.443 7.66
299.100 14.700 -6.642 2.515 -2.462 7.53
299.100 14.800 -3.368 3.875 -0.577 5.183
299.100 14.900 -0.738 2.624 0.778 2.856
299.100 15.000 -0.056 1.209 1.137 1.681
299.200 0.000 3.27 -1.397 -0.047 3.565
299.200 0.100 3.661 -5.867 0.089 6.92
299.200 0.200 -2.571 -10.645 0.036 10.953
299.200 0.300 -12.37 -7.453 -0.028 14.45
299.200 0.400 -13.531 2.851 -0.607 13.861
299.200 0.500 -5.817 6.624 -1.82 9.031
299.200 0.600 -0.949 3.101 -2.74 4.283
299.200 0.700 -2.04 -0.596 -3.319 3.968
299.200 0.800 -4.858 -0.548 -4.135 6.431
299.200 0.900 -5.155 1.204 -4.246 6.821
299.200 1.000 -4.681 2.085 -4.285 6.72
299.200 1.100 -3.521 3.738 -4.051 6.586
299.200 1.200 -0.915 4.8 -3.509 6.062
299.200 1.300 1.624 5.474 -4.112 7.083
299.200 1.400 4.615 6.635 -6.211 10.229
299.200 1.500 8.846 6.626 -9.251 14.43
299.200 1.600 11.883 4.857 -11.332 17.16
299.200 1.700 15.31 1.238 -12.386 19.836
299.200 1.800 14.084 -7.307 -11.179 19.493
299.200 1.900 5.566 -11.76 -6.923 14.765
299.200 2.000 -2.337 -10.327 -1.589 10.837
299.200 2.100 -8.324 -6.12 3.952 11.373
299.200 2.200 -12.686 3.286 8.392 16.074
299.200 2.300 -6.365 16.003 8.767 19.642
299.200 2.400 7.649 20.152 6.015 22.496
299.200 2.500 17.94 16.13 2.442 24.461
299.200 2.600 23.823 11.511 -1.424 26.752
299.200 2.700 27.574 2.518 -4.277 28.316
299.200 2.800 22.631 -5.288 -4.705 23.952
299.200 2.900 17.007 -5.947 -4.249 18.822
299.200 3.000 13.052 -4.942 -3.908 14.76
299.200 3.100 11.07 -3.15 -3.391 12.117
299.200 3.200 10.553 -3.239 -2.123 11.306
299.200 3.300 9.803 -4.289 0.006 10.753
299.200 3.400 8.917 -7.269 2.263 11.765
299.200 3.500 5.269 -10.437 3.872 12.351
299.200 3.600 0.879 -10.965 4.397 11.882
299.200 3.700 -2.95 -10.28 2.999 11.158
299.200 3.800 -6.729 -8.582 0.169 10.984
299.200 3.900 -8.489 -5.135 -2.505 10.337
299.200 4.000 -7.388 -3.487 -4.383 9.396
299.200 4.100 -7.01 -3.958 -5.672 9.988
299.200 4.200 -7.839 -4.876 -6.58 11.479
299.200 4.300 -10.166 -5.31 -7.676 13.91
299.200 4.400 -13.211 -4.712 -9.642 17.095
299.200 4.500 -17.83 -2.828 -13.027 22.299
299.200 4.600 -19.815 3.597 -15.268 25.308
299.200 4.700 -15.638 7.183 -14.575 22.659
299.200 4.800 -12.189 7.849 -13.11 19.74
299.200 4.900 -7.57 7.449 -8.126 13.574
299.200 5.000 -4.279 4.041 -2.132 6.419
299.200 5.100 -3.076 0.681 2.124 3.868
299.200 5.200 -3.839 -1.908 4.851 6.581
299.200 5.300 -5.196 -1.463 6.458 8.573
299.200 5.400 -4.648 -0.562 7.523 9.044
299.200 5.500 -4.213 1.32 9.231 10.339
299.200 5.600 -1.075 4.143 12.659 13.513
299.200 5.700 3.64 5.704 18.647 20.36
299.200 5.800 10.965 7.368 26.051 29.659
299.200 5.900 21.819 4.467 33.602 40.899
299.200 6.000 28.295 -6.445 36.301 47.588
299.200 6.100 26.197 -15.054 30.66 43.837
299.200 6.200 22.552 -20.905 22.902 38.842
299.200 6.300 10.831 -25.203 14.549 31.199
299.200 6.400 -2.61 -19.233 7.247 20.861
299.200 6.500 -8.86 -8.359 1.811 12.639
299.200 6.600 -9.226 0.814 -3.583 10.233
299.200 6.700 -6.462 7.949 -8.489 13.394
299.200 6.800 -0.29 11.346 -11.128 15.901
299.200 6.900 5.606 7.242 -13.301 16.187
299.200 7.000 3.57 -1.028 -14.378 14.933
299.200 7.100 -3.988 -5.439 -14.313 15.946
299.200 7.200 -11.144 -6.43 -14.011 19.336
299.200 7.300 -19.224 -6.046 -14.266 24.847
299.200 7.400 -25.344 2.044 -14.611 29.347
299.200 7.500 -20.505 9.361 -13.367 26.265
299.200 7.600 -15.252 11.342 -12.981 23.293
299.200 7.700 -9.285 13.211 -12.612 20.718
299.200 7.800 -2.708 12.149 -12.379 17.617
299.200 7.900 1.861 9.817 -11.668 15.366
299.200 8.000 6.132 7.932 -9.933 14.148
299.200 8.100 9.298 3.334 -8.367 13.005
299.200 8.200 6.556 -0.506 -6.726 9.482
299.200 8.300 3.941 -1.568 -5.033 6.665
299.200 8.400 1.197 -3.24 -3.629 5.112
299.200 8.500 -2.3 -4.378 -2.155 5.503
299.200 8.600 -5.935 -5.566 -0.424 8.248
299.200 8.700 -11.4 -6.452 1.543 13.261
299.200 8.800 -16.822 -2.803 3.415 17.444
299.200 8.900 -15.908 1.822 4.405 16.676
299.200 9.000 -14.221 5.66 4.627 16.047
299.200 9.100 -9.137 11.328 2.353 14.785
299.200 9.200 -0.619 12.907 -1.978 13.096
299.200 9.300 6.282 10.597 -6.389 13.895
299.200 9.400 11.95 7.638 -10.656 17.768
299.200 9.500 16.034 0.45 -13.602 21.083
299.200 9.600 11.268 -6.809 -12.502 18.196
299.200 9.700 4.783 -8.154 -9.735 13.591
299.200 9.800 0.363 -7.739 -6.464 10.112
299.200 9.900 -3.311 -6.555 -2.938 7.953
299.200 10.000 -5.697 -4.091 -0.347 7.092
299.200 10.100 -6.671 -2.123 0.915 7.141
299.200 10.200 -7.325 0.156 1.379 7.539
299.200 10.300 -5.595 2.194 1.104 6.196
299.200 10.400 -3.611 2.334 0.287 4.387
299.200 10.500 -2.102 2.029 -0.737 3.073
299.200 10.600 -0.764 1.108 -1.807 2.277
299.200 10.700 -0.332 -0.437 -2.68 2.737
299.200 10.800 -1.037 -1.716 -3.168 3.752
299.200 10.900 -2.155 -2.48 -2.989 4.45
299.200 11.000 -3.551 -3.228 -1.453 5.037
299.200 11.100 -5.611 -3.646 1.027 6.813
299.200 11.200 -7.691 -3.302 3.642 9.183
299.200 11.300 -10.364 -2.125 6.387 12.418
299.200 11.400 -11.311 2.439 7.717 13.975
299.200 11.500 -7.289 5.937 6.044 11.248
299.200 11.600 -3.075 6.434 3.733 8.121
299.200 11.700 0.528 6.211 1.518 6.482
299.200 11.800 4.352 4.409 -0.363 6.255
299.200 11.900 5.117 0.335 -1.395 5.344
299.200 12.000 3.018 -2.053 -1.547 3.977
299.200 12.100 0.716 -4.016 -1.241 4.27
299.200 12.200 -3.191 -5.431 -0.765 6.357
299.200 12.300 -7.358 -4.539 -0.059 8.664
299.200 12.400 -9.468 -2.988 0.49 9.964
299.200 12.500 -11.88 -1.933 1.13 12.116
299.200 12.600 -12.35 0.971 1.837 12.553
299.200 12.700 -10.744 1.858 2.343 11.184
299.200 12.800 -9.978 3.084 2.534 10.78
299.200 12.900 -7.775 4.31 2.396 9.242
299.200 13.000 -5.734 5.308 1.708 8.034
299.200 13.100 -2.12 6.846 0.2 7.208
299.200 13.200 2.941 6.074 -1.631 6.974
299.200 13.300 5.329 2.625 -2.676 6.536
299.200 13.400 4.894 0.426 -2.702 5.62
299.200 13.500 4.167 -1.862 -2.126 5.044
299.200 13.600 1.313 -3.656 -0.995 4.012
299.200 13.700 -1.729 -3.139 0.455 3.619
299.200 13.800 -3.061 -1.615 2.132 4.083
299.200 13.900 -3.515 -0.189 3.885 5.265
299.200 14.000 -2.911 1.828 4.255 5.497
299.200 14.100 -0.825 2.786 2.915 4.146
299.200 14.200 0.837 1.873 1.159 2.383
299.200 14.300 1.074 0.702 -1.172 1.751
299.200 14.400 0.934 -0.269 -3.572 3.706
299.200 14.500 -0.624 -1.475 -4.664 4.933
299.200 14.600 -3.117 -1.102 -4.585 5.656
299.200 14.700 -3.851 0.903 -3.503 5.293
299.200 14.800 -2.369 1.92 -1.399 3.37
299.200 14.900 -1.07 1.599 0.442 1.994
299.200 15.000 -0.602 1.117 1.051 1.668
299.300 0.000 2.383 -1.751 0.344 2.983
299.300 0.100 2.448 -5.626 0.526 6.16
299.300 0.200 -3.216 -9.587 -0.751 10.143
299.300 0.300 -11.575 -6.344 -2.84 13.512
299.300 0.400 -12.091 3.184 -3.622 13.04
299.300 0.500 -4.469 6.894 -3.033 8.792
299.300 0.600 0.823 3.547 -2.747 4.601
299.300 0.700 0.689 0.371 -3.311 3.437
299.300 0.800 -0.394 0.155 -4.224 4.283
299.300 0.900 -0.865 1.023 -4.437 4.68
299.300 1.000 -0.563 1.994 -4.311 4.833
299.300 1.100 0.031 2.72 -3.606 4.57
299.300 1.200 0.845 4.024 -2.212 4.721
299.300 1.300 2.682 6.068 -1.455 6.84
299.300 1.400 6.361 8.543 -1.93 10.856
299.300 1.500 12.068 9.043 -3.365 15.482
299.300 1.600 16.341 6.955 -5.99 18.788
299.300 1.700 20.645 1.984 -8.469 22.483
299.300 1.800 19.03 -9.333 -8.656 22.954
299.300 1.900 8.466 -15.99 -6.106 19.097
299.300 2.000 -2.279 -15.578 -1.778 15.932
299.300 2.100 -11.803 -11.42 3.528 17.079
299.300 2.200 -18.95 0.334 8.088 21.06
299.300 2.300 -13.017 16.371 9.893 23.422
299.300 2.400 1.879 22.123 9.471 24.223
299.300 2.500 14.169 19.562 7.768 25.478
299.300 2.600 24.626 15.416 4.965 29.549
299.300 2.700 32.076 4.028 2.686 32.506
299.300 2.800 24.949 -5.901 2.106 25.885
299.300 2.900 17.082 -6.062 1.811 18.533
299.300 3.000 13.143 -4.41 0.777 14.169
299.300 3.100 11.761 -3.183 -0.423 12.332
299.300 3.200 10.982 -4.399 -0.517 11.916
299.300 3.300 9.233 -6.148 0.738 11.173
299.300 3.400 7.109 -8.967 2.254 11.708
299.300 3.500 1.817 -11.684 3.385 12.34
299.300 3.600 -4.279 -10.662 3.92 12.184
299.300 3.700 -7.104 -7.43 1.961 10.532
299.300 3.800 -8.175 -5.389 -1.516 10.011
299.300 3.900 -8.113 -2.679 -4.397 9.743
299.300 4.000 -5.831 -1.79 -6.655 9.186
299.300 4.100 -4.713 -3.05 -7.9 9.86
299.300 4.200 -5.213 -4.225 -8.235 10.79
299.300 4.300 -6.879 -3.933 -8.805 11.982
299.300 4.400 -7.959 -1.8 -10.675 13.488
299.300 4.500 -7.964 0.984 -13.946 16.099
299.300 4.600 -6.662 4.427 -16.503 18.348
299.300 4.700 -3.386 6.528 -16.913 18.502
299.300 4.800 0.225 5.19 -15.898 16.882
299.300 4.900 1.047 2.011 -12.429 12.864
299.300 5.000 0.239 -0.741 -8.107 8.42
299.300 5.100 -1.237 -3.14 -3.947 5.495
299.300 5.200 -3.861 -4.311 -0.426 6.058
299.300 5.300 -5.826 -2.759 1.451 6.845
299.300 5.400 -5.868 -1.788 2.171 6.778
299.300 5.500 -6.41 -1.139 3.443 7.661
299.300 5.600 -4.775 -0.58 6.977 8.683
299.300 5.700 -3.826 -1.575 13.064 13.802
299.300 5.800 -2.035 -1.439 21.815 22.036
299.300 5.900 1.551 -3.136 32.069 33.08
299.300 6.000 4.078 -5.987 37.524 40.034
299.300 6.100 5.668 -8.904 34.426 37.677
299.300 6.200 5.954 -13.825 28.445 33.093
299.300 6.300 0.373 -17.515 22.075 28.613
299.300 6.400 -7.282 -13.187 16.228 22.488
299.300 6.500 -9.819 -3.004 11.121 15.425
299.300 6.600 -5.992 6.501 5.934 10.764
299.300 6.700 0.444 12.402 0.689 12.434
299.300 6.800 7.318 15.256 -4.97 17.788
299.300 6.900 14.247 10.703 -11.123 21.658
299.300 7.000 12.354 0.81 -15.374 20.865
299.300 7.100 4.424 -4.312 -18.147 20.379
299.300 7.200 -2.839 -5.932 -19.934 21.512
299.300 7.300 -10.052 -5.444 -20.411 23.402
299.300 7.400 -14.985 1.111 -19.769 25.101
299.300 7.500 -12.466 7.692 -18.129 23.415
299.300 7.600 -8.393 10.173 -16.184 20.893
299.300 7.700 -3.4 11.762 -13.878 18.545
299.300 7.800 2.894 10.895 -11.313 16.002
299.300 7.900 6.425 7.306 -8.506 12.938
299.300 8.000 7.257 5.124 -5.248 10.371
299.300 8.100 7.958 1.829 -2.821 8.711
299.300 8.200 5.471 -1.186 -2.357 6.173
299.300 8.300 2.833 -2.214 -2.516 4.509
299.300 8.400 0.213 -3.603 -2.884 4.748
299.300 8.500 -3.091 -4.93 -3.421 6.863
299.300 8.600 -6.813 -6.299 -3.759 10.105
299.300 8.700 -12.101 -7.209 -3.923 14.667
299.300 8.800 -17.444 -4.082 -3.661 18.338
299.300 8.900 -18.932 -0.095 -1.921 19.109
299.300 9.000 -20.568 5.137 0.044 21.242
299.300 9.100 -14.161 14.057 0.073 19.976
299.300 9.200 -1.645 16.293 -1.327 16.452
299.300 9.300 7.849 13.713 -3.157 16.14
299.300 9.400 15.377 10.453 -5.171 19.36
299.300 9.500 21.07 1.496 -6.532 22.214
299.300 9.600 16.159 -7.708 -7.439 19.459
299.300 9.700 9.132 -10.058 -7.233 15.43
299.300 9.800 3.039 -10.773 -5.509 12.513
299.300 9.900 -3.318 -9.445 -3.074 10.52
299.300 10.000 -7.188 -5.614 -1.242 9.27
299.300 10.100 -7.88 -2.691 -0.288 8.405
299.300 10.200 -8.119 0.093 0.087 8.198
299.300 10.300 -6.275 2.607 -0.068 6.874
299.300 10.400 -3.923 3.1 -0.582 5.107
299.300 10.500 -1.923 2.926 -1.263 3.784
299.300 10.600 0.043 2.024 -2.052 2.919
299.300 10.700 1.031 0.153 -2.727 2.928
299.300 10.800 0.647 -1.438 -3.108 3.486
299.300 10.900 -0.161 -2.999 -3.199 4.39
299.300 11.000 -2.488 -4.87 -2.601 6.069
299.300 11.100 -6.244 -5.769 -1.394 8.642
299.300 11.200 -9.708 -5.488 0.267 11.193
299.300 11.300 -14.119 -4.209 1.995 14.913
299.300 11.400 -16.258 2.242 3.182 16.773
299.300 11.500 -10.933 7.095 3.764 13.631
299.300 11.600 -5.571 7.91 3.52 10.366
299.300 11.700 -0.943 7.811 2.462 8.314
299.300 11.800 3.438 5.563 1.284 6.728
299.300 11.900 4.75 1.2 0.29 4.951
299.300 12.000 3.269 -1.677 -0.598 3.744
299.300 12.100 1.101 -3.854 -1.316 4.225
299.300 12.200 -2.676 -5.356 -2.026 6.328
299.300 12.300 -6.802 -4.572 -2.781 8.667
299.300 12.400 -8.664 -3.026 -3.121 9.709
299.300 12.500 -10.412 -2.136 -3.318 11.153
299.300 12.600 -11.143 -0.019 -2.784 11.507
299.300 12.700 -10.78 0.918 -1.351 10.928
299.300 12.800 -10.572 2.684 -0.208 10.939
299.300 12.900 -8.542 4.37 0.138 9.628
299.300 13.000 -6.484 5.791 0.211 8.731
299.300 13.100 -2.342 7.721 0.247 8.11
299.300 13.200 3.197 6.81 0.262 7.564
299.300 13.300 6.021 3.212 -0.033 6.852
299.300 13.400 6.214 0.626 -0.715 6.307
299.300 13.500 5.527 -2.348 -1.027 6.104
299.300 13.600 2.028 -4.689 -0.47 5.134
299.300 13.700 -1.919 -4.345 0.364 4.77
299.300 13.800 -4.503 -3.125 1.252 5.634
299.300 13.900 -7.103 -1.532 2.346 7.652
299.300 14.000 -7.129 2.311 2.906 8.062
299.300 14.100 -3.353 4.043 2.545 5.864
299.300 14.200 -0.39 3.518 1.661 3.94
299.300 14.300 1.365 2.844 0.046 3.18
299.300 14.400 2.87 1.531 -1.814 3.739
299.300 14.500 2.341 -0.488 -3.514 4.255
299.300 14.600 0.557 -1.03 -4.734 4.88
299.300 14.700 -0.656 -0.778 -4.262 4.386
299.300 14.800 -1.478 -0.504 -1.871 2.442
299.300 14.900 -2.018 0.309 0.284 2.074
299.300 15.000 -1.49 1.05 0.889 2.047
299.400 0.000 1.082 -2.145 -0.25 2.42
299.400 0.100 0.187 -5.013 -0.528 5.047
299.400 0.200 -4.016 -7.563 -1.986 8.796
299.400 0.300 -10.052 -4.858 -3.497 11.713
299.400 0.400 -9.942 3.064 -3.977 11.164
299.400 0.500 -3.133 6.124 -3.512 7.76
299.400 0.600 1.599 3.106 -2.515 4.345
299.400 0.700 1.799 0.504 -1.489 2.424
299.400 0.800 1.451 0.532 -1.038 1.901
299.400 0.900 1.311 1.305 -1.52 2.445
299.400 1.000 1.896 1.882 -2.117 3.463
299.400 1.100 2.07 1.444 -1.52 2.999
299.400 1.200 1.403 2.399 0.274 2.84
299.400 1.300 2.045 5.377 1.944 6.121
299.400 1.400 5.353 8.947 2.555 10.785
299.400 1.500 11.042 10.844 1.818 15.635
299.400 1.600 17.716 10.538 -0.814 20.663
299.400 1.700 26.376 4.961 -5.001 27.316
299.400 1.800 25.852 -10.289 -6.992 28.693
299.400 1.900 12.075 -19.188 -5.403 23.314
299.400 2.000 -1.741 -19.896 -2.75 20.218
299.400 2.100 -15.305 -17.064 1.565 23.069
299.400 2.200 -27.769 -3.756 7.126 28.979
299.400 2.300 -21.648 16.271 9.296 28.683
299.400 2.400 -4.199 22.616 9.495 24.94
299.400 2.500 9.15 20.245 10.274 24.501
299.400 2.600 19.729 15.895 11.449 27.804
299.400 2.700 26.485 5.183 11.986 29.577
299.400 2.800 21.281 -4.035 9.775 23.906
299.400 2.900 14.811 -4.366 7.039 17.287
299.400 3.000 11.94 -2.502 4.579 13.345
299.400 3.100 12.044 -1.702 2.326 12.544
299.400 3.200 11.636 -4.539 0.989 12.611
299.400 3.300 8.15 -7.283 0.919 11.031
299.400 3.400 4.286 -9.595 1.12 10.626
299.400 3.500 -1.575 -11.72 0.342 11.902
299.400 3.600 -8.992 -9.742 -1.046 13.397
299.400 3.700 -10.296 -4.112 -3.409 11.731
299.400 3.800 -8.291 -2.261 -6.505 10.945
299.400 3.900 -6.577 -0.473 -8.786 11.171
299.400 4.000 -2.824 -0.441 -9.738 10.347
299.400 4.100 -0.955 -2.857 -9.903 10.549
299.400 4.200 -2.239 -4.703 -9.008 10.595
299.400 4.300 -4.6 -3.485 -8.187 10.181
299.400 4.400 -4.751 0.266 -8.809 10.115
299.400 4.500 -2.318 3.699 -10.618 11.526
299.400 4.600 1.102 6.087 -12.584 14.059
299.400 4.700 5.471 7.032 -14.298 16.913
299.400 4.800 9.596 3.637 -14.666 18.044
299.400 4.900 9.084 -1.487 -12.432 15.677
299.400 5.000 6.814 -4.337 -9.183 12.475
299.400 5.100 3.178 -6.898 -5.993 9.95
299.400 5.200 -2.273 -6.898 -3.344 8.28
299.400 5.300 -5.127 -3.343 -2.254 6.827
299.400 5.400 -3.361 -1.46 -2.799 5.077
299.400 5.500 -2.078 -2.825 -3.036 5.316
299.400 5.600 -2.477 -5.511 0.159 6.567
299.400 5.700 -5.069 -8.606 5.817 11.866
299.400 5.800 -9.495 -11.628 13.649 20.539
299.400 5.900 -17.417 -13.493 24.078 33.289
299.400 6.000 -22.133 -7.362 31.041 40.53
299.400 6.100 -14.832 -4.307 29.682 36.32
299.400 6.200 -9.525 -9.204 27.073 32.591
299.400 6.300 -11.756 -12.977 24.292 31.133
299.400 6.400 -16.942 -9.378 21.957 29.827
299.400 6.500 -17.263 1.056 19.441 26.303
299.400 6.600 -11.083 10.618 16.322 22.553
299.400 6.700 -2.284 17.735 12.703 21.997
299.400 6.800 10.058 22.847 6.316 26.189
299.400 6.900 24.279 18.166 -2.218 32.422
299.400 7.000 24.189 6.244 -11.078 30.844
299.400 7.100 16.838 0.214 -19.866 29.201
299.400 7.200 10.211 -4.523 -24.576 28.197
299.400 7.300 1.992 -6.24 -24.181 25.169
299.400 7.400 -4.483 -0.614 -22.256 24.009
299.400 7.500 -3.494 5.64 -19.794 21.811
299.400 7.600 -0.821 7.648 -17.422 19.255
299.400 7.700 1.675 7.977 -13.514 15.943
299.400 7.800 4.434 6.966 -8.299 11.875
299.400 7.900 5.458 4.302 -4.285 8.271
299.400 8.000 4.731 2.64 -1.934 5.844
299.400 8.100 4.124 0.713 -0.454 4.301
299.400 8.200 1.991 -0.974 -0.191 2.365
299.400 8.300 0.146 -1.438 -0.901 1.881
299.400 8.400 -1.5 -2.255 -2.67 3.941
299.400 8.500 -3.477 -3.549 -5.011 7.169
299.400 8.600 -6.166 -5.419 -6.935 10.843
299.400 8.700 -10.826 -6.827 -8.101 15.209
299.400 8.800 -15.87 -4.537 -8.396 18.567
299.400 8.900 -17.618 -1.158 -8.266 19.546
299.400 9.000 -19.389 3.932 -7.679 21.249
299.400 9.100 -14.203 12.483 -4.996 19.582
299.400 9.200 -3.651 15.469 -1.365 15.982
299.400 9.300 5.604 14.83 0.063 15.891
299.400 9.400 14.914 12.218 -1.241 19.373
299.400 9.500 21.709 2.626 -2.98 22.136
299.400 9.600 17.837 -7.312 -3.346 19.62
299.400 9.700 11.374 -10.509 -3.25 15.876
299.400 9.800 4.827 -12.033 -3.087 13.379
299.400 9.900 -2.271 -10.674 -2.812 11.318
299.400 10.000 -6.666 -6.708 -2.312 9.791
299.400 10.100 -8.32 -3.527 -1.531 9.229
299.400 10.200 -9.253 -0.072 -1.021 9.381
299.400 10.300 -6.898 3.042 -1.177 7.705
299.400 10.400 -3.996 3.553 -1.508 5.626
299.400 10.500 -1.699 3.383 -1.705 4.215
299.400 10.600 0.544 2.499 -1.827 3.195
299.400 10.700 1.779 0.598 -2.093 2.838
299.400 10.800 1.591 -1.074 -2.586 3.229
299.400 10.900 0.97 -2.844 -3.083 4.309
299.400 11.000 -1.076 -4.971 -3.652 6.268
299.400 11.100 -4.412 -6.397 -4.068 8.784
299.400 11.200 -8.441 -7.059 -3.369 11.529
299.400 11.300 -13.8 -5.643 -1.672 15.036
299.400 11.400 -16.464 0.987 -0.101 16.542
299.400 11.500 -12.733 6.168 1.126 14.252
299.400 11.600 -8.417 7.925 2.096 11.815
299.400 11.700 -3.08 8.75 2.079 9.577
299.400 11.800 2.457 6.496 1.502 7.174
299.400 11.900 4.282 1.951 0.882 4.84
299.400 12.000 3.075 -0.816 0.119 3.215
299.400 12.100 1.441 -2.802 -1.06 3.331
299.400 12.200 -1.522 -4.06 -2.716 5.119
299.400 12.300 -4.477 -3.568 -4.349 7.197
299.400 12.400 -6.099 -2.625 -5.403 8.57
299.400 12.500 -7.734 -2.077 -5.88 9.947
299.400 12.600 -8.734 -0.81 -5.781 10.521
299.400 12.700 -9.567 -0.349 -5.148 10.888
299.400 12.800 -10.443 1.725 -4.089 11.37
299.400 12.900 -8.377 3.644 -2.57 9.517
299.400 13.000 -6.336 5.101 -0.97 8.225
299.400 13.100 -2.565 7.13 0.304 7.623
299.400 13.200 2.674 6.495 1.2 7.165
299.400 13.300 5.554 3.303 1.798 6.74
299.400 13.400 6.418 1.129 2.007 6.845
299.400 13.500 6.502 -2.131 1.607 7.046
299.400 13.600 2.444 -4.762 0.754 5.413
299.400 13.700 -1.952 -4.455 -0.169 4.872
299.400 13.800 -4.669 -3.419 -0.628 5.829
299.400 13.900 -7.264 -1.957 -0.767 7.575
299.400 14.000 -7.678 1.638 -0.175 7.871
299.400 14.100 -4.931 3.613 1.252 6.265
299.400 14.200 -2.328 4.182 1.954 5.198
299.400 14.300 0.534 4.473 1.063 4.656
299.400 14.400 3.446 3.216 -0.555 4.767
299.400 14.500 4.272 1.061 -2.037 4.863
299.400 14.600 4.273 -0.127 -3.361 5.446
299.400 14.700 3.208 -2.099 -3.509 5.2
299.400 14.800 -0.193 -2.746 -2.072 3.446
299.400 14.900 -2.676 -0.923 -0.667 2.916
299.400 15.000 -2.091 0.843 0.088 2.271
299.500 0.000 0.758 -1.753 -1.608 2.507
299.500 0.100 -0.091 -3.852 -2.774 4.757
299.500 0.200 -3.172 -5.723 -4.551 7.981
299.500 0.300 -7.944 -3.87 -6.359 10.903
299.500 0.400 -7.666 2.359 -6.116 10.114
299.500 0.500 -1.541 4.514 -3.665 6.055
299.500 0.600 2.248 1.405 -1.172 2.934
299.500 0.700 0.821 -0.941 0.709 1.441
299.500 0.800 -0.801 0.295 1.901 2.102
299.500 0.900 0.341 2.517 1.275 2.887
299.500 1.000 3.193 2.394 -0.011 4.04
299.500 1.100 3.487 -0.157 0.559 3.567
299.500 1.200 0.864 -0.005 3.096 3.223
299.500 1.300 -0.132 3.702 5.627 6.769
299.500 1.400 2.48 8.415 7.298 11.453
299.500 1.500 8.303 11.891 7.838 16.536
299.500 1.600 16.318 13.369 6.566 22.11
299.500 1.700 27.865 8.309 4.379 29.412
299.500 1.800 29.142 -8.547 1.17 30.422
299.500 1.900 15.305 -18.668 -2.986 24.375
299.500 2.000 1.282 -21.186 -5.297 21.94
299.500 2.100 -14.267 -20.363 -5.135 25.424
299.500 2.200 -29.982 -7.472 -3.81 31.152
299.500 2.300 -25.029 13.321 0.731 28.438
299.500 2.400 -8.292 19.696 6.848 22.568
299.500 2.500 3.826 18.036 11.324 21.663
299.500 2.600 13.101 14.418 13.786 23.916
299.500 2.700 18.863 5.676 14.505 24.663
299.500 2.800 15.08 -1.722 13.579 20.513
299.500 2.900 10.257 -1.645 11.31 15.567
299.500 3.000 8.939 0.504 7.97 12.218
299.500 3.100 10.321 0.741 4.456 11.409
299.500 3.200 10.583 -2.871 1.601 11.183
299.500 3.300 7.335 -6.441 -0.68 9.885
299.500 3.400 3.199 -8.481 -2.507 9.521
299.500 3.500 -1.311 -9.649 -4.626 10.926
299.500 3.600 -6.347 -7.375 -7.219 12.297
299.500 3.700 -6.499 -1.906 -9.217 11.655
299.500 3.800 -2.993 0.206 -11.085 11.72
299.500 3.900 -0.164 0.194 -12.21 12.447
299.500 4.000 2.343 -0.81 -11.45 11.942
299.500 4.100 3.469 -3.781 -10.243 11.671
299.500 4.200 0.563 -6.195 -8.699 10.896
299.500 4.300 -3.336 -4.17 -7.283 9.218
299.500 4.400 -3.52 0.955 -6.771 7.862
299.500 4.500 -0.086 5.031 -7.145 8.886
299.500 4.600 4.816 7.791 -8.057 12.326
299.500 4.700 12.188 8.945 -9.621 18.036
299.500 4.800 19.415 3.152 -10.849 22.602
299.500 4.900 16.732 -4.752 -8.903 19.715
299.500 5.000 11.586 -7.173 -6.191 15.167
299.500 5.100 6.618 -8.919 -4.602 12.242
299.500 5.200 0.847 -7.801 -4.107 9.103
299.500 5.300 -1.462 -3.381 -4.149 5.859
299.500 5.400 1.617 -0.684 -4.294 5.122
299.500 5.500 5.122 -3.63 -4.519 8.217
299.500 5.600 2.633 -9.28 -3.081 10.482
299.500 5.700 -3.456 -13.41 -0.636 14.332
299.500 5.800 -11.789 -17.984 2.092 21.77
299.500 5.900 -26.655 -20.573 4.712 34.375
299.500 6.000 -37.072 -10.356 7.628 40.779
299.500 6.100 -29.001 -5.409 12.543 35.418
299.500 6.200 -25.21 -9.51 17.226 34.841
299.500 6.300 -26.336 -11.948 18.456 35.898
299.500 6.400 -32.087 -9.517 20.002 39.707
299.500 6.500 -31.584 3.049 21.006 38.452
299.500 6.600 -22.153 12.285 20.573 33.023
299.500 6.700 -12.129 20.698 20.652 31.812
299.500 6.800 3.809 28.206 18.958 34.525
299.500 6.900 21.803 26.807 14.322 39.917
299.500 7.000 31.079 19.962 1.346 41.959
299.500 7.100 37.524 11.976 -16.723 46.339
299.500 7.200 34.921 -3.556 -24.749 44.627
299.500 7.300 20.758 -8.988 -21.425 33.706
299.500 7.400 10.582 -3.229 -18.391 26.574
299.500 7.500 7.836 3.457 -16.187 21.527
299.500 7.600 9.132 5.203 -14.895 18.937
299.500 7.700 7.541 2.924 -11.628 14.537
299.500 7.800 4.194 2.041 -6.924 8.724
299.500 7.900 1.838 1.353 -3.348 4.349
299.500 8.000 -0.092 0.592 -0.761 1.163
299.500 8.100 -1.754 0.072 0.76 2.019
299.500 8.200 -3.685 -0.391 0.173 3.847
299.500 8.300 -5.382 0.028 -1.065 5.604
299.500 8.400 -5.03 0.747 -3.837 6.463
299.500 8.500 -4.024 -0.695 -7.461 8.601
299.500 8.600 -4.663 -3.256 -10.392 11.943
299.500 8.700 -7.642 -5.338 -12.894 15.986
299.500 8.800 -11.537 -4.413 -14.294 18.928
299.500 8.900 -12.983 -2.141 -13.115 18.607
299.500 9.000 -14.355 1.767 -10.526 17.944
299.500 9.100 -11.626 8.191 -6.717 15.793
299.500 9.200 -5.594 11.62 -2.061 13.107
299.500 9.300 1.769 13.823 1.427 14.043
299.500 9.400 12.956 13.08 3.039 18.684
299.500 9.500 22.061 3.43 3.449 22.609
299.500 9.600 17.85 -6.833 2.222 19.264
299.500 9.700 11.129 -9.908 0.435 14.941
299.500 9.800 4.977 -11.589 -0.844 12.685
299.500 9.900 -1.719 -10.529 -1.582 10.837
299.500 10.000 -6.03 -6.777 -2.099 9.366
299.500 10.100 -7.691 -3.599 -2.631 8.945
299.500 10.200 -8.506 -0.132 -2.979 9.072
299.500 10.300 -6.258 2.978 -2.702 7.503
299.500 10.400 -3.322 3.539 -2.349 5.457
299.500 10.500 -1.145 3.239 -2.017 4.047
299.500 10.600 0.748 2.458 -1.734 3.159
299.500 10.700 1.9 0.933 -1.777 2.804
299.500 10.800 2.103 -0.453 -2.244 3.127
299.500 10.900 1.99 -2.072 -3.118 4.248
299.500 11.000 0.671 -4.064 -4.202 5.886
299.500 11.100 -1.593 -5.922 -5.324 8.124
299.500 11.200 -5.809 -7.947 -5.723 11.398
299.500 11.300 -13.055 -7.26 -5.171 15.831
299.500 11.400 -17.259 -0.21 -4.069 17.773
299.500 11.500 -13.409 5.028 -2.679 14.619
299.500 11.600 -9.623 6.913 -1.146 11.962
299.500 11.700 -4.645 8.21 0.43 9.511
299.500 11.800 0.528 6.388 1.705 6.707
299.500 11.900 2.479 2.656 1.704 4.081
299.500 12.000 1.831 0.293 0.55 1.984
299.500 12.100 0.844 -1.11 -1.051 1.752
299.500 12.200 -0.665 -2.03 -3.269 3.905
299.500 12.300 -2.338 -1.94 -5.447 6.243
299.500 12.400 -3.084 -1.504 -7.081 7.875
299.500 12.500 -3.99 -1.498 -8.343 9.376
299.500 12.600 -4.768 -1.038 -8.698 9.983
299.500 12.700 -5.461 -0.87 -8.281 9.967
299.500 12.800 -6.351 0.221 -7.364 9.74
299.500 12.900 -6.326 1.354 -5.123 8.269
299.500 13.000 -6.311 3.024 -2.526 7.467
299.500 13.100 -3.488 5.381 0.074 6.452
299.500 13.200 0.988 5.035 2.737 5.859
299.500 13.300 3.202 2.532 4.426 6.06
299.500 13.400 3.375 0.91 4.979 6.118
299.500 13.500 3.21 -1.05 4.548 5.692
299.500 13.600 1.142 -2.714 2.161 3.668
299.500 13.700 -1.243 -2.986 -0.465 3.27
299.500 13.800 -3.37 -2.903 -1.896 4.841
299.500 13.900 -5.787 -2.015 -2.275 6.546
299.500 14.000 -6.71 0.481 -1.742 6.964
299.500 14.100 -5.879 2.036 -0.326 6.25
299.500 14.200 -4.727 3.77 1.101 6.17
299.500 14.300 -1.066 5.259 1.574 5.621
299.500 14.400 3.136 4.286 1.479 5.539
299.500 14.500 4.776 2.182 0.711 5.319
299.500 14.600 5.657 0.742 -0.259 5.726
299.500 14.700 5.014 -2.234 -0.896 5.569
299.500 14.800 1.309 -3.363 -1.303 3.838
299.500 14.900 -1.368 -1.664 -1.226 2.481
299.500 15.000 -1.476 0.143 -0.513 1.579
299.600 0.000 1.658 -0.496 -2.443 3.011
299.600 0.100 1.909 -2.164 -4.189 5.102
299.600 0.200 0.203 -3.769 -5.9 7.018
299.600 0.300 -2.24 -2.769 -7.356 8.193
299.600 0.400 -2.481 0.078 -6.617 7.095
299.600 0.500 -0.484 1.055 -3.341 3.572
299.600 0.600 0.42 -0.837 -0.326 1.001
299.600 0.700 -1.78 -2.333 1.162 3.16
299.600 0.800 -4.315 -0.2 1.997 4.782
299.600 0.900 -1.985 3.335 2.266 4.542
299.600 1.000 2.934 2.554 2.622 4.736
299.600 1.100 3.207 -1.971 3.71 5.296
299.600 1.200 -1.705 -2.868 5.837 6.729
299.600 1.300 -4.854 1.296 8.591 9.979
299.600 1.400 -3.558 6.521 11.01 13.296
299.600 1.500 0.563 11.488 13.085 17.423
299.600 1.600 9.27 15.376 12.337 21.799
299.600 1.700 21.393 11 9.325 25.904
299.600 1.800 24.924 -3.415 4.987 25.809
299.600 1.900 17.458 -13.35 -0.825 22.118
299.600 2.000 7.827 -18.739 -5.882 21.262
299.600 2.100 -6.451 -19.886 -7.945 22.521
299.600 2.200 -19.493 -9.549 -7.65 23.349
299.600 2.300 -18.873 6.135 -2.974 20.507
299.600 2.400 -9.945 12.734 4.619 17.181
299.600 2.500 -1.958 13.537 11.168 17.767
299.600 2.600 5.603 11.757 15.882 20.562
299.600 2.700 10.409 5.569 18.267 21.902
299.600 2.800 7.302 0.378 16.613 18.222
299.600 2.900 3.388 1.493 13.401 13.955
299.600 3.000 4.346 4.777 9.271 11.409
299.600 3.100 8.749 4.718 4.628 11.098
299.600 3.200 11.021 0.339 0.542 11.18
299.600 3.300 9.272 -3.582 -3.162 10.596
299.600 3.400 6.601 -6.249 -6.425 11.328
299.600 3.500 2.819 -7.768 -8.18 11.848
299.600 3.600 -1.219 -5.569 -9.375 11.229
299.600 3.700 -0.728 -0.521 -10.396 10.72
299.600 3.800 3.782 1.548 -11.162 12.158
299.600 3.900 6.982 -0.056 -11.359 13.583
299.600 4.000 7.564 -1.954 -10.776 13.547
299.600 4.100 7.096 -5.176 -9.873 13.438
299.600 4.200 2.691 -8.027 -8.172 11.98
299.600 4.300 -2.801 -5.601 -6.054 8.912
299.600 4.400 -3.556 0.488 -4.757 6.15
299.600 4.500 0.177 4.952 -3.954 6.493
299.600 4.600 5.586 7.86 -2.918 10.192
299.600 4.700 13.921 9.169 -1.518 16.839
299.600 4.800 22.395 2.754 -0.004 22.672
299.600 4.900 19.289 -5.79 -0.397 20.276
299.600 5.000 13.777 -7.92 -1.438 16.113
299.600 5.100 8.847 -9.354 -1.763 13.165
299.600 5.200 3.567 -7.676 -1.845 8.831
299.600 5.300 1.853 -3.332 -2.075 4.528
299.600 5.400 4.742 -0.651 -2.084 5.494
299.600 5.500 8.279 -3.612 -2.181 9.511
299.600 5.600 6.174 -9.364 -3.352 11.862
299.600 5.700 0.882 -13.425 -5.417 14.697
299.600 5.800 -6.435 -17.681 -7.762 20.355
299.600 5.900 -17.586 -19.268 -11.036 28.756
299.600 6.000 -25.809 -13.631 -12.493 33.124
299.600 6.100 -26.975 -11.952 -8.528 32.945
299.600 6.200 -31.676 -13.553 -3.995 36.643
299.600 6.300 -33.337 -13.714 -0.456 37.696
299.600 6.400 -39.837 -12.829 3.061 42.889
299.600 6.500 -40.434 -0.059 8.856 41.951
299.600 6.600 -31.058 8.677 16.901 36.899
299.600 6.700 -22.379 18.409 23.601 37.509
299.600 6.800 -7.264 28.35 27.393 40.284
299.600 6.900 11.067 32.676 27.348 45.902
299.600 7.000 31.84 35.476 20.575 55.848
299.600 7.100 61.712 27.831 7.749 71.762
299.600 7.200 65.287 -3.543 0.021 69.216
299.600 7.300 37.347 -11.866 -0.365 47.061
299.600 7.400 21.381 -3.967 -1.955 32.368
299.600 7.500 15.195 3.241 -3.882 21.448
299.600 7.600 15.451 4.745 -5.202 18.116
299.600 7.700 11.067 0.482 -5.869 13.148
299.600 7.800 3.878 -0.529 -5.722 7.583
299.600 7.900 -1.076 -0.752 -5.067 5.739
299.600 8.000 -5.989 -1.571 -3.82 7.6
299.600 8.100 -10.174 0.214 -3.135 10.863
299.600 8.200 -10.221 1.402 -5.155 11.707
299.600 8.300 -11.115 1.864 -7.325 13.584
299.600 8.400 -8.126 4.051 -9.479 13.221
299.600 8.500 -3.426 2.236 -11.757 12.539
299.600 8.600 -1.667 -0.834 -13.715 13.935
299.600 8.700 -1.818 -3.049 -15.665 16.141
299.600 8.800 -3.184 -4.454 -16.767 17.688
299.600 8.900 -6.355 -4.627 -15.252 17.216
299.600 9.000 -10.001 -1.611 -12.449 16.147
299.600 9.100 -9.54 3.641 -8.32 13.255
299.600 9.200 -6.403 6.989 -3.264 10.082
299.600 9.300 -1.465 10.268 1.428 10.509
299.600 9.400 7.112 10.284 5.62 13.721
299.600 9.500 13.769 3.343 8.122 16.335
299.600 9.600 12.695 -4.186 6.745 14.983
299.600 9.700 9.528 -7.569 3.958 12.837
299.600 9.800 4.709 -10.05 1.507 11.263
299.600 9.900 -1.506 -9.313 -0.677 9.518
299.600 10.000 -5.325 -5.942 -2.273 8.348
299.600 10.100 -6.503 -3.064 -3.013 7.845
299.600 10.200 -6.894 -0.097 -3.237 7.672
299.600 10.300 -4.99 2.544 -3.043 6.436
299.600 10.400 -2.422 3.066 -2.513 4.709
299.600 10.500 -0.58 2.721 -1.832 3.397
299.600 10.600 0.992 2.191 -1.224 2.771
299.600 10.700 2.078 1.084 -1.029 2.621
299.600 10.800 2.404 0.198 -1.403 2.832
299.600 10.900 2.803 -0.966 -2.317 3.786
299.600 11.000 2.258 -2.62 -3.874 5.2
299.600 11.100 1.034 -4.605 -5.736 7.429
299.600 11.200 -2.373 -7.18 -7.345 10.544
299.600 11.300 -8.505 -6.908 -8.771 14.046
299.600 11.400 -12.307 -1.607 -8.862 15.275
299.600 11.500 -10.711 2.703 -6.373 12.79
299.600 11.600 -8.575 4.883 -3.608 10.556
299.600 11.700 -5.179 6.347 -1.449 8.379
299.600 11.800 -1.795 5.308 0.216 5.677
299.600 11.900 0.005 3.296 0.613 3.425
299.600 12.000 0.574 1.644 -0.316 1.829
299.600 12.100 0.65 0.795 -1.851 2.141
299.600 12.200 0.885 0.345 -3.974 4.099
299.600 12.300 1.068 -0.028 -6.201 6.304
299.600 12.400 1.215 -0.202 -7.575 7.685
299.600 12.500 1.562 -0.482 -8.664 8.826
299.600 12.600 1.057 -1.348 -9.013 9.181
299.600 12.700 -0.395 -1.472 -8.46 8.602
299.600 12.800 -1.633 -1.159 -7.665 7.928
299.600 12.900 -3.078 -0.771 -6.214 6.986
299.600 13.000 -4.362 0.538 -4.246 6.127
299.600 13.100 -3.778 2.089 -1.159 4.499
299.600 13.200 -2.595 2.097 2.529 4.227
299.600 13.300 -1.863 1.606 4.697 5.341
299.600 13.400 -1.506 0.856 5.016 5.343
299.600 13.500 -1.535 0.458 4.325 4.645
299.600 13.600 -1.064 0.124 2.12 2.406
299.600 13.700 -0.865 -0.71 -0.499 1.231
299.600 13.800 -1.91 -1.684 -2.562 3.616
299.600 13.900 -3.996 -1.696 -3.933 5.864
299.600 14.000 -5.174 -0.377 -3.959 6.536
299.600 14.100 -5.313 0.523 -2.644 5.971
299.600 14.200 -5.226 2.375 -0.993 5.846
299.600 14.300 -2.732 4.084 0.996 5.041
299.600 14.400 0.187 3.949 2.64 4.782
299.600 14.500 2.425 3.182 2.554 4.772
299.600 14.600 4.512 1.634 1.438 5.028
299.600 14.700 4.636 -1.497 0.539 4.912
299.600 14.800 2.057 -2.903 -0.093 3.562
299.600 14.900 -0.054 -1.864 -0.361 1.901
299.600 15.000 -0.636 -0.481 -0.084 0.806
299.700 0.000 2.924 0.955 -1.651 3.512
299.700 0.100 4.774 -0.505 -2.957 5.656
299.700 0.200 3.776 -2.398 -4.298 6.22
299.700 0.300 2.215 -2.167 -5.335 6.189
299.700 0.400 1.336 -1.792 -5.038 5.533
299.700 0.500 0.416 -1.873 -3.247 3.792
299.700 0.600 -0.854 -2.733 -1.34 3.171
299.700 0.700 -3.276 -3.234 -0.113 4.615
299.700 0.800 -5.575 -0.857 0.718 5.713
299.700 0.900 -3.741 2.443 1.686 4.825
299.700 1.000 -0.139 1.294 3.018 3.325
299.700 1.100 -0.468 -3.127 4.149 5.22
299.700 1.200 -5.699 -4.995 5.222 9.225
299.700 1.300 -10.429 -1.196 7.167 12.778
299.700 1.400 -10.539 3.681 9.946 15.034
299.700 1.500 -9.289 9.866 12.794 18.746
299.700 1.600 0.476 17.136 13.637 22.025
299.700 1.700 16.133 14.433 12.447 25.165
299.700 1.800 22.62 1.426 8.96 24.569
299.700 1.900 18.501 -7.457 3.285 20.323
299.700 2.000 12.736 -14.549 -2.219 19.579
299.700 2.100 0.038 -18.283 -6.114 19.503
299.700 2.200 -12.803 -11.443 -7.029 19.13
299.700 2.300 -14.761 0.073 -3.412 15.809
299.700 2.400 -10.868 5.504 3.253 13.101
299.700 2.500 -7.294 7.673 9.704 14.532
299.700 2.600 -3.956 7.259 14.912 17.059
299.700 2.700 -2.438 5.263 17.583 18.516
299.700 2.800 -2.543 3.757 15.64 16.288
299.700 2.900 -3.305 5.268 11.935 13.489
299.700 3.000 0.242 9.044 8.206 12.315
299.700 3.100 7.311 8.801 4.56 12.463
299.700 3.200 11.914 4.3 0.95 12.873
299.700 3.300 13.388 0.592 -3.095 13.957
299.700 3.400 13.942 -3.61 -6.699 16.11
299.700 3.500 9.885 -6.598 -8.482 14.857
299.700 3.600 5.634 -4.608 -9.885 12.584
299.700 3.700 5.675 -0.546 -9.921 11.765
299.700 3.800 9.115 1.289 -8.908 13.09
299.700 3.900 11.607 -0.322 -8.296 14.519
299.700 4.000 12.105 -2.088 -8.145 14.974
299.700 4.100 11.825 -5.863 -8.307 15.82
299.700 4.200 5.418 -9.781 -7.878 13.906
299.700 4.300 -2.793 -7.355 -7.004 10.763
299.700 4.400 -4.499 -0.849 -5.483 7.36
299.700 4.500 -1.328 2.985 -2.848 4.509
299.700 4.600 2.839 5.782 0.168 6.531
299.700 4.700 9.385 6.561 2.964 11.903
299.700 4.800 15.095 1.695 5.342 16.184
299.700 4.900 14.636 -4.275 5.396 16.271
299.700 5.000 12.625 -6.683 4.367 15.045
299.700 5.100 8.943 -8.689 3.115 12.968
299.700 5.200 4.074 -7.056 1.756 8.437
299.700 5.300 2.756 -2.982 0.928 4.236
299.700 5.400 5.676 -0.362 0.423 5.83
299.700 5.500 9.388 -2.62 -0.554 9.874
299.700 5.600 8.735 -6.973 -2.433 11.514
299.700 5.700 6.563 -9.923 -5.986 13.42
299.700 5.800 2.1 -13.851 -10.645 17.728
299.700 5.900 -5.416 -15.018 -15.898 23.029
299.700 6.000 -10.735 -12.82 -20.138 26.853
299.700 6.100 -12.813 -13.261 -22.262 29.445
299.700 6.200 -16.849 -16.185 -22.843 33.727
299.700 6.300 -21.739 -18.917 -18.279 35.593
299.700 6.400 -30.015 -18.626 -11.06 38.124
299.700 6.500 -35.122 -10.543 -1.28 37.334
299.700 6.600 -36.326 -2.953 12.402 38.811
299.700 6.700 -34.863 10.468 25.261 44.469
299.700 6.800 -21.361 23.624 33.939 46.609
299.700 6.900 -4.096 31.003 41.35 53.276
299.700 7.000 17.135 37.755 47.031 66.057
299.700 7.100 47.221 32.36 52.014 81.865
299.700 7.200 53.312 4.453 46.92 77.469
299.700 7.300 30.75 -3.908 31.107 53.504
299.700 7.400 17.36 2.368 18.361 34.35
299.700 7.500 12.708 7.647 9.408 21.405
299.700 7.600 12.467 7.735 3.316 16.108
299.700 7.700 8.874 3.195 -1.653 10.554
299.700 7.800 2.521 1.134 -5.79 7.682
299.700 7.900 -2.402 0.382 -9.171 10.298
299.700 8.000 -7.76 -0.988 -12.372 15.151
299.700 8.100 -12.415 1.547 -14.842 19.746
299.700 8.200 -10.016 3.646 -16.176 19.616
299.700 8.300 -8.159 3.442 -17.483 19.795
299.700 8.400 -4.643 4.593 -17.264 18.601
299.700 8.500 0.043 2.907 -16.293 16.674
299.700 8.600 2.434 -0.052 -15.82 16.124
299.700 8.700 3.45 -2.192 -15.489 16.126
299.700 8.800 3.329 -4.843 -15.057 16.267
299.700 8.900 -0.525 -6.415 -14.186 15.688
299.700 9.000 -4.708 -4.449 -12.494 14.175
299.700 9.100 -6.412 -1.128 -9.028 11.211
299.700 9.200 -6.788 1.835 -4.021 8.187
299.700 9.300 -4.574 5.829 0.888 7.536
299.700 9.400 1.613 6.689 4.848 8.437
299.700 9.500 6.483 2.36 7.421 10.134
299.700 9.600 6.642 -2.556 7.634 10.444
299.700 9.700 5.131 -5.305 6.271 9.769
299.700 9.800 2.218 -7.22 3.656 8.51
299.700 9.900 -1.69 -6.808 0.538 7.121
299.700 10.000 -4.214 -4.498 -1.809 6.478
299.700 10.100 -5.24 -2.414 -3.226 6.653
299.700 10.200 -5.671 -0.075 -3.813 6.881
299.700 10.300 -3.905 2.008 -3.381 5.596
299.700 10.400 -1.694 2.259 -2.438 3.789
299.700 10.500 -0.335 1.859 -1.391 2.416
299.700 10.600 0.635 1.558 -0.437 1.836
299.700 10.700 1.414 1.127 -0.003 1.91
299.700 10.800 2.025 0.845 -0.345 2.299
299.700 10.900 2.857 0.292 -1.306 3.204
299.700 11.000 3.491 -0.633 -2.956 4.644
299.700 11.100 4.111 -2.509 -5.263 7.146
299.700 11.200 1.96 -5.642 -7.212 9.365
299.700 11.300 -2.811 -5.725 -8.588 10.7
299.700 11.400 -5.945 -2.583 -9.035 11.132
299.700 11.500 -6.72 0.207 -7.846 10.354
299.700 11.600 -6.926 2.591 -5.948 9.525
299.700 11.700 -4.636 4.499 -3.899 7.593
299.700 11.800 -2.153 4.111 -2.219 5.198
299.700 11.900 -0.562 3.357 -1.399 3.737
299.700 12.000 0.705 2.581 -1.541 3.137
299.700 12.100 1.675 2.199 -2.345 3.662
299.700 12.200 3.148 2.202 -3.446 5.192
299.700 12.300 5 1.427 -4.695 7.03
299.700 12.400 5.296 0.441 -5.295 7.52
299.700 12.500 5.872 0.173 -5.584 8.123
299.700 12.600 5.442 -1.335 -6.018 8.235
299.700 12.700 3.469 -1.663 -6.524 7.582
299.700 12.800 2.004 -1.836 -6.662 7.201
299.700 12.900 0.034 -2.056 -6.032 6.376
299.700 13.000 -1.935 -1.494 -4.743 5.342
299.700 13.100 -3.276 -0.993 -2.651 4.34
299.700 13.200 -5.047 -0.755 -0.163 5.127
299.700 13.300 -5.75 0.523 1.689 6.044
299.700 13.400 -5.135 0.82 2.56 5.826
299.700 13.500 -4.779 1.605 2.36 5.597
299.700 13.600 -3.003 2.249 0.984 3.911
299.700 13.700 -1.311 1.447 -0.902 2.176
299.700 13.800 -0.759 0.32 -3 3.122
299.700 13.900 -0.904 -0.478 -4.947 5.059
299.700 14.000 -1.679 -1.156 -5.351 5.732
299.700 14.100 -3.319 -1.12 -3.983 5.312
299.700 14.200 -4.485 0.542 -2.196 5.037
299.700 14.300 -3.744 2.056 -0.367 4.308
299.700 14.400 -2.767 2.781 1.338 4.172
299.700 14.500 -0.261 3.632 2.083 4.223
299.700 14.600 3.351 2.389 2.08 4.635
299.700 14.700 4.382 -0.932 1.778 4.834
299.700 14.800 2.25 -2.405 1.198 3.512
299.700 14.900 0.528 -1.766 0.746 1.994
299.700 15.000 -0.183 -0.755 0.748 1.088
299.800 0.000 2.8 1.389 0.213 3.153
299.800 0.100 4.693 0.513 0.064 4.739
299.800 0.200 4.743 -0.83 -1.274 4.997
299.800 0.300 4.429 -1.273 -2.952 5.491
299.800 0.400 3.665 -2.37 -3.538 5.636
299.800 0.500 1.878 -3.152 -3.136 4.84
299.800 0.600 -0.253 -3.921 -2.521 4.679
299.800 0.700 -3.534 -4.297 -1.686 5.825
299.800 0.800 -6.813 -1.752 -0.774 7.104
299.800 0.900 -5.261 1.609 -0.137 5.554
299.800 1.000 -2.142 0.221 0.62 2.282
299.800 1.100 -2.692 -3.915 1.414 4.97
299.800 1.200 -7.366 -6.076 2.229 9.862
299.800 1.300 -12.103 -3.453 3.748 13.263
299.800 1.400 -13.949 0.698 6.339 15.497
299.800 1.500 -14.277 7.371 9.236 18.692
299.800 1.600 -6.35 15.46 12.244 20.833
299.800 1.700 6.633 14.66 14.557 21.796
299.800 1.800 14.151 6.424 12.839 20.217
299.800 1.900 15.887 -0.868 6.544 17.266
299.800 2.000 14.425 -9.284 0.184 17.221
299.800 2.100 5.343 -14.83 -4.215 16.403
299.800 2.200 -4.649 -11.829 -6.512 14.531
299.800 2.300 -9.456 -5.636 -3.815 11.984
299.800 2.400 -11.635 -1.201 2.37 12.199
299.800 2.500 -12.175 2.732 7.466 14.622
299.800 2.600 -11.582 3.938 10.233 16.031
299.800 2.700 -11.922 5.087 11.278 17.279
299.800 2.800 -10.077 6.291 10.456 15.894
299.800 2.900 -8.495 8.262 8.781 14.821
299.800 3.000 -2.869 12.362 6.266 14.276
299.800 3.100 6.414 11.9 3.425 14.125
299.800 3.200 12.842 7.088 1.382 14.937
299.800 3.300 16.304 3.396 0.063 16.875
299.800 3.400 18.903 -1.42 -1.233 19.222
299.800 3.500 16.169 -4.642 -3.082 17.342
299.800 3.600 14.322 -3.354 -5.043 15.82
299.800 3.700 13.415 -1.788 -4.831 14.637
299.800 3.800 14.347 0.473 -3.651 15.052
299.800 3.900 15.714 -0.795 -3.379 16.316
299.800 4.000 14.568 -2.105 -3.352 15.313
299.800 4.100 13.646 -5.08 -4.287 15.398
299.800 4.200 8.124 -8.616 -6.682 13.843
299.800 4.300 1.417 -7.214 -8.943 11.847
299.800 4.400 -1.301 -3.305 -8.355 9.348
299.800 4.500 -1.659 -0.728 -5.089 5.66
299.800 4.600 -0.216 2.483 -1.22 2.935
299.800 4.700 5.148 3.485 2.591 6.802
299.800 4.800 9.579 -0.083 5.741 11.238
299.800 4.900 9.081 -4.368 7.081 12.391
299.800 5.000 7.015 -6.103 7.264 11.872
299.800 5.100 4.673 -6.859 6.076 10.359
299.800 5.200 2.139 -5.673 4.271 7.479
299.800 5.300 1.706 -2.487 3.493 4.635
299.800 5.400 4.837 -0.041 3.581 6.061
299.800 5.500 8.958 -1.418 3.515 9.789
299.800 5.600 9.197 -4.191 1.449 10.333
299.800 5.700 9.051 -5.438 -2.365 11.052
299.800 5.800 8.037 -7.683 -8.248 14.074
299.800 5.900 5.816 -8.34 -16.179 19.319
299.800 6.000 5.059 -8.745 -22.836 25.131
299.800 6.100 5.658 -10.837 -26.209 29.225
299.800 6.200 5.293 -17.175 -27.602 33.894
299.800 6.300 -3.193 -25.395 -24.467 36.568
299.800 6.400 -17.36 -27.004 -17.891 37.533
299.800 6.500 -28.106 -22.124 -8.544 37.095
299.800 6.600 -37.958 -16.976 3.597 42.174
299.800 6.700 -45.247 -2.117 17.219 49.472
299.800 6.800 -37.17 11.522 33.008 51.958
299.800 6.900 -28.21 20.172 49.087 61.911
299.800 7.000 -14.602 29.073 61.262 72.793
299.800 7.100 1.731 27.999 69.632 80.062
299.800 7.200 8.458 18.477 65.339 74.805
299.800 7.300 5.889 14.31 47.483 56.334
299.800 7.400 3.95 15.575 30.014 38.447
299.800 7.500 4.704 16.958 17.262 26.768
299.800 7.600 7.458 14.881 7.717 19.716
299.800 7.700 5.968 9.476 -0.761 13.05
299.800 7.800 1.656 6.489 -8.675 12.785
299.800 7.900 -0.812 5.124 -15.124 16.998
299.800 8.000 -2.002 3.318 -20.343 21.285
299.800 8.100 -2.959 3.215 -23.655 24.452
299.800 8.200 -1.479 3.65 -23.548 24.204
299.800 8.300 0.632 3.181 -22.506 23.026
299.800 8.400 2.994 2.846 -20.735 21.378
299.800 8.500 5.783 1.443 -18.636 19.766
299.800 8.600 7.21 -1.363 -16.652 18.375
299.800 8.700 7.082 -3.428 -14.564 16.716
299.800 8.800 6.135 -5.637 -13.146 15.724
299.800 8.900 2.737 -7.197 -12.509 14.841
299.800 9.000 -1.127 -6.357 -11.618 13.419
299.800 9.100 -3.882 -4.725 -9.517 11.421
299.800 9.200 -6.596 -2.718 -6.239 9.585
299.800 9.300 -6.673 1.379 -1.993 7.192
299.800 9.400 -2.375 2.791 2.857 4.768
299.800 9.500 0.817 0.563 6.454 6.696
299.800 9.600 1.158 -2.061 7.245 7.783
299.800 9.700 0.276 -3.532 6.184 7.304
299.800 9.800 -1.028 -4.242 3.861 5.998
299.800 9.900 -2.747 -3.986 0.907 5.038
299.800 10.000 -3.843 -2.488 -1.595 4.909
299.800 10.100 -3.76 -1.18 -3.293 5.172
299.800 10.200 -3.43 -0.011 -3.996 5.298
299.800 10.300 -2.3 1.02 -3.356 4.232
299.800 10.400 -0.902 1.093 -2.091 2.569
299.800 10.500 -0.235 0.688 -0.763 1.118
299.800 10.600 0.014 0.723 0.374 0.973
299.800 10.700 0.455 0.986 0.966 1.61
299.800 10.800 1.263 1.372 0.915 2.212
299.800 10.900 2.604 1.372 0.315 3.06
299.800 11.000 3.958 1.043 -0.786 4.238
299.800 11.100 5.977 -0.453 -2.25 6.447
299.800 11.200 4.955 -3.828 -4.272 7.595
299.800 11.300 1.151 -4.267 -6.557 7.907
299.800 11.400 -1.233 -2.469 -7.882 8.356
299.800 11.500 -2.077 -0.645 -7.922 8.227
299.800 11.600 -2.301 1.016 -7.254 7.699
299.800 11.700 -1.435 2.349 -5.302 6.004
299.800 11.800 -0.181 2.699 -3.318 4.322
299.800 11.900 0.846 2.684 -2.064 3.54
299.800 12.000 1.984 2.743 -1.479 3.746
299.800 12.100 3.257 2.632 -1.449 4.479
299.800 12.200 4.652 2.713 -1.411 5.612
299.800 12.300 6.522 1.918 -1.394 6.978
299.800 12.400 6.756 0.693 -1.607 7.01
299.800 12.500 6.921 0.435 -1.878 7.213
299.800 12.600 6.746 -0.492 -2.504 7.235
299.800 12.700 6.085 -0.666 -3.739 7.191
299.800 12.800 5.49 -1.628 -4.87 7.529
299.800 12.900 3.064 -2.552 -5.173 6.536
299.800 13.000 0.561 -2.533 -5.105 5.729
299.800 13.100 -1.719 -2.711 -4.275 5.348
299.800 13.200 -4.529 -2.397 -3.026 5.96
299.800 13.300 -6.3 -0.865 -1.829 6.634
299.800 13.400 -7.196 -0.017 -0.617 7.243
299.800 13.500 -7.545 2.17 -0.132 7.878
299.800 13.600 -4.694 3.769 -1.179 6.162
299.800 13.700 -1.906 3.016 -2.424 4.339
299.800 13.800 0.064 2.055 -3.598 4.162
299.800 13.900 1.813 0.698 -4.623 5.026
299.800 14.000 1.586 -1.59 -4.955 5.445
299.800 14.100 -1.197 -2.356 -4.583 5.294
299.800 14.200 -3.411 -0.89 -3.767 5.167
299.800 14.300 -3.443 0.507 -2.414 4.249
299.800 14.400 -3.188 1.459 -0.98 3.658
299.800 14.500 -1.348 2.631 0.564 3.036
299.800 14.600 1.505 1.738 2.117 3.151
299.800 14.700 2.527 -0.675 2.864 3.894
299.800 14.800 1.594 -1.769 2.556 3.505
299.800 14.900 0.688 -1.491 2.112 2.686
299.800 15.000 -0.084 -0.772 1.929 2.093
299.900 0.000 1.674 0.979 1.436 2.43
299.900 0.100 2.954 0.916 1.749 3.57
299.900 0.200 4.075 0.742 1.109 4.306
299.900 0.300 5.825 0.151 -0.18 5.848
299.900 0.400 5.75 -2.128 -1.109 6.246
299.900 0.500 3.69 -3.07 -1.709 5.107
299.900 0.600 1.696 -3.986 -2.419 4.971
299.900 0.700 -1.972 -4.411 -3.104 5.755
299.900 0.800 -5.363 -2.025 -3.866 6.945
299.900 0.900 -4.361 0.791 -3.454 5.672
299.900 1.000 -2.054 -0.604 -2.529 3.36
299.900 1.100 -2.929 -4.521 -2.032 5.788
299.900 1.200 -7.826 -7.163 -1.531 10.823
299.900 1.300 -13.322 -5.424 -0.227 14.589
299.900 1.400 -16.184 -2.415 2.301 16.693
299.900 1.500 -18.83 3.874 6.231 20.291
299.900 1.600 -12.772 12.593 9.562 20.374
299.900 1.700 -2.146 13.359 11.981 18.127
299.900 1.800 5.795 9.759 12.056 16.582
299.900 1.900 12.863 5.029 9.027 16.551
299.900 2.000 16.46 -4.434 4.866 17.799
299.900 2.100 9.355 -11.359 0.896 14.771
299.900 2.200 1.636 -10.999 -1.896 11.293
299.900 2.300 -5.244 -9.333 -1.747 10.898
299.900 2.400 -12.794 -5.879 0.516 14.187
299.900 2.500 -16.346 0.099 2.671 16.72
299.900 2.600 -15.801 2.733 4.057 16.711
299.900 2.700 -15.955 5.317 4.396 17.521
299.900 2.800 -13.734 7.48 3.082 16.052
299.900 2.900 -12.218 9.472 1.738 15.683
299.900 3.000 -5.079 13.944 1.595 15.086
299.900 3.100 6.405 12.851 2.554 14.791
299.900 3.200 13.709 7.412 3.707 16.232
299.900 3.300 17.19 3.772 4.211 18.323
299.900 3.400 19.977 -0.958 4.476 20.718
299.900 3.500 17.965 -3.974 5.58 19.39
299.900 3.600 17.306 -2.929 6.63 18.874
299.900 3.700 15.436 -2.585 6.778 17.161
299.900 3.800 14.244 0.208 6.618 15.832
299.900 3.900 14.904 0.238 5.411 16.006
299.900 4.000 14.048 -0.139 2.132 14.387
299.900 4.100 14.029 -2.323 -1.673 14.531
299.900 4.200 10.83 -5.325 -5.352 13.452
299.900 4.300 7.104 -5.394 -8.506 12.598
299.900 4.400 4.469 -4.72 -9.401 11.706
299.900 4.500 2.162 -3.687 -8.089 9.432
299.900 4.600 1.469 -1.776 -4.895 5.697
299.900 4.700 3.165 -1.234 0.352 3.565
299.900 4.800 4.389 -2.786 4.815 7.152
299.900 4.900 3.733 -4.753 6.153 8.693
299.900 5.000 1.904 -5.625 5.787 8.366
299.900 5.100 0.703 -5.266 4.814 7.244
299.900 5.200 -0.06 -4.62 3.746 6.02
299.900 5.300 -0.191 -2.652 3.638 4.539
299.900 5.400 1.774 -1.07 4.834 5.27
299.900 5.500 4.004 -0.955 5.871 7.187
299.900 5.600 5.869 -1.035 4.229 7.474
299.900 5.700 8.33 -0.901 0.635 8.679
299.900 5.800 11.307 -0.741 -4.415 12.497
299.900 5.900 16.615 -0.212 -11.302 20.683
299.900 6.000 22.111 -3.888 -17.716 29.727
299.900 6.100 23.488 -8.244 -21.659 34.232
299.900 6.200 24.528 -16.99 -24.291 39.598
299.900 6.300 15.627 -28.816 -23.556 41.004
299.900 6.400 0.864 -32.797 -20.649 38.898
299.900 6.500 -13.463 -32.652 -13.585 38.018
299.900 6.600 -29.495 -29.08 -2.115 42.314
299.900 6.700 -42.533 -17.097 10.826 49.271
299.900 6.800 -47.555 -6.358 26.914 58.465
299.900 6.900 -53.161 4.383 43.809 74.666
299.900 7.000 -48.479 17.559 58.66 84.252
299.900 7.100 -40.881 23.622 69.062 88.484
299.900 7.200 -33.326 30.411 66.157 83.8
299.900 7.300 -22.737 32.875 50.104 66.238
299.900 7.400 -14.221 30.986 32.822 48.568
299.900 7.500 -8.017 28.01 19.171 36.33
299.900 7.600 -2.969 24.223 9.153 28.292
299.900 7.700 0.464 19.829 -1.937 22.519
299.900 7.800 2.955 15.26 -13.325 22.435
299.900 7.900 4.837 10.685 -20.831 24.849
299.900 8.000 6.42 7.025 -24.552 26.792
299.900 8.100 7.789 4.076 -26.004 27.821
299.900 8.200 8.363 2.353 -25.195 27.059
299.900 8.300 9.615 1.309 -23.266 25.653
299.900 8.400 10.944 0.329 -20.343 23.517
299.900 8.500 13.171 -0.633 -17.54 22.279
299.900 8.600 13.565 -3.971 -14.967 20.866
299.900 8.700 10.877 -5.466 -12.289 17.553
299.900 8.800 8.869 -6.404 -11.152 15.852
299.900 8.900 5.43 -7.445 -11.156 14.671
299.900 9.000 2.033 -7.192 -11.288 13.699
299.900 9.100 -0.814 -6.824 -10.331 12.542
299.900 9.200 -3.774 -5.803 -8.129 10.793
299.900 9.300 -5.239 -3.337 -4.447 7.749
299.900 9.400 -4.737 -2.109 0.553 5.395
299.900 9.500 -4.481 -1.912 4.576 6.925
299.900 9.600 -3.942 -1.906 5.887 7.577
299.900 9.700 -3.855 -2.012 5.305 7.085
299.900 9.800 -3.809 -1.588 3.304 5.488
299.900 9.900 -3.699 -1.224 0.537 4.07
299.900 10.000 -3.4 -0.495 -1.83 3.958
299.900 10.100 -2.486 -0.077 -3.306 4.168
299.900 10.200 -1.725 -0.132 -3.678 4.083
299.900 10.300 -1.173 -0.192 -2.799 3.057
299.900 10.400 -0.695 -0.358 -1.214 1.459
299.900 10.500 -0.782 -0.604 0.265 1.119
299.900 10.600 -1.203 -0.215 1.427 2.027
299.900 10.700 -1.158 0.679 2.098 2.653
299.900 10.800 -0.458 1.52 2.184 2.863
299.900 10.900 0.755 2.013 1.958 3.06
299.900 11.000 2.44 2.1 1.147 3.54
299.900 11.100 4.452 0.906 0.099 4.625
299.900 11.200 4.74 -1.38 -1.67 5.251
299.900 11.300 3.772 -2.018 -4.101 5.942
299.900 11.400 3.074 -1.827 -5.593 6.65
299.900 11.500 2.437 -0.892 -5.551 6.142
299.900 11.600 2.691 -0.101 -4.9 5.61
299.900 11.700 2.171 0.267 -3.372 4.042
299.900 11.800 2.025 1.191 -1.706 2.946
299.900 11.900 2.302 1.663 -0.506 2.944
299.900 12.000 2.867 2.288 0.297 3.746
299.900 12.100 3.948 2.439 0.763 4.764
299.900 12.200 5.035 2.555 0.998 5.791
299.900 12.300 6.571 1.823 1.168 6.967
299.900 12.400 6.676 0.716 1.511 6.925
299.900 12.500 6.957 0.758 1.642 7.229
299.900 12.600 7.03 0.256 1.242 7.18
299.900 12.700 6.982 0.555 0.389 7.048
299.900 12.800 7.316 -0.5 -0.91 7.415
299.900 12.900 5.471 -1.526 -2.794 6.346
299.900 13.000 3.81 -2.106 -4.561 6.313
299.900 13.100 1.015 -3.36 -5.118 6.208
299.900 13.200 -2.999 -3.133 -5.01 6.631
299.900 13.300 -5.47 -1.358 -5.106 7.617
299.900 13.400 -7.1 -0.507 -5.469 8.991
299.900 13.500 -8.198 2.352 -5.682 10.267
299.900 13.600 -4.47 4.401 -5.436 8.324
299.900 13.700 -1.05 3.461 -5.138 6.304
299.900 13.800 1.232 2.381 -4.728 5.453
299.900 13.900 3.117 0.841 -4.263 5.361
299.900 14.000 3.138 -1.454 -4.147 5.407
299.900 14.100 1.142 -2.304 -4.52 5.203
299.900 14.200 -0.587 -1.607 -4.657 4.965
299.900 14.300 -1.569 -0.872 -3.787 4.197
299.900 14.400 -2.268 0.005 -2.425 3.331
299.900 14.500 -1.403 0.941 -0.834 1.902
299.900 14.600 0.169 0.169 1.028 1.078
299.900 14.700 0.584 -1.359 2.682 3.077
299.900 14.800 0.098 -1.838 3.781 4.218
299.900 14.900 -0.338 -1.292 4.193 4.415
299.900 15.000 -0.91 -0.322 3.663 3.805
300.000 0.000 0.244 0.126 2.273 2.298
300.000 0.100 0.864 0.664 3.227 3.418
300.000 0.200 2.058 1.251 3.446 4.22
300.000 0.300 4.08 0.866 3.347 5.365
300.000 0.400 4.546 -1.121 2.608 5.372
300.000 0.500 3.465 -1.953 1.239 4.176
300.000 0.600 2.388 -2.741 -0.202 3.648
300.000 0.700 0.008 -2.814 -2.189 3.576
300.000 0.800 -1.625 -1.152 -4.039 4.536
300.000 0.900 -1.203 0.27 -4.666 4.877
300.000 1.000 -0.019 -0.878 -4.805 4.933
300.000 1.100 -0.908 -4.33 -5.34 6.973
300.000 1.200 -5.028 -7.061 -6.326 10.822
300.000 1.300 -10.059 -6.891 -6.511 13.968
300.000 1.400 -14.498 -5.564 -4.431 16.225
300.000 1.500 -19.534 0.012 -1.51 19.626
300.000 1.600 -15.697 8.624 3.14 18.257
300.000 1.700 -7.503 10.588 8.096 15.399
300.000 1.800 -0.656 9.857 10.663 14.583
300.000 1.900 6.524 6.786 10.987 14.511
300.000 2.000 10.511 -1.083 9.76 14.468
300.000 2.100 6.8 -7.505 6.362 12.026
300.000 2.200 1.455 -8.841 3.269 9.578
300.000 2.300 -4.585 -8.717 0.749 9.89
300.000 2.400 -11.571 -5.916 -1.461 13.147
300.000 2.500 -15.318 -0.527 -2.891 15.789
300.000 2.600 -16.661 2.115 -3.651 17.405
300.000 2.700 -17.952 6.227 -4.495 19.669
300.000 2.800 -12.549 9.592 -5.981 17.012
300.000 2.900 -7.454 9.804 -6.771 14.177
300.000 3.000 -1.25 11.103 -3.962 12.011
300.000 3.100 6.786 9.36 1.242 11.856
300.000 3.200 12.091 4.816 6.149 14.584
300.000 3.300 15.624 2.057 10.516 19.107
300.000 3.400 18.699 -2.654 13.926 23.602
300.000 3.500 13.93 -6.007 15.908 22.041
300.000 3.600 9.676 -3.777 17.033 19.959
300.000 3.700 7.63 -1.339 16.007 17.784
300.000 3.800 6.834 1.506 13.689 15.396
300.000 3.900 7.948 3.526 10.747 13.876
300.000 4.000 10.744 4.27 6.46 13.348
300.000 4.100 13.863 1.992 2.018 14.322
300.000 4.200 13.245 -1.104 -2.916 13.832
300.000 4.300 12.166 -2.627 -7.272 14.657
300.000 4.400 10.604 -4.563 -9.104 14.95
300.000 4.500 8.49 -5.252 -8.613 13.449
300.000 4.600 6.584 -5.883 -6.249 11.087
300.000 4.700 3.655 -6.389 -2.033 7.873
300.000 4.800 0.966 -5.627 1.632 6.096
300.000 4.900 0.578 -4.8 2.937 5.773
300.000 5.000 0.31 -4.913 2.675 5.727
300.000 5.100 -0.024 -4.526 2.203 5.162
300.000 5.200 -0.18 -4.204 1.933 4.759
300.000 5.300 -0.372 -3.447 2.244 4.23
300.000 5.400 -0.269 -2.683 3.495 4.484
300.000 5.500 -0.001 -1.193 4.588 4.828
300.000 5.600 2.822 0.966 4.378 5.451
300.000 5.700 7.397 2.135 3.12 8.526
300.000 5.800 12.734 3.377 1.19 13.704
300.000 5.900 21.437 4.557 -0.915 23.209
300.000 6.000 30.783 0.67 -3.454 33.344
300.000 6.100 37.538 -3.007 -8.357 40.676
300.000 6.200 45.88 -14.87 -13.435 51.061
300.000 6.300 35.941 -31.426 -12.386 49.572
300.000 6.400 20.874 -35.816 -9.942 42.724
300.000 6.500 3.56 -41.107 -6.332 41.827
300.000 6.600 -21.532 -39.66 0.471 45.663
300.000 6.700 -42.02 -29.28 8.861 54.315
300.000 6.800 -55.238 -20.962 20.101 65.988
300.000 6.900 -70.531 -10.319 33.393 84.075
300.000 7.000 -78.626 3.122 46.389 98.03
300.000 7.100 -87.907 16.136 59.252 111.48
300.000 7.200 -81.509 42.772 57.118 109.71
300.000 7.300 -55.059 51.359 38.637 85.119
300.000 7.400 -36.262 46.476 22.073 63.753
300.000 7.500 -23.231 39.401 8.581 47.334
300.000 7.600 -16.586 33.691 -1.098 40.529
300.000 7.700 -6.297 31.596 -10.962 36.774
300.000 7.800 5.906 24.357 -20.184 33.963
300.000 7.900 12.46 14.862 -25.314 32.686
300.000 8.000 15.081 8.463 -26.9 32.304
300.000 8.100 17.177 3.327 -26.207 31.829
300.000 8.200 17.818 0.353 -23.482 29.912
300.000 8.300 19.581 -1.632 -20.417 28.899
300.000 8.400 18.768 -4.159 -15.459 25.27
300.000 8.500 18.331 -3.95 -10.051 21.784
300.000 8.600 17.154 -6.337 -7.19 20.101
300.000 8.700 12.489 -6.577 -6.737 16.057
300.000 8.800 9.912 -6.021 -7.499 14.154
300.000 8.900 7.473 -6.352 -9.238 13.739
300.000 9.000 5.442 -6.854 -10.788 14.088
300.000 9.100 2.821 -8.123 -10.768 13.942
300.000 9.200 -0.724 -8.462 -9.03 12.539
300.000 9.300 -3.632 -7.518 -5.782 10.298
300.000 9.400 -5.883 -6.614 -1.525 9.163
300.000 9.500 -8.002 -4.603 2.02 9.665
300.000 9.600 -8.111 -2.503 3.764 9.51
300.000 9.700 -8.18 -1.043 3.889 9.33
300.000 9.800 -6.889 0.996 2.094 7.461
300.000 9.900 -4.753 1.366 -0.656 5.125
300.000 10.000 -3.135 1.31 -2.757 4.445
300.000 10.100 -1.319 0.743 -3.906 4.217
300.000 10.200 -0.313 -0.578 -3.933 3.994
300.000 10.300 -0.533 -1.74 -2.668 3.232
300.000 10.400 -1.372 -2.084 -0.778 2.653
300.000 10.500 -2.248 -1.866 0.75 3.111
300.000 10.600 -3.288 -1.184 1.834 4.067
300.000 10.700 -3.683 0.473 2.376 4.549
300.000 10.800 -2.79 1.66 2.183 4.061
300.000 10.900 -1.75 2.467 1.867 3.706
300.000 11.000 0.489 2.99 1.267 3.43
300.000 11.100 3.06 1.942 0.567 3.776
300.000 11.200 4.265 0.21 -0.233 4.346
300.000 11.300 5.036 -0.482 -1.054 5.219
300.000 11.400 5.491 -1.5 -1.46 5.917
300.000 11.500 4.48 -1.447 -1.229 4.902
300.000 11.600 4.288 -1.075 -0.435 4.484
300.000 11.700 3.252 -1.012 0.42 3.477
300.000 11.800 2.442 0.027 1.332 2.848
300.000 11.900 2.304 0.889 2.107 3.323
300.000 12.000 2.66 1.76 2.599 4.191
300.000 12.100 3.493 2.015 3.047 5.125
300.000 12.200 4.388 2.146 3.725 6.209
300.000 12.300 5.749 1.38 4.495 7.485
300.000 12.400 5.18 0.166 5.078 7.308
300.000 12.500 4.549 0.585 5.647 7.329
300.000 12.600 4.555 1.036 5.358 7.161
300.000 12.700 4.984 1.693 4.064 6.699
300.000 12.800 5.821 1.31 2.443 6.489
300.000 12.900 5.976 0.812 0.217 6.068
300.000 13.000 6.338 -0.298 -2.12 6.712
300.000 13.100 4.08 -2.286 -4.357 6.401
300.000 13.200 0.414 -2.109 -6.686 7.028
300.000 13.300 -1.545 -0.569 -8.372 8.543
300.000 13.400 -2.206 0.409 -9.482 9.756
300.000 13.500 -2.291 2.103 -10.071 10.554
300.000 13.600 -0.187 3.254 -8.821 9.421
300.000 13.700 2.135 2.474 -7.213 7.935
300.000 13.800 3.516 1.264 -5.527 6.687
300.000 13.900 4.642 0.129 -4.044 6.171
300.000 14.000 4.564 -1.537 -3.314 5.855
300.000 14.100 3.158 -1.878 -3.348 4.976
300.000 14.200 2.174 -1.568 -3.835 4.684
300.000 14.300 0.861 -1.434 -4.196 4.522
300.000 14.400 -0.378 -1.052 -4.142 4.296
300.000 14.500 -0.295 -0.857 -2.808 2.955
300.000 14.600 0.067 -1.944 -0.459 1.998
300.000 14.700 -0.746 -3.299 2.067 3.971
300.000 14.800 -2.604 -3.399 4.574 6.276
300.000 14.900 -3.987 -1.377 6.038 7.381
300.000 15.000 -3.456 0.951 5.118 6.266
300.100 0.000 -1.692 -1.236 2.315 3.126
300.100 0.100 -2.492 -0.179 3.663 4.444
300.100 0.200 -1.48 1.197 4.087 4.524
300.100 0.300 0.198 0.981 4.111 4.247
300.100 0.400 0.972 -0.033 3.692 3.832
300.100 0.500 1.016 -0.693 2.699 2.977
300.100 0.600 0.731 -0.988 1.384 1.859
300.100 0.700 0.219 -0.627 -0.53 0.861
300.100 0.800 0.272 0.413 -2.439 2.533
300.100 0.900 1.198 1.092 -3.993 4.364
300.100 1.000 2.64 -0.017 -5.403 6.064
300.100 1.100 2.556 -3.161 -6.739 7.904
300.100 1.200 0.448 -5.726 -8.12 9.983
300.100 1.300 -2.835 -7.586 -8.731 11.935
300.100 1.400 -8.469 -7.803 -7.369 13.678
300.100 1.500 -13.888 -3.358 -4.891 15.198
300.100 1.600 -13.84 2.958 -0.651 14.352
300.100 1.700 -11.271 5.889 4.601 13.706
300.100 1.800 -7.005 8.205 8.055 13.553
300.100 1.900 -0.104 6.738 9.11 11.391
300.100 2.000 3.743 0.663 8.811 9.681
300.100 2.100 1.729 -4.648 7.102 8.729
300.100 2.200 -2.383 -6.042 4.588 7.998
300.100 2.300 -6.375 -5.436 1.129 8.497
300.100 2.400 -10.973 -3.027 -2.726 11.816
300.100 2.500 -12.709 2.318 -6.627 14.751
300.100 2.600 -10.945 5.072 -11.247 16.748
300.100 2.700 -9.333 7.361 -14.478 18.913
300.100 2.800 -4.027 9.001 -13.19 16.599
300.100 2.900 1.501 7.578 -10.094 12.782
300.100 3.000 5.018 5.515 -5.053 9.116
300.100 3.100 8.463 3.212 1.717 9.414
300.100 3.200 9.911 -1.394 8.708 13.361
300.100 3.300 8.001 -4.131 16.081 18.473
300.100 3.400 6.068 -5.798 21.947 23.558
300.100 3.500 1.98 -6.215 22.905 23.823
300.100 3.600 -1.84 -3.033 21.83 22.139
300.100 3.700 -2.578 1.496 19.274 19.521
300.100 3.800 -1.308 4.722 15.393 16.157
300.100 3.900 1.459 7.384 11.469 13.721
300.100 4.000 6.534 8.312 7.677 13.101
300.100 4.100 11.495 6.445 3.881 13.865
300.100 4.200 14.838 4.154 -0.65 15.611
300.100 4.300 18.519 1.045 -5.308 19.491
300.100 4.400 18.091 -4.329 -7.155 20.138
300.100 4.500 14.809 -6.498 -6.575 17.695
300.100 4.600 11.733 -8.553 -5.195 15.674
300.100 4.700 6.663 -9.503 -3.177 12.291
300.100 4.800 2.445 -7.714 -1.433 8.468
300.100 4.900 1.302 -5.597 0.088 5.969
300.100 5.000 1.176 -4.785 0.782 5.188
300.100 5.100 1.055 -4.319 0.749 4.706
300.100 5.200 0.91 -4.204 0.622 4.548
300.100 5.300 0.506 -4.186 0.91 4.507
300.100 5.400 -0.208 -3.85 1.824 4.447
300.100 5.500 -0.555 -1.958 2.888 3.713
300.100 5.600 1.784 0.739 3.916 4.518
300.100 5.700 6.035 2.331 4.935 8.337
300.100 5.800 11.614 3.853 5.954 14.068
300.100 5.900 20.3 4.581 7.271 23.259
300.100 6.000 29.703 1.331 9.417 33.443
300.100 6.100 39.799 -1.316 12.95 43.906
300.100 6.200 52.521 -14.132 16.447 57.654
300.100 6.300 41.403 -32.4 15.626 55.068
300.100 6.400 24.677 -36.173 13.5 46.227
300.100 6.500 7.366 -41.782 10.533 44.016
300.100 6.600 -17.336 -41.507 6.274 45.681
300.100 6.700 -39.302 -34.858 4.653 54.337
300.100 6.800 -60.993 -30.875 7.795 71.335
300.100 6.900 -89.093 -19.474 12.628 95.842
300.100 7.000 -103.745 -3.916 13.492 110.911
300.100 7.100 -128.028 10.271 12.867 133.15
300.100 7.200 -122.702 54.948 9.163 135.391
300.100 7.300 -76.091 66.569 0.803 101.542
300.100 7.400 -47.929 58.644 -7.938 77.818
300.100 7.500 -28.04 49.681 -16.282 59.362
300.100 7.600 -17.38 41.607 -24.281 53.446
300.100 7.700 -3.684 38.099 -28.721 49.911
300.100 7.800 11.733 28.358 -30.215 44.473
300.100 7.900 20.036 15.814 -29.717 39.858
300.100 8.000 24.197 7.482 -27.201 37.365
300.100 8.100 27.339 -0.446 -22.797 35.825
300.100 8.200 25.378 -4.722 -15.775 30.524
300.100 8.300 26.204 -6.323 -8.988 28.647
300.100 8.400 21.873 -9.843 -3.794 24.646
300.100 8.500 16.125 -7.883 -0.146 18.503
300.100 8.600 13.26 -6.577 0.847 15.515
300.100 8.700 10.651 -4.953 -1.058 12.408
300.100 8.800 9.877 -3.739 -4.07 11.756
300.100 8.900 9.328 -3.798 -7.372 12.783
300.100 9.000 9.175 -5.398 -10.271 15.017
300.100 9.100 7.121 -8.693 -11.134 16.015
300.100 9.200 3.182 -10.581 -10.032 15.096
300.100 9.300 -1.121 -11.315 -7.292 13.672
300.100 9.400 -6.28 -10.834 -3.029 13.072
300.100 9.500 -10.721 -7.06 0.501 13.052
300.100 9.600 -11.35 -2.935 1.342 12.001
300.100 9.700 -11.41 -0.123 0.521 11.603
300.100 9.800 -8.807 3.337 -1.074 9.641
300.100 9.900 -4.494 3.668 -3.14 6.711
300.100 10.000 -1.618 2.538 -4.622 5.575
300.100 10.100 0.592 1.012 -4.88 5.048
300.100 10.200 1.671 -1.401 -4.339 4.865
300.100 10.300 0.325 -3.554 -2.84 4.571
300.100 10.400 -1.986 -3.828 -1.038 4.479
300.100 10.500 -3.594 -2.979 0.303 4.758
300.100 10.600 -4.989 -1.86 1.021 5.523
300.100 10.700 -5.508 0.495 1.177 5.776
300.100 10.800 -4.094 2.08 0.858 4.804
300.100 10.900 -2.654 2.846 0.367 4.043
300.100 11.000 -0.271 3.255 0.293 3.421
300.100 11.100 2.27 2.152 0.487 3.288
300.100 11.200 3.534 0.414 0.778 3.733
300.100 11.300 4.148 -0.593 1.336 4.475
300.100 11.400 4.373 -1.641 1.967 5.135
300.100 11.500 3.751 -1.873 2.365 4.878
300.100 11.600 3.438 -1.821 2.929 4.934
300.100 11.700 2.343 -1.746 3.687 4.772
300.100 11.800 1.488 -0.658 4.356 4.727
300.100 11.900 1.196 0.36 4.871 5.11
300.100 12.000 1.474 1.406 5.286 5.747
300.100 12.100 2.176 1.523 5.616 6.289
300.100 12.200 2.209 1.332 6.044 6.642
300.100 12.300 2.347 0.71 6.669 7.17
300.100 12.400 1.491 -0.224 6.993 7.211
300.100 12.500 0.096 0.245 7.329 7.391
300.100 12.600 0.168 1.992 7.108 7.443
300.100 12.700 2.019 3.129 6.026 7.143
300.100 12.800 3.895 3.063 4.637 6.841
300.100 12.900 5.108 2.932 2.768 6.555
300.100 13.000 6.475 2.029 0.499 6.84
300.100 13.100 6.126 0.603 -2.312 6.6
300.100 13.200 5.408 0.684 -5.624 7.85
300.100 13.300 4.902 0.77 -8.037 9.461
300.100 13.400 4.42 1.425 -9.268 10.383
300.100 13.500 4.877 1.795 -9.844 11.147
300.100 13.600 5.417 1.677 -8.983 10.638
300.100 13.700 6.362 0.691 -7.305 9.726
300.100 13.800 6.227 -0.878 -4.984 8.036
300.100 13.900 5.802 -1.455 -2.51 6.499
300.100 14.000 5.1 -1.994 -1.159 5.609
300.100 14.100 3.904 -1.489 -1.208 4.359
300.100 14.200 3.528 -0.726 -2.04 4.15
300.100 14.300 3.454 -0.387 -3.562 4.986
300.100 14.400 3.722 -1.042 -4.907 6.255
300.100 14.500 2.976 -2.878 -4.084 5.819
300.100 14.600 1.204 -4.498 -1.664 4.945
300.100 14.700 -1.46 -5.962 0.996 6.221
300.100 14.800 -5.774 -5.899 3.721 9.062
300.100 14.900 -9.111 -1.742 5.397 10.746
300.100 15.000 -6.889 2.592 4.745 8.775
300.200 0.000 -3.145 -2.367 0.81 4.024
300.200 0.100 -5.231 -1.053 1.455 5.542
300.200 0.200 -4.299 0.926 2.132 4.904
300.200 0.300 -2.611 0.857 2.707 3.875
300.200 0.400 -1.784 0.424 2.862 3.416
300.200 0.500 -1.367 0.125 2.539 2.904
300.200 0.600 -1.17 0.362 1.781 2.186
300.200 0.700 -0.625 1.098 0.528 1.417
300.200 0.800 0.469 2.091 -0.932 2.399
300.200 0.900 2.597 2.906 -2.661 4.781
300.200 1.000 5.74 1.764 -4.76 7.715
300.200 1.100 6.672 -2.072 -6.213 9.381
300.200 1.200 5.041 -4.867 -6.786 9.77
300.200 1.300 2.377 -7.774 -7.121 10.81
300.200 1.400 -3.84 -9.244 -6.87 12.172
300.200 1.500 -10.318 -5.986 -5.666 13.364
300.200 1.600 -12.217 -1.023 -3.198 12.861
300.200 1.700 -12.656 1.916 -0.17 12.945
300.200 1.800 -10.526 5.712 2.823 12.395
300.200 1.900 -4.642 5.461 5.584 9.167
300.200 2.000 -1.432 1.14 6.839 7.166
300.200 2.100 -2.735 -2.647 5.808 6.995
300.200 2.200 -5.73 -3.045 3.396 7.357
300.200 2.300 -7.462 -1.201 -0.327 7.618
300.200 2.400 -8.73 1.455 -5.19 10.38
300.200 2.500 -7.215 6.537 -9.512 13.818
300.200 2.600 -0.794 9.444 -12.959 16.275
300.200 2.700 5.23 7.895 -15.086 17.984
300.200 2.800 7.389 5.606 -13.178 16.224
300.200 2.900 9.353 3.132 -9.324 13.592
300.200 3.000 9.327 -0.98 -3.81 10.212
300.200 3.100 7.797 -4.113 3.336 9.503
300.200 3.200 4.699 -8.162 10.077 13.805
300.200 3.300 -2.132 -10.794 15.785 19.306
300.200 3.400 -9.205 -9.144 20.3 24.343
300.200 3.500 -12.446 -6.095 22.07 26.203
300.200 3.600 -15.222 -1.543 22.35 27.1
300.200 3.700 -13.699 5.644 19.319 24.352
300.200 3.800 -8.705 9.181 14.221 19.088
300.200 3.900 -3.319 11.127 10.177 15.495
300.200 4.000 3.686 11.571 7.108 14.074
300.200 4.100 10.42 9.594 4.815 15.046
300.200 4.200 15.985 7.597 2.929 18.095
300.200 4.300 22.86 3.792 1.429 23.388
300.200 4.400 23.552 -3.534 -0.057 24.007
300.200 4.500 20.447 -6.315 -1.741 21.692
300.200 4.600 17.463 -9.791 -2.193 20.38
300.200 4.700 11.183 -10.997 -0.912 15.957
300.200 4.800 6.633 -8.871 -0.097 11.321
300.200 4.900 4.086 -6.646 0.567 8.056
300.200 5.000 2.978 -4.905 0.732 6.011
300.200 5.100 2.821 -4.015 0.342 5.157
300.200 5.200 2.984 -3.973 -0.23 5.239
300.200 5.300 2.637 -4.737 -0.34 5.713
300.200 5.400 1.155 -5.044 0.571 5.497
300.200 5.500 -0.068 -3.211 1.918 4.045
300.200 5.600 1.8 -0.629 3.406 4.131
300.200 5.700 5.407 0.426 5.57 8.006
300.200 5.800 10.088 1.175 9.078 14.05
300.200 5.900 17.711 0.919 14.335 23.94
300.200 6.000 24.744 -4.146 21.018 34.697
300.200 6.100 27.297 -8.881 29.106 42.512
300.200 6.200 29.982 -17.289 36.23 50.764
300.200 6.300 23.05 -27.99 35.15 50.663
300.200 6.400 12.102 -31.66 29.303 45.17
300.200 6.500 -0.737 -34.928 21.86 41.871
300.200 6.600 -18.203 -34.55 12.526 42.148
300.200 6.700 -35.76 -30.284 3.029 49.262
300.200 6.800 -55.849 -27.12 -7.424 65.486
300.200 6.900 -80.997 -15.047 -19.58 88.712
300.200 7.000 -91.986 2.715 -29.663 102.805
300.200 7.100 -104.345 18.841 -42.656 119.265
300.200 7.200 -97.023 54.121 -46.711 122.334
300.200 7.300 -62.047 66.911 -38.895 99.312
300.200 7.400 -36.087 62.538 -36.23 81.142
300.200 7.500 -16.099 55.57 -38.341 69.457
300.200 7.600 -1.195 46.436 -42.386 63.695
300.200 7.700 11.375 38.009 -42.834 59.38
300.200 7.800 23.921 26.563 -40.036 54.52
300.200 7.900 30.073 10.95 -34.427 47.467
300.200 8.000 30.313 0.497 -24.907 39.316
300.200 8.100 29.874 -8.446 -14.327 34.281
300.200 8.200 23.542 -13.296 -4.743 27.935
300.200 8.300 18.991 -13.009 3.928 23.762
300.200 8.400 13.739 -12.59 8.237 20.679
300.200 8.500 9.009 -8.723 8.787 15.83
300.200 8.600 7.085 -5.079 7.415 12.287
300.200 8.700 6.665 -1.845 4.366 8.863
300.200 8.800 8.456 0.041 0.507 8.849
300.200 8.900 11.081 0.436 -4.214 12.111
300.200 9.000 14.727 -2.629 -8.75 17.582
300.200 9.100 13.233 -9.023 -10.129 19.214
300.200 9.200 8.299 -12.109 -9.237 17.571
300.200 9.300 2.627 -14.506 -7.475 16.728
300.200 9.400 -6.105 -14.608 -4.718 16.712
300.200 9.500 -13.456 -8.89 -2.594 16.52
300.200 9.600 -13.339 -2.545 -1.953 13.896
300.200 9.700 -11.693 1.054 -2.377 12.143
300.200 9.800 -8.046 4.858 -3.454 10.165
300.200 9.900 -2.426 5.298 -4.867 7.706
300.200 10.000 1.342 2.922 -5.608 6.529
300.200 10.100 2.939 0.46 -5.134 5.974
300.200 10.200 3.383 -2.535 -4.113 5.925
300.200 10.300 1.099 -5.203 -2.706 5.989
300.200 10.400 -2.209 -5.293 -1.165 5.897
300.200 10.500 -4.396 -3.871 -0.106 5.933
300.200 10.600 -5.928 -2.191 0.434 6.432
300.200 10.700 -6.227 0.691 0.464 6.402
300.200 10.800 -4.27 2.639 -0.092 5.153
300.200 10.900 -2.139 3.099 -0.537 3.937
300.200 11.000 0.119 2.978 -0.402 3.145
300.200 11.100 2.337 1.669 0.132 2.993
300.200 11.200 3.144 -0.411 1.092 3.441
300.200 11.300 2.971 -1.615 2.417 4.238
300.200 11.400 2.59 -2.501 3.72 5.253
300.200 11.500 1.761 -2.669 4.977 5.993
300.200 11.600 1.264 -2.612 6.153 6.881
300.200 11.700 -0.188 -2.46 6.888 7.392
300.200 11.800 -1.434 -1.19 7.492 7.799
300.200 11.900 -1.884 0.149 7.661 7.972
300.200 12.000 -1.838 1.174 7.537 7.927
300.200 12.100 -1.399 1.569 7.398 7.77
300.200 12.200 -1.032 1.329 6.828 7.106
300.200 12.300 -1.049 0.53 6.528 6.699
300.200 12.400 -1.864 -0.329 6.463 6.792
300.200 12.500 -3.432 0.08 6.501 7.408
300.200 12.600 -3.393 2.304 6.633 7.858
300.200 12.700 -1.294 3.697 6.805 7.913
300.200 12.800 0.868 4.321 6.498 7.913
300.200 12.900 3.358 4.935 5.087 7.9
300.200 13.000 6.322 4.325 3.14 8.327
300.200 13.100 7.346 3.24 1.029 8.132
300.200 13.200 8.619 3.481 -1.328 9.423
300.200 13.300 9.571 2.701 -3.777 10.664
300.200 13.400 9.724 2.84 -6.132 11.864
300.200 13.500 10.75 1.98 -7.513 13.283
300.200 13.600 10.848 0.667 -7.286 13.102
300.200 13.700 11.011 -1.148 -6.184 12.695
300.200 13.800 9.092 -3.667 -3.673 10.481
300.200 13.900 6.201 -3.764 -0.662 7.294
300.200 14.000 4.373 -2.607 0.969 5.195
300.200 14.100 3.596 -0.953 0.997 3.867
300.200 14.200 4.007 0.538 0.039 4.062
300.200 14.300 5.5 1.382 -1.525 5.892
300.200 14.400 7.844 -0.267 -2.987 8.41
300.200 14.500 6.553 -4.3 -3.09 8.431
300.200 14.600 2.847 -6.581 -1.925 7.426
300.200 14.700 -1.397 -8.302 -0.116 8.421
300.200 14.800 -7.369 -7.916 1.922 10.991
300.200 14.900 -11.588 -2.284 3.169 12.241
300.200 15.000 -9.01 3.464 3.155 10.173
300.300 0.000 -3.006 -2.47 -0.948 4.013
300.300 0.100 -4.751 -1.499 -0.993 5.092
300.300 0.200 -4.687 -0.078 -0.26 4.711
300.300 0.300 -4.201 0.11 0.85 4.304
300.300 0.400 -3.854 0.292 1.477 4.156
300.300 0.500 -3.527 0.306 1.691 3.943
300.300 0.600 -3.271 1.07 1.64 3.839
300.300 0.700 -2.079 2.188 0.998 3.221
300.300 0.800 -0.309 3.278 0.261 3.36
300.300 0.900 2.769 4.416 -0.523 5.302
300.300 1.000 7.524 3.389 -1.364 8.418
300.300 1.100 9.313 -1.081 -2.48 9.735
300.300 1.200 7.638 -4.001 -4.016 9.533
300.300 1.300 5.311 -7.296 -5.288 10.466
300.300 1.400 -0.467 -9.33 -5.742 10.982
300.300 1.500 -6.433 -7.015 -5.767 11.204
300.300 1.600 -9.281 -3.269 -4.773 11.027
300.300 1.700 -10.766 -0.436 -3.039 11.266
300.300 1.800 -10.143 2.789 -0.889 10.615
300.300 1.900 -7.402 2.902 1.619 8.182
300.300 2.000 -6.261 0.724 3.277 7.176
300.300 2.100 -6.875 -1.249 3.071 7.678
300.300 2.200 -8.797 -0.486 1.86 9.031
300.300 2.300 -8.046 3.062 -1.079 8.715
300.300 2.400 -5.062 5.928 -5.02 9.358
300.300 2.500 -0.755 9.173 -7.695 12.13
300.300 2.600 6.592 11.096 -8.505 15.587
300.300 2.700 13.702 7.703 -8.222 17.842
300.300 2.800 15.283 3.586 -7.496 17.487
300.300 2.900 16.797 -0.384 -6.006 17.921
300.300 3.000 13.516 -7.184 -1.889 15.496
300.300 3.100 6.583 -10.548 3.635 12.976
300.300 3.200 -0.223 -13.121 8.077 15.411
300.300 3.300 -9.194 -14.69 11.261 20.731
300.300 3.400 -18.21 -11.485 13.173 25.494
300.300 3.500 -23.726 -7.575 14.047 28.854
300.300 3.600 -30.617 -1.195 14.514 33.969
300.300 3.700 -26.316 10.741 11.779 30.778
300.300 3.800 -15.167 13.388 7.618 21.767
300.300 3.900 -7.05 13.722 5.538 16.615
300.300 4.000 1.913 13.02 5 14.129
300.300 4.100 9.337 10.272 5.435 14.978
300.300 4.200 15.057 7.87 6.32 18.267
300.300 4.300 21.148 3.982 7.139 22.847
300.300 4.400 22.765 -2.309 7.497 24.264
300.300 4.500 22.643 -4.985 7.439 24.533
300.300 4.600 21.064 -9.977 7.028 24.536
300.300 4.700 13.172 -11.417 6.281 18.721
300.300 4.800 8.17 -8.732 5.408 13.303
300.300 4.900 5.525 -6.21 4.138 9.457
300.300 5.000 4.819 -4.106 2.649 7.049
300.300 5.100 5.139 -3.252 1.495 6.48
300.300 5.200 6.114 -3.167 0.512 7.164
300.300 5.300 6.432 -4.945 -0.111 8.418
300.300 5.400 4.189 -5.927 0.133 7.61
300.300 5.500 2.545 -4.483 0.719 5.602
300.300 5.600 3.813 -2.705 2.511 5.658
300.300 5.700 6.552 -2.867 5.429 9.33
300.300 5.800 8.933 -4.498 10.499 15.012
300.300 5.900 11.479 -6.886 18.414 23.688
300.300 6.000 12.807 -11.951 27.124 33.463
300.300 6.100 10.739 -16.73 34.97 41.007
300.300 6.200 7.944 -20.976 41.131 47.199
300.300 6.300 2.408 -24.724 42.143 48.956
300.300 6.400 -3.925 -25.29 38.505 46.702
300.300 6.500 -11.798 -25.265 30.295 42.642
300.300 6.600 -22.694 -22.898 17.753 39.268
300.300 6.700 -33.426 -17.734 3.516 41.885
300.300 6.800 -44.202 -12.303 -12.074 52.138
300.300 6.900 -56.558 -1.056 -28.252 69.218
300.300 7.000 -60.604 14.96 -42.397 82.127
300.300 7.100 -60.948 29.953 -54.344 93.419
300.300 7.200 -53.068 50.091 -58.408 98.313
300.300 7.300 -34.96 60.213 -54.151 89.543
300.300 7.400 -17.566 61.343 -50.651 81.86
300.300 7.500 1.263 57.877 -50.517 77.07
300.300 7.600 18.097 47.951 -51.573 73.038
300.300 7.700 29.06 35.296 -50.074 68.28
300.300 7.800 38.389 21.308 -45.033 63.457
300.300 7.900 40.46 1.77 -36.699 55.003
300.300 8.000 33.339 -11.513 -25.012 43.286
300.300 8.100 25.704 -20.082 -11.703 35.394
300.300 8.200 14.928 -23.708 1.203 30.126
300.300 8.300 5.873 -20.157 11.42 26.352
300.300 8.400 -0.179 -14.366 15.81 23.088
300.300 8.500 -3.61 -7.868 15.734 19.502
300.300 8.600 -3.547 -1.831 12.978 14.886
300.300 8.700 -0.551 2.174 8.341 9.264
300.300 8.800 3.934 4.216 4.203 7.239
300.300 8.900 10.316 4.941 0.41 11.583
300.300 9.000 18.056 0.437 -2.581 18.577
300.300 9.100 17.288 -8.623 -4.564 20.246
300.300 9.200 11.414 -12.634 -5.477 18.201
300.300 9.300 5.087 -15.77 -5.508 17.713
300.300 9.400 -4.418 -15.872 -5.275 17.5
300.300 9.500 -11.87 -9.67 -5.101 16.302
300.300 9.600 -12.632 -2.871 -4.963 14.022
300.300 9.700 -11.649 1.373 -5.047 12.916
300.300 9.800 -7.301 5.807 -5.314 10.885
300.300 9.900 -0.331 5.991 -5.433 8.226
300.300 10.000 3.933 2.73 -5.135 7.115
300.300 10.100 5.187 -0.229 -4.601 7.006
300.300 10.200 5.261 -3.64 -3.917 7.549
300.300 10.300 1.922 -6.744 -2.624 7.52
300.300 10.400 -2.713 -6.51 -1.369 7.23
300.300 10.500 -5.312 -4.344 -0.82 6.979
300.300 10.600 -6.93 -2.425 -0.759 7.468
300.300 10.700 -7.185 1.032 -0.869 7.424
300.300 10.800 -4.19 3.151 -1.148 5.497
300.300 10.900 -1.434 3.109 -1.215 3.766
300.300 11.000 0.794 2.44 -0.731 2.802
300.300 11.100 2.694 0.755 0.222 2.915
300.300 11.200 2.838 -1.784 1.551 3.769
300.300 11.300 1.573 -3.189 3.25 4.889
300.300 11.400 0.16 -3.907 4.906 6.346
300.300 11.500 -1.752 -4.161 6.387 7.895
300.300 11.600 -3.687 -3.607 7.79 9.419
300.300 11.700 -5.219 -2.817 8.148 10.153
300.300 11.800 -6.995 -1.577 8.392 11.113
300.300 11.900 -7.279 0.73 8.027 10.938
300.300 12.000 -6.398 1.581 7.021 9.705
300.300 12.100 -5.757 2.208 6.333 8.912
300.300 12.200 -4.194 2.028 5.549 7.318
300.300 12.300 -3.569 0.786 5.082 6.325
300.300 12.400 -4.167 -0.309 4.927 6.514
300.300 12.500 -5.699 -0.12 5.159 7.738
300.300 12.600 -5.896 1.941 5.563 8.391
300.300 12.700 -4.58 3.222 6.107 8.344
300.300 12.800 -3.023 4.642 6.665 8.727
300.300 12.900 0.291 5.912 6.683 8.988
300.300 13.000 3.89 5.661 6.46 9.484
300.300 13.100 5.957 5.219 5.152 9.497
300.300 13.200 8.332 5.565 3.208 10.564
300.300 13.300 10.778 5.167 1.199 12.049
300.300 13.400 13.85 5.308 -1.186 14.909
300.300 13.500 17.077 2.531 -2.895 17.529
300.300 13.600 16.472 -0.01 -2.454 16.674
300.300 13.700 16.794 -2.453 -1.728 17.078
300.300 13.800 12.581 -6.636 0.132 14.237
300.300 13.900 6.47 -5.985 2.385 9.141
300.300 14.000 3.349 -3.279 3.528 5.881
300.300 14.100 2.537 -0.518 3.593 4.451
300.300 14.200 3.454 1.777 2.797 4.815
300.300 14.300 5.863 2.975 1.174 6.704
300.300 14.400 8.9 0.782 -0.463 8.963
300.300 14.500 8.084 -4.114 -1.579 9.216
300.300 14.600 4.379 -7.31 -2.012 8.758
300.300 14.700 -0.72 -9.934 -1.407 10.06
300.300 14.800 -8.569 -9.872 0.382 13.082
300.300 14.900 -14.318 -2.896 2.001 14.756
300.300 15.000 -10.929 4.21 1.659 11.847
300.400 0.000 -2.346 -2.144 -2.145 3.846
300.400 0.100 -3.875 -1.627 -2.447 4.878
300.400 0.200 -4.261 -0.835 -2.277 4.92
300.400 0.300 -4.845 -0.73 -1.784 5.231
300.400 0.400 -5.089 -0.112 -1.281 5.268
300.400 0.500 -5.203 -0.138 -0.758 5.279
300.400 0.600 -5.543 1.081 -0.252 5.678
300.400 0.700 -3.87 2.402 0.154 4.592
300.400 0.800 -1.995 3.416 0.728 4.073
300.400 0.900 1.029 4.625 1.027 4.909
300.400 1.000 5.14 3.64 1.238 6.475
300.400 1.100 7.318 0.298 0.862 7.418
300.400 1.200 7.901 -2.251 -0.336 8.257
300.400 1.300 7.223 -6.19 -1.658 9.675
300.400 1.400 1.465 -8.662 -3.077 9.311
300.400 1.500 -4.237 -6.761 -4.313 9.081
300.400 1.600 -7.133 -3.855 -5.01 9.553
300.400 1.700 -9.281 -1.671 -5.059 10.729
300.400 1.800 -9.541 1.127 -4.346 10.577
300.400 1.900 -7.976 1.177 -3.193 8.713
300.400 2.000 -8.02 0.05 -2.346 8.409
300.400 2.100 -8.828 -0.976 -2.031 9.151
300.400 2.200 -11.191 0.68 -2.368 11.486
300.400 2.300 -8.744 5.653 -3.186 10.923
300.400 2.400 -3.034 8.104 -3.968 9.587
300.400 2.500 2.501 9.863 -4.102 11.078
300.400 2.600 9.643 10.659 -3.561 14.918
300.400 2.700 16.172 6.546 -2.378 17.71
300.400 2.800 17.743 1.969 0.095 17.97
300.400 2.900 19.556 -2.598 2.846 20.054
300.400 3.000 14.588 -10.492 4.249 18.539
300.400 3.100 5.06 -13.518 4.807 15.234
300.400 3.200 -3.396 -15.306 5.271 16.546
300.400 3.300 -14.073 -16.345 5.659 22.325
300.400 3.400 -24.483 -11.098 5.209 27.523
300.400 3.500 -27.859 -5.185 1.324 28.658
300.400 3.600 -32.213 1.036 -3.662 32.582
300.400 3.700 -26.243 12.514 -4.731 29.486
300.400 3.800 -13.396 14.382 -3.325 19.982
300.400 3.900 -4.709 12.765 -1.27 13.77
300.400 4.000 2.995 11.033 2.507 11.737
300.400 4.100 9.427 8.001 6.378 13.993
300.400 4.200 13.68 5.654 10.2 18.081
300.400 4.300 19.222 2.579 13.305 23.634
300.400 4.400 19.604 -3.617 15.262 25.222
300.400 4.500 16.743 -5.764 16.485 24.302
300.400 4.600 14.236 -8.547 15.988 23.173
300.400 4.700 8.927 -9.326 13.184 18.576
300.400 4.800 5.255 -6.898 10.526 13.741
300.400 4.900 4.237 -4.164 8.098 10.131
300.400 5.000 5.245 -2.443 6.062 8.484
300.400 5.100 6.422 -2.168 4.605 8.344
300.400 5.200 8.01 -2.293 3.627 9.291
300.400 5.300 9.056 -4.555 3.025 10.846
300.400 5.400 7.583 -5.738 2.439 10.139
300.400 5.500 7.156 -5.334 2.391 9.581
300.400 5.600 7.608 -5.113 4.065 10.388
300.400 5.700 9.544 -6.403 6.802 13.814
300.400 5.800 9.256 -11.064 11.434 19.091
300.400 5.900 6.033 -15.251 18.385 25.51
300.400 6.000 1.886 -20.212 26.179 33.846
300.400 6.100 -5.183 -24.774 34.621 43.282
300.400 6.200 -13.391 -25.582 42.135 51.562
300.400 6.300 -19.893 -24.104 44.4 54.734
300.400 6.400 -26.494 -20.953 43.197 56.201
300.400 6.500 -30.228 -13.836 35.868 51.575
300.400 6.600 -31.362 -8.382 22.014 42.55
300.400 6.700 -33.533 -2.167 6.811 38.529
300.400 6.800 -35.298 4.608 -10.203 41.847
300.400 6.900 -38.681 14.394 -27.336 55.01
300.400 7.000 -36.169 27.505 -40.887 66.132
300.400 7.100 -31.035 38.457 -50.896 75.105
300.400 7.200 -22.664 50.78 -56.119 82.768
300.400 7.300 -9.025 58.133 -57.149 83.762
300.400 7.400 5.501 60.137 -57.133 83.829
300.400 7.500 22.449 58.269 -56.61 84.756
300.400 7.600 39.62 47.847 -57.334 84.975
300.400 7.700 48.878 31.64 -55.196 80.836
300.400 7.800 54.954 14.797 -50.459 76.937
300.400 7.900 52.282 -9.238 -41.721 68.21
300.400 8.000 37.579 -25.539 -27.333 53.338
300.400 8.100 22.12 -34.625 -11.685 44.457
300.400 8.200 2.601 -37.595 4.083 41.871
300.400 8.300 -14.407 -28.307 17.337 41.092
300.400 8.400 -20.788 -14.184 19.872 36.789
300.400 8.500 -21.59 -5.309 15.655 31.879
300.400 8.600 -18.35 2.713 11.355 24.692
300.400 8.700 -9.64 6.299 7.45 14.489
300.400 8.800 -2.042 7.236 5.14 9.203
300.400 8.900 6.356 7.459 3.241 10.627
300.400 9.000 14.777 2.316 1.496 15.569
300.400 9.100 15.76 -6.588 -0.3 17.594
300.400 9.200 11.898 -11.359 -2.337 16.994
300.400 9.300 6.262 -15.217 -3.997 17.222
300.400 9.400 -3.288 -15.701 -4.933 16.996
300.400 9.500 -10.968 -9.244 -5.729 15.608
300.400 9.600 -10.614 -2.033 -6.961 12.978
300.400 9.700 -8.153 1.758 -7.965 11.635
300.400 9.800 -3.879 5.121 -7.298 9.842
300.400 9.900 2.249 5.148 -5.733 8.165
300.400 10.000 5.975 1.741 -4.288 7.681
300.400 10.100 6.785 -1.122 -2.659 7.488
300.400 10.200 6.782 -4.425 -1.573 8.345
300.400 10.300 2.694 -7.493 -1.372 8.132
300.400 10.400 -2.359 -6.831 -1.661 7.454
300.400 10.500 -4.921 -4.351 -1.89 6.89
300.400 10.600 -6.052 -2.163 -2.153 6.85
300.400 10.700 -5.811 1.04 -2.305 6.44
300.400 10.800 -2.915 3.059 -2.01 4.808
300.400 10.900 0 2.709 -1.611 3.284
300.400 11.000 1.888 1.549 -0.732 2.67
300.400 11.100 3.287 -0.38 0.303 3.412
300.400 11.200 2.606 -3.377 1.664 4.636
300.400 11.300 -0.114 -4.915 3.352 6.008
300.400 11.400 -2.742 -5.113 4.59 7.46
300.400 11.500 -5.456 -5.286 5.2 9.267
300.400 11.600 -8.717 -4.167 5.564 11.213
300.400 11.700 -9.848 -2.556 5.285 11.53
300.400 11.800 -11.62 -1.464 4.711 12.688
300.400 11.900 -11.438 1.634 4.169 12.352
300.400 12.000 -9.151 2.42 3.571 10.187
300.400 12.100 -7.839 2.805 2.995 8.917
300.400 12.200 -5.979 2.426 2.672 7.051
300.400 12.300 -5.314 1.015 2.474 6.007
300.400 12.400 -5.633 -0.242 2.226 6.108
300.400 12.500 -7.387 -0.543 2.251 7.783
300.400 12.600 -7.759 1.48 2.793 8.426
300.400 12.700 -6.382 2.462 3.691 7.826
300.400 12.800 -5.31 3.84 4.833 8.199
300.400 12.900 -2.751 5.109 6.334 8.649
300.400 13.000 -0.229 5.565 7.61 9.488
300.400 13.100 2.644 6.435 7.755 10.473
300.400 13.200 6.749 6.937 7.252 12.143
300.400 13.300 10.207 6.301 6.886 13.874
300.400 13.400 14.172 6.468 6.951 17.096
300.400 13.500 18.377 2.84 7.094 19.932
300.400 13.600 17.005 -0.515 6.761 18.332
300.400 13.700 16.497 -3.171 7.06 18.245
300.400 13.800 11.693 -7.553 6.87 15.539
300.400 13.900 4.806 -6.795 6.558 10.61
300.400 14.000 1.185 -3.428 6.415 7.387
300.400 14.100 0.206 -0.166 6.05 6.082
300.400 14.200 1.208 3.025 5.311 6.262
300.400 14.300 5.079 5.033 3.515 7.998
300.400 14.400 9.965 2.553 1.242 10.383
300.400 14.500 9.777 -3.126 -0.39 10.283
300.400 14.600 6.435 -6.694 -1.684 9.441
300.400 14.700 1.287 -10.359 -2.638 10.768
300.400 14.800 -8.05 -10.949 -3.066 13.934
300.400 14.900 -15.213 -3.468 -3.112 15.92
300.400 15.000 -11.314 4.178 -2.067 12.253
300.500 0.000 -1.181 -1.385 -3.221 3.718
300.500 0.100 -2.074 -1.307 -4.066 4.766
300.500 0.200 -2.476 -1.026 -4.194 4.996
300.500 0.300 -3.004 -0.92 -4.161 5.233
300.500 0.400 -3.448 -0.522 -4.06 5.372
300.500 0.500 -4.029 -0.451 -3.948 5.679
300.500 0.600 -4.689 0.381 -3.671 5.99
300.500 0.700 -4.348 1.113 -2.285 5.063
300.500 0.800 -4.14 2.375 -0.6 4.846
300.500 0.900 -1.413 4.189 0.472 4.499
300.500 1.000 2.579 3.296 1.259 4.426
300.500 1.100 4.543 0.472 1.818 4.959
300.500 1.200 4.781 -1.837 2.128 5.584
300.500 1.300 3.929 -4.672 1.575 6.329
300.500 1.400 0.251 -6.399 -0.805 6.462
300.500 1.500 -3.6 -5.032 -3.367 7.048
300.500 1.600 -5.346 -2.656 -5.392 8.053
300.500 1.700 -6.21 -1.079 -7.025 9.452
300.500 1.800 -6.191 0.443 -7.496 9.752
300.500 1.900 -5.369 0.42 -6.94 8.811
300.500 2.000 -5.485 -0.408 -6.538 8.575
300.500 2.100 -6.529 -0.91 -6.349 9.18
300.500 2.200 -8.054 0.929 -6.448 10.386
300.500 2.300 -6.13 4.95 -5.375 9.58
300.500 2.400 -1.633 7.077 -3.246 8.034
300.500 2.500 3.172 8.378 -0.718 9.107
300.500 2.600 9.927 8.922 2.376 13.69
300.500 2.700 16.122 4.265 5.356 17.642
300.500 2.800 14.722 -1.001 7.484 16.67
300.500 2.900 12.67 -4.289 8.954 16.223
300.500 3.000 8.575 -9.21 7.832 14.916
300.500 3.100 1.934 -11.978 4.822 13.113
300.500 3.200 -5.02 -13.526 1.439 14.536
300.500 3.300 -14.407 -14.192 -2.959 20.471
300.500 3.400 -23.467 -8.021 -7.535 26.005
300.500 3.500 -22.279 -0.547 -10.494 24.832
300.500 3.600 -19.64 3.964 -12.847 24.039
300.500 3.700 -14.046 10.121 -11.897 21.138
300.500 3.800 -4.926 11.396 -8.15 14.865
300.500 3.900 1.496 8.151 -3.412 8.976
300.500 4.000 4.598 5.452 2.922 7.715
300.500 4.100 7.26 2.947 9.307 12.201
300.500 4.200 8.366 0.836 14.98 17.197
300.500 4.300 9.983 -0.962 20.267 22.615
300.500 4.400 9.413 -4.142 22.152 24.427
300.500 4.500 7.185 -5.285 21.05 22.891
300.500 4.600 5.339 -6.231 19.07 20.823
300.500 4.700 2.636 -6.199 16.052 17.478
300.500 4.800 0.885 -4.227 13.031 13.777
300.500 4.900 1.458 -1.903 10.538 10.835
300.500 5.000 3.488 -0.872 8.753 9.502
300.500 5.100 5.553 -0.924 7.508 9.471
300.500 5.200 8.079 -1.536 6.54 10.664
300.500 5.300 9.685 -4.252 6.177 12.484
300.500 5.400 8.974 -5.727 6.686 12.837
300.500 5.500 9.282 -6.181 7.565 13.74
300.500 5.600 9.026 -7.191 8.825 14.847
300.500 5.700 9.8 -9.396 10.931 17.938
300.500 5.800 7.75 -15.609 13.641 22.975
300.500 5.900 1.504 -21.154 17.165 28.329
300.500 6.000 -6.451 -27.005 21.802 36.181
300.500 6.100 -19.513 -32.774 27.482 47.836
300.500 6.200 -35.829 -30.61 33.282 58.903
300.500 6.300 -42.753 -24.112 35.119 61.877
300.500 6.400 -50.627 -18.717 34.577 65.712
300.500 6.500 -50.966 -3.494 29.886 61.516
300.500 6.600 -41.477 4.876 20.051 49.396
300.500 6.700 -35.622 12.413 8.406 42.067
300.500 6.800 -27.47 21.432 -5.261 38.178
300.500 6.900 -20.259 29.716 -20.698 43.717
300.500 7.000 -13.881 38.477 -33.689 55.542
300.500 7.100 -7.016 46.447 -43.769 67.178
300.500 7.200 2.211 53.887 -49.702 76.236
300.500 7.300 16.061 59.332 -51.466 83.358
300.500 7.400 31.466 59.52 -51.477 87.29
300.500 7.500 46.155 58.54 -50.415 91.544
300.500 7.600 66.131 48.378 -51.258 97.816
300.500 7.700 72.358 27.862 -50.216 93.61
300.500 7.800 75.663 9.963 -46.94 91.268
300.500 7.900 68.748 -20.565 -40.521 83.861
300.500 8.000 42.132 -40.305 -29.437 65.876
300.500 8.100 16.136 -49.425 -16.523 56.037
300.500 8.200 -14.623 -53.362 -2.854 58.879
300.500 8.300 -46.647 -37.247 10.18 65.117
300.500 8.400 -48.681 -8.631 10.144 56.274
300.500 8.500 -36.2 0.672 2.531 43.072
300.500 8.600 -27.217 5.325 -0.767 31.136
300.500 8.700 -16.943 6.594 0.765 18.547
300.500 8.800 -9.229 7.424 3.283 12.661
300.500 8.900 0.876 8.525 4.111 10.278
300.500 9.000 11.729 3.52 4.115 14.05
300.500 9.100 13.783 -5.255 3.577 15.887
300.500 9.200 11.196 -9.226 1.977 15.159
300.500 9.300 7.208 -13.067 -0.733 15.331
300.500 9.400 -1.18 -13.493 -4.423 14.464
300.500 9.500 -7.373 -7.815 -7.537 13.23
300.500 9.600 -6.353 -1.461 -8.046 10.426
300.500 9.700 -2.88 1.48 -7.388 8.132
300.500 9.800 0.493 3.154 -5.614 6.571
300.500 9.900 4.929 3.339 -3.108 6.918
300.500 10.000 7.6 -0.052 -1.12 7.878
300.500 10.100 6.301 -2.662 0.263 7.015
300.500 10.200 4.879 -4.746 0.85 6.992
300.500 10.300 1.699 -6.702 0.098 6.989
300.500 10.400 -2.06 -6.115 -1.036 6.581
300.500 10.500 -4.068 -3.987 -1.803 6.025
300.500 10.600 -4.878 -1.973 -2.127 5.745
300.500 10.700 -4.421 0.812 -1.962 5.013
300.500 10.800 -1.53 2.61 -1.403 3.488
300.500 10.900 1.517 1.913 -0.535 2.658
300.500 11.000 2.743 0.383 0.685 2.983
300.500 11.100 3.712 -1.409 1.922 4.509
300.500 11.200 2.34 -4.606 2.783 5.928
300.500 11.300 -1.52 -5.885 3.221 6.93
300.500 11.400 -4.678 -5.415 3.243 7.909
300.500 11.500 -7.105 -5.066 2.753 9.202
300.500 11.600 -9.784 -3.765 1.898 10.708
300.500 11.700 -10.692 -1.986 1.249 11.003
300.500 11.800 -11.65 -0.716 0.521 11.741
300.500 11.900 -11.279 1.82 0.059 11.488
300.500 12.000 -9.59 2.617 0.075 10.005
300.500 12.100 -8.27 3.198 -0.045 8.931
300.500 12.200 -6.045 2.852 -0.63 6.774
300.500 12.300 -4.998 1.275 -1.141 5.331
300.500 12.400 -4.84 -0.087 -1.183 5.019
300.500 12.500 -5.783 -0.712 -1.098 5.961
300.500 12.600 -6.316 0.278 -0.205 6.363
300.500 12.700 -6.071 1.001 1.652 6.415
300.500 12.800 -5.83 2.242 3.519 7.221
300.500 12.900 -4.621 3.374 5.344 7.884
300.500 13.000 -3.424 4.29 7.135 9.057
300.500 13.100 -1.1 5.682 8.857 10.635
300.500 13.200 2.303 6.231 10.746 12.685
300.500 13.300 5.217 5.944 11.995 14.414
300.500 13.400 8.157 5.617 12.748 16.185
300.500 13.500 10.872 3.036 13.355 17.522
300.500 13.600 11.102 0.218 12.54 16.78
300.500 13.700 10.807 -2.798 11.514 16.063
300.500 13.800 7.022 -6.517 10.357 14.128
300.500 13.900 1.194 -6.142 9.111 11.07
300.500 14.000 -2.077 -2.748 8.045 8.773
300.500 14.100 -2.745 0.411 7.12 7.669
300.500 14.200 -1.766 4.001 6.411 7.793
300.500 14.300 3.05 6.552 5.687 9.229
300.500 14.400 8.962 4.286 4.797 11.057
300.500 14.500 9.77 -1.108 2.569 10.178
300.500 14.600 7.571 -4.782 -0.399 8.971
300.500 14.700 3.502 -8.874 -2.836 9.953
300.500 14.800 -4.097 -9.653 -4.777 11.525
300.500 14.900 -9.613 -3.868 -5.624 11.797
300.500 15.000 -8.05 2.298 -4.237 9.396
300.600 0.000 0.384 -0.328 -3.528 3.588
300.600 0.100 0.531 -0.777 -4.329 4.452
300.600 0.200 0.026 -1.165 -4.377 4.549
300.600 0.300 -0.55 -0.88 -4.236 4.381
300.600 0.400 -0.923 -0.463 -4.402 4.542
300.600 0.500 -1.254 -0.159 -4.892 5.074
300.600 0.600 -1.642 -0.18 -5.165 5.443
300.600 0.700 -2.659 -0.265 -4.583 5.324
300.600 0.800 -3.769 0.943 -3.591 5.315
300.600 0.900 -2.203 2.652 -1.815 3.935
300.600 1.000 0.41 1.991 0.261 2.103
300.600 1.100 1.484 -0.044 1.412 2.086
300.600 1.200 0.984 -1.884 1.531 2.642
300.600 1.300 -0.241 -3.177 0.798 3.296
300.600 1.400 -1.978 -3.823 -1.154 4.462
300.600 1.500 -4.036 -2.712 -3.394 5.94
300.600 1.600 -4.1 -0.512 -5.661 7.023
300.600 1.700 -3.086 0.349 -7.567 8.194
300.600 1.800 -2.384 0.474 -8.414 8.776
300.600 1.900 -1.985 0.066 -8.395 8.646
300.600 2.000 -2.162 -0.679 -8.194 8.523
300.600 2.100 -3.11 -1.07 -7.919 8.594
300.600 2.200 -4.251 0.203 -7.261 8.441
300.600 2.300 -3.266 2.736 -5.452 6.967
300.600 2.400 -0.705 4.07 -2.394 4.865
300.600 2.500 1.868 4.527 1.589 5.288
300.600 2.600 4.797 4.343 6.604 9.389
300.600 2.700 7.2 1.868 10.719 13.186
300.600 2.800 6.692 -1.181 10.973 13.045
300.600 2.900 5.348 -3.45 9.555 11.617
300.600 3.000 3.145 -6.12 6.888 9.849
300.600 3.100 -0.335 -8.019 2.799 8.579
300.600 3.200 -4.084 -8.685 -2.038 9.863
300.600 3.300 -8.075 -8.167 -7.803 13.918
300.600 3.400 -11.324 -4.329 -12.97 17.795
300.600 3.500 -10.716 0.468 -14.543 18.15
300.600 3.600 -8.487 3.76 -14.227 17.222
300.600 3.700 -4.377 6.747 -11.781 14.463
300.600 3.800 1.628 6.632 -7.06 9.883
300.600 3.900 5.038 2.409 -1.575 5.891
300.600 4.000 4.132 -1.012 4.206 5.985
300.600 4.100 2.718 -3.033 10.119 10.923
300.600 4.200 0.445 -4.802 15.618 16.347
300.600 4.300 -2.575 -5.047 20.399 21.246
300.600 4.400 -3.678 -3.96 22.295 23.01
300.600 4.500 -3.54 -3.805 21.779 22.448
300.600 4.600 -3.796 -3.516 19.972 20.713
300.600 4.700 -4.051 -2.921 16.705 17.499
300.600 4.800 -3.851 -1.52 13.774 14.424
300.600 4.900 -1.833 0.131 11.532 11.689
300.600 5.000 1.228 0.318 10.181 10.267
300.600 5.100 3.894 -0.353 9.846 10.632
300.600 5.200 7.178 -1.284 10.246 12.676
300.600 5.300 9.245 -4.74 10.925 15.26
300.600 5.400 7.565 -6.688 11.599 15.601
300.600 5.500 6.94 -7.11 12.345 16.064
300.600 5.600 6.676 -8.165 12.908 16.934
300.600 5.700 6.994 -10.833 13.236 19.028
300.600 5.800 4.453 -17.209 13.512 23.408
300.600 5.900 -2.461 -23.475 13.916 28.846
300.600 6.000 -11.768 -29.681 14.385 36.51
300.600 6.100 -26.053 -35.611 14.419 48.236
300.600 6.200 -43.949 -32.978 14.216 59.323
300.600 6.300 -52.553 -25.556 16.17 63.491
300.600 6.400 -61.081 -18.022 18.509 68.268
300.600 6.500 -59.967 0.762 18.545 64.775
300.600 6.600 -46.369 12.081 16.189 54.073
300.600 6.700 -35.26 20.997 12.484 46.422
300.600 6.800 -22.162 32.966 6.603 42.073
300.600 6.900 -7.448 43.5 -3.656 46.327
300.600 7.000 4.502 51.975 -18.709 60.081
300.600 7.100 16.401 56.875 -34.934 78.652
300.600 7.200 26.728 56.134 -42.295 87.483
300.600 7.300 36.444 57.226 -38.875 90.391
300.600 7.400 47.883 57.634 -34.296 90.903
300.600 7.500 59.166 58.073 -33.417 93.009
300.600 7.600 76.815 49.262 -34.123 99.149
300.600 7.700 83.483 28.795 -37.638 97.384
300.600 7.800 86.083 7.832 -40.86 96.965
300.600 7.900 76.615 -26.267 -39.704 91.245
300.600 8.000 46.513 -49.273 -34.475 76.334
300.600 8.100 15.087 -58.554 -28.515 67.387
300.600 8.200 -21.118 -61.962 -25.022 72.138
300.600 8.300 -60.106 -42.205 -24.389 80.792
300.600 8.400 -59.237 -6.428 -21.66 68.325
300.600 8.500 -39.037 2.776 -18.01 49.06
300.600 8.600 -27.717 3.577 -14.949 34.211
300.600 8.700 -20.843 2.049 -10.469 23.567
300.600 8.800 -17.183 3.641 -4.556 18.315
300.600 8.900 -6.891 5.878 1.004 9.299
300.600 9.000 3.144 1.682 6.31 9.77
300.600 9.100 6.158 -4.219 7.805 12.259
300.600 9.200 5.66 -7.035 6.083 11.781
300.600 9.300 3.998 -9.186 2.998 11.04
300.600 9.400 0.507 -8.946 -1.638 9.377
300.600 9.500 -1.732 -5.843 -5.252 8.108
300.600 9.600 -1.654 -2.273 -5.621 6.299
300.600 9.700 0.121 -0.103 -4.128 4.162
300.600 9.800 1.757 0.619 -1.952 2.846
300.600 9.900 3.547 0.701 0.79 4.048
300.600 10.000 4.621 -1.148 2.588 5.735
300.600 10.100 3.733 -2.809 2.452 5.517
300.600 10.200 2.643 -4.176 1.685 5.381
300.600 10.300 0.478 -5.416 0.429 5.536
300.600 10.400 -2.136 -5.021 -1.005 5.596
300.600 10.500 -3.428 -3.396 -1.899 5.233
300.600 10.600 -3.816 -1.916 -2.193 4.861
300.600 10.700 -3.386 0.156 -1.773 3.926
300.600 10.800 -1.156 1.42 -0.414 2.06
300.600 10.900 1.006 0.645 1.192 1.892
300.600 11.000 1.534 -0.891 2.48 3.187
300.600 11.100 1.403 -2.441 3.625 4.695
300.600 11.200 -0.126 -4.622 3.856 6.091
300.600 11.300 -3.257 -5.526 3.192 7.218
300.600 11.400 -5.921 -4.744 2.28 7.975
300.600 11.500 -7.732 -4.073 1.024 8.85
300.600 11.600 -9.73 -2.784 -0.199 10.175
300.600 11.700 -10.185 -1.146 -1.408 10.4
300.600 11.800 -10.93 -0.058 -2.36 11.235
300.600 11.900 -10.331 2.265 -3.06 11.069
300.600 12.000 -8.54 2.783 -3.644 9.749
300.600 12.100 -7.203 3.423 -3.867 8.919
300.600 12.200 -4.19 3.233 -3.674 6.496
300.600 12.300 -2.172 1.295 -3.493 4.351
300.600 12.400 -2.12 -0.571 -2.801 3.579
300.600 12.500 -2.993 -1.274 -1.938 3.805
300.600 12.600 -3.979 -1.215 -0.86 4.273
300.600 12.700 -5.265 -0.832 0.631 5.401
300.600 12.800 -6.237 0.472 2.267 6.694
300.600 12.900 -5.898 1.499 4.189 7.435
300.600 13.000 -5.743 2.389 6.316 8.913
300.600 13.100 -4.795 3.564 8.406 10.363
300.600 13.200 -3.739 4.06 10.77 12.149
300.600 13.300 -1.984 5.029 12.597 13.755
300.600 13.400 1.114 4.795 13.649 14.554
300.600 13.500 3.418 2.953 14.435 15.164
300.600 13.600 4.462 1.005 14.428 15.17
300.600 13.700 5.127 -1.685 13.828 14.873
300.600 13.800 2.242 -4.911 12.149 13.317
300.600 13.900 -2.533 -4.595 9.967 11.284
300.600 14.000 -5.003 -1.559 8.259 9.805
300.600 14.100 -5.112 1.237 7.158 8.91
300.600 14.200 -3.885 4.437 6.635 8.909
300.600 14.300 0.29 6.754 6.561 9.454
300.600 14.400 5.156 5.407 6.165 9.716
300.600 14.500 7.572 1.996 4.057 8.841
300.600 14.600 8.616 -1.534 0.513 8.78
300.600 14.700 6.497 -6.737 -2.486 9.688
300.600 14.800 -0.322 -8.341 -4.166 9.329
300.600 14.900 -5.494 -4.064 -4.833 8.375
300.600 15.000 -5.081 0.711 -4.04 6.541
300.700 0.000 1.572 0.44 -3.228 3.644
300.700 0.100 2.197 -0.519 -3.544 4.224
300.700 0.200 1.46 -1.474 -3.323 3.937
300.700 0.300 0.458 -0.968 -2.907 3.116
300.700 0.400 0.257 0.133 -3.215 3.251
300.700 0.500 0.756 0.713 -4.348 4.493
300.700 0.600 1.007 0.034 -5.279 5.394
300.700 0.700 -0.03 -0.674 -5.466 5.523
300.700 0.800 -1.195 -0.152 -4.998 5.158
300.700 0.900 -1.2 0.561 -3.644 3.899
300.700 1.000 -0.998 0.186 -1.867 2.145
300.700 1.100 -0.967 -0.502 -0.823 1.377
300.700 1.200 -1.233 -1.521 -0.8 2.121
300.700 1.300 -2.087 -1.864 -1.56 3.212
300.700 1.400 -2.807 -1.748 -3.204 4.615
300.700 1.500 -3.706 -0.62 -5.281 6.497
300.700 1.600 -2.534 1.361 -6.957 7.549
300.700 1.700 -0.326 1.593 -8.194 8.374
300.700 1.800 0.913 0.788 -8.812 8.913
300.700 1.900 1.353 0.007 -8.881 9.002
300.700 2.000 1.302 -0.875 -8.819 8.975
300.700 2.100 0.436 -1.457 -8.531 8.682
300.700 2.200 -0.622 -1.023 -7.869 7.979
300.700 2.300 -0.753 -0.077 -5.705 5.783
300.700 2.400 -0.386 0.321 -2.177 2.278
300.700 2.500 -0.349 0.166 1.702 1.854
300.700 2.600 -1.194 -0.366 5.644 5.883
300.700 2.700 -2.193 -0.092 8.608 9.002
300.700 2.800 -1.164 -0.206 9.069 9.287
300.700 2.900 -0.518 -1.444 7.966 8.267
300.700 3.000 -0.489 -2.464 5.24 5.971
300.700 3.100 -0.739 -3.463 1.125 3.792
300.700 3.200 -1.443 -3.96 -3.091 5.243
300.700 3.300 -2.064 -3.193 -6.978 7.967
300.700 3.400 -1.937 -1.314 -10.225 10.516
300.700 3.500 -1.112 1.115 -11.98 12.105
300.700 3.600 1.109 2.721 -12.31 12.699
300.700 3.700 3.339 2.72 -9.798 10.752
300.700 3.800 5.691 1.46 -5.228 7.92
300.700 3.900 6.124 -2.905 -0.4 6.84
300.700 4.000 2.606 -6.47 4.678 8.413
300.700 4.100 -1.501 -8.102 9.394 12.522
300.700 4.200 -6.271 -9.285 13.382 17.457
300.700 4.300 -11.805 -8.032 16.429 21.878
300.700 4.400 -13.876 -4.552 17.757 23.204
300.700 4.500 -14.395 -3.376 17.852 23.557
300.700 4.600 -14.36 -0.862 16.619 22.351
300.700 4.700 -11.303 0.196 13.712 17.973
300.700 4.800 -9.337 0.603 11.64 15.062
300.700 4.900 -5.729 1.528 10.48 12.101
300.700 5.000 -1.875 0.506 10.424 10.618
300.700 5.100 0.621 -1.118 11.358 11.437
300.700 5.200 2.698 -2.798 13.165 13.767
300.700 5.300 3.688 -5.585 14.961 16.511
300.700 5.400 2.847 -7.163 15.787 17.761
300.700 5.500 2.662 -7.632 16.46 18.544
300.700 5.600 2.373 -8.301 16.692 19.022
300.700 5.700 3.149 -10.198 16.09 19.829
300.700 5.800 1.393 -15.826 13.769 22.294
300.700 5.900 -4.504 -21.725 9.818 26.24
300.700 6.000 -12.66 -28.143 6.034 33.808
300.700 6.100 -25.518 -33.967 3.217 46.183
300.700 6.200 -41.643 -32.026 0.635 58.926
300.700 6.300 -52.317 -27.379 -1.751 68.298
300.700 6.400 -67.367 -21.604 -0.081 80.049
300.700 6.500 -67.557 -0.424 4.638 77.437
300.700 6.600 -50.191 10.143 11.383 62.681
300.700 6.700 -38.899 20.098 19.632 54.289
300.700 6.800 -25.475 36.222 24.035 50.569
300.700 6.900 -8.279 54.395 21.221 61.119
300.700 7.000 16.189 72.239 5.415 82.484
300.700 7.100 48.718 74.622 -19.104 109.079
300.700 7.200 62.7 55.199 -29.4 116.696
300.700 7.300 55.554 49.521 -21.995 108.204
300.700 7.400 55.211 55.276 -17.214 99.234
300.700 7.500 64.345 60.195 -18.801 96.637
300.700 7.600 82.382 53.284 -24.313 102.885
300.700 7.700 91.686 34.425 -30.116 103.389
300.700 7.800 100.918 12.602 -36.899 108.589
300.700 7.900 92.701 -28.448 -40.702 105.322
300.700 8.000 55.783 -53.354 -39.682 86.876
300.700 8.100 21.985 -60.243 -39.681 75.758
300.700 8.200 -9.926 -59.68 -42.166 75.039
300.700 8.300 -38.109 -41.012 -45.669 74.836
300.700 8.400 -40.844 -12.733 -43.395 64.207
300.700 8.500 -30.2 -2.739 -37.421 52.023
300.700 8.600 -22.268 -1.045 -31.751 40.355
300.700 8.700 -16.404 -3.506 -25.78 30.809
300.700 8.800 -14.83 -3.682 -18.671 24.267
300.700 8.900 -9.961 -2.785 -8.183 14.196
300.700 9.000 -6.605 -4.267 1.691 10.92
300.700 9.100 -3.979 -4.518 6.226 10.751
300.700 9.200 -1.436 -5.287 6.496 9.769
300.700 9.300 -0.555 -5.818 4.777 8.382
300.700 9.400 -0.383 -5.054 1.757 5.881
300.700 9.500 0.104 -3.935 -0.792 4.226
300.700 9.600 0.006 -2.744 -1.731 3.311
300.700 9.700 0.361 -1.653 -1.168 2.102
300.700 9.800 0.572 -1.51 0.277 1.882
300.700 9.900 0.314 -1.491 2.078 2.989
300.700 10.000 0.259 -1.577 3.124 3.908
300.700 10.100 0.482 -2.126 2.859 3.913
300.700 10.200 0.348 -3.053 1.995 3.868
300.700 10.300 -0.523 -3.825 0.513 3.991
300.700 10.400 -1.65 -3.765 -0.997 4.273
300.700 10.500 -2.303 -2.987 -1.72 4.181
300.700 10.600 -2.477 -2.033 -1.694 3.671
300.700 10.700 -2.201 -0.886 -1.02 2.658
300.700 10.800 -1.265 -0.206 0.36 1.48
300.700 10.900 -0.385 -0.734 1.794 2.135
300.700 11.000 -0.53 -1.922 2.835 3.585
300.700 11.100 -1.453 -2.999 3.417 4.868
300.700 11.200 -2.874 -4.031 3.139 5.933
300.700 11.300 -5.202 -4.543 2.065 7.265
300.700 11.400 -7.208 -3.362 0.654 8.038
300.700 11.500 -7.749 -2.467 -1.098 8.258
300.700 11.600 -8.726 -1.399 -2.892 9.349
300.700 11.700 -8.365 0.073 -4.193 9.409
300.700 11.800 -8.13 0.939 -5.442 9.879
300.700 11.900 -7.02 2.707 -6.081 9.728
300.700 12.000 -4.673 3.189 -6.209 8.453
300.700 12.100 -2.804 2.944 -5.994 7.291
300.700 12.200 -0.806 2.35 -4.659 5.327
300.700 12.300 0.841 0.502 -3.308 3.482
300.700 12.400 0.207 -1.617 -2.172 2.72
300.700 12.500 -1.3 -2.205 -1.15 2.811
300.700 12.600 -2.656 -2.237 -0.292 3.5
300.700 12.700 -4.216 -1.902 0.434 4.671
300.700 12.800 -5.513 -0.992 1.316 5.787
300.700 12.900 -6.427 -0.423 2.716 7.027
300.700 13.000 -7.801 0.48 4.342 8.981
300.700 13.100 -7.657 1.737 5.974 9.909
300.700 13.200 -7.681 2.048 7.676 11.092
300.700 13.300 -7.03 3.362 9.604 12.411
300.700 13.400 -4.971 3.226 11.863 13.303
300.700 13.500 -3.78 2.267 13.538 14.275
300.700 13.600 -3.041 0.957 13.93 14.325
300.700 13.700 -3.187 -0.829 13.859 14.276
300.700 13.800 -4.503 -2.367 11.857 12.928
300.700 13.900 -7.09 -2.485 9.183 11.887
300.700 14.000 -8.372 -0.051 7.322 11.147
300.700 14.100 -7.668 1.879 6.211 10.073
300.700 14.200 -6.524 4.479 6.187 10.076
300.700 14.300 -2.451 6.724 6.493 9.697
300.700 14.400 2.268 6.235 6.544 9.351
300.700 14.500 5.701 4.451 5.296 8.993
300.700 14.600 9.016 1.538 2.94 9.627
300.700 14.700 8.695 -4.348 0.275 9.734
300.700 14.800 2.882 -6.624 -2.37 7.604
300.700 14.900 -1.568 -3.896 -3.891 5.727
300.700 15.000 -2.316 -0.576 -3.321 4.098
300.800 0.000 2.483 0.932 -3.139 4.139
300.800 0.100 3.201 -0.618 -3.356 4.702
300.800 0.200 1.954 -2.188 -2.687 3.996
300.800 0.300 -0.005 -1.359 -1.746 2.229
300.800 0.400 0.019 1.146 -1.965 2.302
300.800 0.500 2.207 2.28 -3.563 4.796
300.800 0.600 3.693 0.814 -5.069 6.343
300.800 0.700 2.711 -0.669 -5.551 6.229
300.800 0.800 1.338 -0.72 -5.569 5.786
300.800 0.900 0.622 -0.602 -5.109 5.195
300.800 1.000 -0.182 -0.878 -4.531 4.631
300.800 1.100 -0.868 -1.063 -3.971 4.212
300.800 1.200 -1.654 -1.486 -3.475 4.133
300.800 1.300 -2.562 -0.804 -3.755 4.629
300.800 1.400 -2.14 0.132 -5.106 5.554
300.800 1.500 -1.498 1.081 -6.634 6.905
300.800 1.600 0.303 2.45 -7.662 8.075
300.800 1.700 3.101 2.37 -8.349 9.241
300.800 1.800 4.622 0.78 -8.466 9.699
300.800 1.900 4.897 -0.09 -8.091 9.48
300.800 2.000 5.152 -1.08 -7.877 9.495
300.800 2.100 4.279 -1.776 -7.598 8.917
300.800 2.200 3.697 -2.1 -7.189 8.37
300.800 2.300 2.236 -2.984 -5.444 6.611
300.800 2.400 -0.004 -3.15 -2.618 4.099
300.800 2.500 -1.917 -3.06 0.149 3.63
300.800 2.600 -4.123 -3.123 2.445 5.761
300.800 2.700 -6.09 -1.581 4.035 7.54
300.800 2.800 -5.52 -0.311 4.855 7.459
300.800 2.900 -5.079 -0.182 4.683 7.054
300.800 3.000 -3.415 0.641 3.063 4.844
300.800 3.100 -0.783 0.169 0.499 1.222
300.800 3.200 0.53 -0.78 -2.057 2.3
300.800 3.300 0.984 -0.439 -4.284 4.462
300.800 3.400 2.122 0.616 -5.971 6.429
300.800 3.500 4.144 2.072 -6.8 8.319
300.800 3.600 7.933 1.959 -6.531 10.558
300.800 3.700 8.659 -0.914 -4.483 9.884
300.800 3.800 7.996 -2.642 -1.126 8.629
300.800 3.900 6.343 -7.063 2.135 9.815
300.800 4.000 0.148 -10.554 4.983 11.748
300.800 4.100 -6.257 -11.469 7.58 15.254
300.800 4.200 -12.536 -12.11 9.487 19.885
300.800 4.300 -20.161 -9.831 11.368 25.177
300.800 4.400 -22.115 -3.844 11.006 25.305
300.800 4.500 -21.122 -2.118 8.655 23.673
300.800 4.600 -20.055 0.934 7.002 21.978
300.800 4.700 -15.033 1.916 6.385 16.869
300.800 4.800 -11.89 1.298 6.139 13.73
300.800 4.900 -8.233 1.128 6.997 11.06
300.800 5.000 -5.061 -0.709 8.662 10.191
300.800 5.100 -3.419 -2.867 10.617 11.588
300.800 5.200 -2.778 -5.077 12.875 14.183
300.800 5.300 -3.24 -7.328 15.187 17.311
300.800 5.400 -4.747 -8.732 17.474 20.342
300.800 5.500 -6.169 -8.455 19.496 22.424
300.800 5.600 -6.323 -7.781 19.355 22.15
300.800 5.700 -5.664 -8.446 17.926 21.291
300.800 5.800 -5.027 -10.75 13.703 19.494
300.800 5.900 -5.171 -15.534 6.321 20.162
300.800 6.000 -9.093 -23.35 -0.76 28.616
300.800 6.100 -20.485 -29.624 -6.923 43.346
300.800 6.200 -34.475 -26.293 -14.749 60.676
300.800 6.300 -38.546 -20.995 -24.948 77.333
300.800 6.400 -46.635 -21.899 -34.762 96.622
300.800 6.500 -49.431 -13.732 -25.767 93.942
300.800 6.600 -44.27 -8.397 2.728 74.497
300.800 6.700 -43.719 6.483 28.124 64.95
300.800 6.800 -36.527 29.863 43.304 65.447
300.800 6.900 -21.637 58.525 49.459 80.817
300.800 7.000 15.302 90.508 44.698 111.033
300.800 7.100 76.306 95.064 31.52 147.145
300.800 7.200 96.619 55.911 20.232 151.441
300.800 7.300 68.581 46.826 13.809 129.037
300.800 7.400 58.966 57.672 6.653 110.34
300.800 7.500 65.623 65.458 -0.64 101.659
300.800 7.600 84.677 60.064 -7.374 106.299
300.800 7.700 94.764 41.312 -16.023 105.319
300.800 7.800 104.606 18.84 -23.775 108.98
300.800 7.900 98.068 -23.29 -31.646 105.679
300.800 8.000 64.099 -49.566 -40.953 91.016
300.800 8.100 33.109 -57.313 -46.99 81.718
300.800 8.200 4.561 -56.573 -50.349 76.998
300.800 8.300 -19.755 -40.017 -52.288 70.832
300.800 8.400 -21.858 -15.593 -51.905 59.853
300.800 8.500 -11.812 -6.868 -49.762 52.563
300.800 8.600 -5.374 -7.74 -44.62 46.278
300.800 8.700 -2.704 -10.991 -35.955 37.946
300.800 8.800 -3.273 -13.406 -26.307 30.05
300.800 8.900 -6.225 -14.295 -14.958 22.569
300.800 9.000 -10.303 -12.357 -4.92 18.365
300.800 9.100 -10.397 -8.016 1.713 14.718
300.800 9.200 -8.128 -5.978 5.36 12.614
300.800 9.300 -6.34 -4.047 5.878 10.504
300.800 9.400 -3.981 -2.5 3.879 6.888
300.800 9.500 -2.003 -2.264 1.905 4.183
300.800 9.600 -1.147 -2.302 0.805 3.102
300.800 9.700 -0.698 -2.296 0.734 2.846
300.800 9.800 -1.072 -2.696 1.28 3.506
300.800 9.900 -2.201 -2.555 1.941 4.241
300.800 10.000 -2.646 -1.707 2.192 4.201
300.800 10.100 -2.156 -1.596 1.819 3.556
300.800 10.200 -1.943 -2.007 1.089 3.212
300.800 10.300 -1.559 -2.386 -0.015 2.951
300.800 10.400 -1.419 -2.848 -0.925 3.356
300.800 10.500 -1.665 -2.911 -1.135 3.576
300.800 10.600 -1.95 -2.514 -0.696 3.307
300.800 10.700 -2.052 -1.909 0.142 2.889
300.800 10.800 -1.955 -1.507 1.215 2.874
300.800 10.900 -1.874 -1.734 2.21 3.505
300.800 11.000 -2.428 -2.431 2.672 4.459
300.800 11.100 -3.533 -2.926 2.623 5.373
300.800 11.200 -4.603 -3.099 1.908 5.941
300.800 11.300 -5.919 -3.09 0.537 6.759
300.800 11.400 -6.863 -1.838 -1.007 7.237
300.800 11.500 -6.428 -0.751 -2.501 6.996
300.800 11.600 -6.014 0.021 -3.941 7.245
300.800 11.700 -5.151 1.067 -4.903 7.245
300.800 11.800 -3.945 1.843 -5.657 7.194
300.800 11.900 -2.545 2.641 -5.835 6.949
300.800 12.000 -0.458 3.02 -5.412 6.273
300.800 12.100 1.396 1.946 -4.69 5.316
300.800 12.200 1.831 0.756 -3.371 3.95
300.800 12.300 2.146 -0.792 -1.97 3.041
300.800 12.400 1.002 -2.624 -0.802 2.924
300.800 12.500 -0.814 -3.034 0.119 3.15
300.800 12.600 -2.325 -2.825 0.726 3.746
300.800 12.700 -3.774 -2.377 1.07 4.611
300.800 12.800 -5.003 -1.675 1.349 5.476
300.800 12.900 -6.09 -1.274 1.629 6.462
300.800 13.000 -7.516 -0.63 2.021 7.841
300.800 13.100 -8.138 0.157 3.168 8.77
300.800 13.200 -9.055 0.451 4.732 10.262
300.800 13.300 -9.548 1.442 6.185 11.504
300.800 13.400 -9.909 1.091 7.751 12.663
300.800 13.500 -10.827 1.53 8.978 14.183
300.800 13.600 -9.817 1.046 8.83 13.278
300.800 13.700 -10.713 -0.03 8.296 13.579
300.800 13.800 -10.202 0.291 6.652 12.21
300.800 13.900 -10.226 -0.417 4.42 11.173
300.800 14.000 -10.325 1.119 3.138 10.874
300.800 14.100 -8.875 2.057 3.043 9.631
300.800 14.200 -7.877 3.766 3.767 9.537
300.800 14.300 -4.687 5.647 5.482 9.192
300.800 14.400 -1.004 6.079 7.011 9.366
300.800 14.500 2.943 6.041 6.707 9.525
300.800 14.600 7.542 3.759 4.801 9.722
300.800 14.700 8.57 -1.842 2.59 9.154
300.800 14.800 4.895 -4.37 0.509 6.588
300.800 14.900 1.84 -3.242 -1.061 3.878
300.800 15.000 0.007 -1.398 -1.254 1.878
300.900 0.000 3.565 1.432 -3.079 4.956
300.900 0.100 4.641 -0.905 -3.147 5.705
300.900 0.200 2.521 -3.362 -2.263 4.789
300.900 0.300 -0.722 -2.078 -1.093 2.468
300.900 0.400 -0.658 1.956 -0.872 2.267
300.900 0.500 3.172 3.945 -1.796 5.394
300.900 0.600 6.179 1.914 -3.067 7.178
300.900 0.700 5.437 -0.045 -4.254 6.919
300.900 0.800 4.533 -0.514 -5.209 6.938
300.900 0.900 3.656 -0.9 -5.361 6.563
300.900 1.000 2.901 -0.972 -5.441 6.253
300.900 1.100 1.936 -1.435 -5.593 6.099
300.900 1.200 0.103 -1.48 -5.822 6.016
300.900 1.300 -1.113 -0.066 -6.491 6.599
300.900 1.400 -0.139 1.217 -7.06 7.182
300.900 1.500 1.081 1.89 -7.553 7.881
300.900 1.600 3.123 2.764 -7.567 8.664
300.900 1.700 6.108 2.363 -7.074 9.668
300.900 1.800 7.482 0.268 -6.413 9.882
300.900 1.900 7.168 -0.632 -5.7 9.204
300.900 2.000 7.208 -1.375 -5.121 8.973
300.900 2.100 6.539 -1.944 -4.946 8.451
300.900 2.200 6.355 -2.759 -4.645 8.364
300.900 2.300 4.301 -4.656 -4.053 7.535
300.900 2.400 0.906 -5.167 -3.143 6.117
300.900 2.500 -1.976 -5.075 -1.868 5.76
300.900 2.600 -5.121 -4.866 -0.341 7.086
300.900 2.700 -7.766 -2.489 0.82 8.224
300.900 2.800 -7.088 -0.271 0.864 7.2
300.900 2.900 -6.26 0.48 0.34 6.388
300.900 3.000 -4.245 1.751 0.125 4.765
300.900 3.100 -1.322 1.597 0.022 2.328
300.900 3.200 0.484 0.924 -0.647 1.458
300.900 3.300 1.787 1.102 -1.736 2.887
300.900 3.400 3.479 1.316 -2.419 4.597
300.900 3.500 4.96 1.505 -1.981 5.752
300.900 3.600 7.229 0.459 -0.431 7.507
300.900 3.700 7.081 -2.833 0.818 7.882
300.900 3.800 5.045 -5.26 2.162 7.76
300.900 3.900 2.176 -8.625 3.295 9.573
300.900 4.000 -3.55 -11.68 3.053 12.774
300.900 4.100 -10.342 -12.18 2.478 16.572
300.900 4.200 -16.227 -12.348 1.281 20.606
300.900 4.300 -24.679 -9.945 -0.387 26.623
300.900 4.400 -25.507 -2.325 -1.175 25.814
300.900 4.500 -21.293 -0.576 -1.2 21.798
300.900 4.600 -18.794 1.116 -1.003 19.418
300.900 4.700 -14.718 1.406 -0.196 15.298
300.900 4.800 -12.141 0.267 1.272 12.588
300.900 4.900 -9.528 -0.776 3.276 10.458
300.900 5.000 -7.794 -2.966 5.828 10.465
300.900 5.100 -7.363 -5.138 8.333 12.537
300.900 5.200 -8.044 -7.47 10.736 15.688
300.900 5.300 -9.974 -9.494 12.87 19.205
300.900 5.400 -13.645 -11.228 14.669 23.471
300.900 5.500 -18.261 -9.52 16.359 27.026
300.900 5.600 -17.416 -6.44 15.909 25.251
300.900 5.700 -15.906 -6 14.134 23.458
300.900 5.800 -12.269 -4.49 10.134 18.423
300.900 5.900 -5.623 -7.804 3.567 13.882
300.900 6.000 -3.993 -16.462 -3.471 22.356
300.900 6.100 -10.609 -21.726 -10.891 37.175
300.900 6.200 -15.533 -16.27 -19.584 57.922
300.900 6.300 -5.756 -7.592 -30.336 86.705
300.900 6.400 12.972 -15.826 -42.17 117.809
300.900 6.500 6.209 -41.833 -30.011 118.961
300.900 6.600 -29.538 -45.22 8.408 97.603
300.900 6.700 -55.008 -17.896 42.794 86.986
300.900 6.800 -55.178 16.083 64.687 88.536
300.900 6.900 -44.308 51.879 79.376 105.924
300.900 7.000 -12.057 89.353 89.803 134.892
300.900 7.100 38.646 99.194 97.512 161.583
300.900 7.200 61.31 74.186 85.423 159.553
300.900 7.300 51.011 66.028 54.023 134.609
300.900 7.400 49.729 71.542 29.126 112.737
300.900 7.500 58.827 75.254 12.961 102.537
300.900 7.600 75.765 69.34 0.741 104.541
300.900 7.700 89.096 52.855 -11.998 104.967
300.900 7.800 102.552 28.817 -25.835 109.69
300.900 7.900 99.788 -12.896 -38.066 107.668
300.900 8.000 73.259 -41.066 -47.569 97.064
300.900 8.100 47.263 -52.963 -53.892 90.032
300.900 8.200 21.352 -54.545 -55.671 82.091
300.900 8.300 0.775 -39.266 -55.935 70.952
300.900 8.400 -0.378 -17.021 -55.317 60.334
300.900 8.500 10.768 -9.514 -54.135 57.773
300.900 8.600 16.29 -15.613 -49.143 56.894
300.900 8.700 13.111 -21.366 -38.66 47
300.900 8.800 7.409 -24.159 -27.246 37.356
300.900 8.900 -1.672 -24.845 -16.884 30.266
300.900 9.000 -11.171 -20.355 -8.003 25.163
300.900 9.100 -14.626 -13.222 -1.887 20.753
300.900 9.200 -15.408 -9.057 2.392 18.929
300.900 9.300 -14.336 -3.371 4.241 16.15
300.900 9.400 -8.901 -0.458 3.052 10.171
300.900 9.500 -5.045 -0.969 1.781 6.082
300.900 9.600 -3.429 -1.891 1.182 4.607
300.900 9.700 -3.078 -2.53 1.224 4.606
300.900 9.800 -3.467 -2.935 1.228 5.078
300.900 9.900 -4.613 -2.801 1.182 5.862
300.900 10.000 -4.941 -1.281 0.911 5.525
300.900 10.100 -3.573 -0.743 -0.114 3.926
300.900 10.200 -2.673 -1.218 -1.058 3.273
300.900 10.300 -1.732 -1.777 -1.376 2.9
300.900 10.400 -1.26 -2.674 -1.302 3.258
300.900 10.500 -1.608 -3.327 -0.865 3.834
300.900 10.600 -2.434 -3.341 -0.003 4.206
300.900 10.700 -3.117 -2.774 0.895 4.375
300.900 10.800 -3.53 -2.399 1.583 4.673
300.900 10.900 -4.078 -2.227 2.109 5.224
300.900 11.000 -4.564 -2.331 1.973 5.597
300.900 11.100 -5.592 -2.464 1.514 6.386
300.900 11.200 -6.128 -1.916 0.574 6.528
300.900 11.300 -6.431 -1.727 -0.726 6.768
300.900 11.400 -6.596 -0.525 -1.863 6.946
300.900 11.500 -5.285 0.484 -2.908 6.122
300.900 11.600 -4.122 0.877 -3.627 5.624
300.900 11.700 -2.957 1.518 -3.891 5.183
300.900 11.800 -1.468 2.05 -3.827 4.651
300.900 11.900 -0.113 2.295 -3.552 4.299
300.900 12.000 1.455 2.337 -2.997 4.138
300.900 12.100 2.8 1.02 -2.166 3.739
300.900 12.200 2.893 -0.339 -1.242 3.204
300.900 12.300 2.896 -1.906 -0.255 3.5
300.900 12.400 1.064 -3.709 0.825 3.957
300.900 12.500 -1.345 -3.738 1.71 4.341
300.900 12.600 -2.985 -3.081 2.041 4.774
300.900 12.700 -4.257 -2.415 1.924 5.286
300.900 12.800 -5.208 -1.671 1.701 5.759
300.900 12.900 -5.849 -1.238 1.436 6.181
300.900 13.000 -6.764 -0.959 1.291 6.984
300.900 13.100 -7.828 -0.795 1.467 8.035
300.900 13.200 -9.819 -0.54 1.77 10.022
300.900 13.300 -10.81 0.875 1.857 11.036
300.900 13.400 -11.13 0.649 1.449 11.273
300.900 13.500 -12.202 1.397 0.95 12.348
300.900 13.600 -10.934 1.462 0.972 11.103
300.900 13.700 -11.071 0.857 0.354 11.136
300.900 13.800 -10.064 1.47 -0.106 10.197
300.900 13.900 -9.018 0.844 -0.56 9.098
300.900 14.000 -8.617 1.116 -0.718 8.742
300.900 14.100 -8.01 1.218 0.178 8.127
300.900 14.200 -7.766 2.111 1.872 8.288
300.900 14.300 -6.346 3.367 4.235 8.368
300.900 14.400 -4.655 4.725 6.673 9.439
300.900 14.500 -0.525 6.733 7.759 10.318
300.900 14.600 6.016 5.485 7.41 11.036
300.900 14.700 8.325 -0.241 6.23 10.419
300.900 14.800 4.807 -2.735 4.625 7.222
300.900 14.900 2.273 -2.088 3.006 4.318
300.900 15.000 0.468 -0.975 1.587 1.93
301.000 0.000 4.742 1.933 -3.21 6.081
301.000 0.100 5.897 -1.369 -3.451 6.997
301.000 0.200 2.891 -4.882 -2.188 6.099
301.000 0.300 -1.856 -3.312 -0.146 3.81
301.000 0.400 -2.202 2.197 0.621 3.189
301.000 0.500 2.231 4.859 -0.023 5.366
301.000 0.600 5.88 3.072 -0.861 6.706
301.000 0.700 6.663 1.221 -1.814 7.026
301.000 0.800 7.26 0.179 -2.598 7.724
301.000 0.900 6.32 -0.831 -2.99 7.052
301.000 1.000 5.535 -0.533 -3.406 6.532
301.000 1.100 4.873 -0.814 -4.261 6.536
301.000 1.200 3.68 -0.308 -5.743 6.841
301.000 1.300 3.457 0.664 -7.146 7.98
301.000 1.400 4.002 1.531 -7.576 8.721
301.000 1.500 5.216 1.926 -7.754 9.562
301.000 1.600 6.588 1.92 -6.984 9.814
301.000 1.700 8.439 1.352 -5.703 10.301
301.000 1.800 9.073 -0.653 -4.515 10.18
301.000 1.900 8.218 -1.41 -3.443 9.046
301.000 2.000 7.848 -1.734 -2.895 8.569
301.000 2.100 7.187 -2.063 -2.726 7.987
301.000 2.200 6.877 -2.918 -2.869 8.028
301.000 2.300 5.098 -4.793 -3.102 7.668
301.000 2.400 2.194 -5.543 -3.332 6.833
301.000 2.500 -0.693 -5.851 -3.375 6.79
301.000 2.600 -4.364 -5.66 -3.323 7.884
301.000 2.700 -7.344 -2.943 -3.255 8.569
301.000 2.800 -6.35 -0.266 -2.686 6.932
301.000 2.900 -4.882 0.504 -2.171 5.435
301.000 3.000 -3.452 1.222 -1.511 4.079
301.000 3.100 -1.9 1.3 -0.705 2.578
301.000 3.200 -0.674 1.281 -0.289 1.713
301.000 3.300 0.697 1.464 -0.123 1.897
301.000 3.400 2.134 1.341 0.068 2.778
301.000 3.500 3.016 0.804 0.002 3.358
301.000 3.600 3.694 -0.628 0.274 3.966
301.000 3.700 3.31 -3.306 0.47 4.842
301.000 3.800 1.327 -6.011 0.494 6.247
301.000 3.900 -1.464 -8.21 0.154 8.382
301.000 4.000 -5.096 -10.24 -1.238 11.642
301.000 4.100 -9.714 -10.366 -3.41 14.899
301.000 4.200 -13.369 -9.598 -6.28 17.806
301.000 4.300 -17.596 -7.48 -9.759 21.557
301.000 4.400 -18.395 -3 -10.848 21.617
301.000 4.500 -17.411 -1.679 -9.776 20.133
301.000 4.600 -16.378 0.169 -8.535 18.747
301.000 4.700 -12.756 -0.076 -6.859 14.917
301.000 4.800 -11.282 -1.885 -4.747 12.656
301.000 4.900 -10.184 -3.645 -1.769 11.41
301.000 5.000 -10.69 -5.927 1.694 12.729
301.000 5.100 -11.678 -7.362 4.212 15.081
301.000 5.200 -13.676 -9.666 6.073 18.813
301.000 5.300 -16.825 -10.541 7.335 22.245
301.000 5.400 -19.926 -11.733 6.99 25.191
301.000 5.500 -24.66 -9.867 6.505 28.623
301.000 5.600 -23.882 -6.041 7.006 26.995
301.000 5.700 -22.042 -4.148 7.11 25.317
301.000 5.800 -16.58 -0.038 4.881 19.721
301.000 5.900 -6.462 -1.96 0.411 11.545
301.000 6.000 -0.96 -10.331 -4.587 17.657
301.000 6.100 -2.511 -15.528 -9.244 30.865
301.000 6.200 -1.644 -11.109 -11.69 54.292
301.000 6.300 16.528 -2.81 -8.797 91.95
301.000 6.400 51.429 -17.306 0.362 134.699
301.000 6.500 40.567 -66.176 13.686 143.244
301.000 6.600 -23.031 -76.95 31.169 123.476
301.000 6.700 -68.378 -46.014 55.541 114.859
301.000 6.800 -81.496 -7.469 85.891 123.269
301.000 6.900 -82.96 36.32 111.156 148.638
301.000 7.000 -62.53 81.072 121.026 165.455
301.000 7.100 -31.971 100.398 119.16 167.734
301.000 7.200 -5.103 102.987 100.589 156.385
301.000 7.300 19.002 99.169 67.707 135.014
301.000 7.400 37.547 93.828 39.483 116.161
301.000 7.500 52.805 90.798 19.779 108.978
301.000 7.600 72.979 83.448 3.551 112.523
301.000 7.700 89.148 67.211 -12.413 114.12
301.000 7.800 107.944 43.212 -27.503 121.893
301.000 7.900 110.79 -0.974 -41.706 120.952
301.000 8.000 89.557 -31.716 -54.686 111.351
301.000 8.100 68.756 -50.706 -60.781 105.988
301.000 8.200 40.881 -57.461 -56.784 92.68
301.000 8.300 18.844 -41.251 -51.046 76.533
301.000 8.400 20.147 -16.63 -49.718 67.485
301.000 8.500 36.759 -10.053 -52.19 69.714
301.000 8.600 42.185 -24.263 -48.646 71.312
301.000 8.700 30.304 -33.728 -36.118 58.509
301.000 8.800 16.883 -34.342 -24.834 46.689
301.000 8.900 2.8 -32.855 -17.461 37.889
301.000 9.000 -11.023 -26.514 -12.618 31.393
301.000 9.100 -16.473 -17.454 -8.486 25.939
301.000 9.200 -18.774 -12.263 -4.953 23.531
301.000 9.300 -18.658 -4.297 -2.517 19.897
301.000 9.400 -12.193 -0.194 -0.863 12.796
301.000 9.500 -7.656 -0.568 -0.248 8.182
301.000 9.600 -5.658 -1.689 -0.437 6.365
301.000 9.700 -5.545 -2.551 -0.662 6.532
301.000 9.800 -5.517 -2.567 -0.988 6.501
301.000 9.900 -6.027 -2.558 -1.509 7
301.000 10.000 -5.919 -0.667 -1.899 6.538
301.000 10.100 -3.223 0.181 -2.253 4.169
301.000 10.200 -1.243 -0.844 -2.622 3.096
301.000 10.300 -0.662 -2.096 -2.306 3.199
301.000 10.400 -0.779 -3.142 -1.698 3.671
301.000 10.500 -1.67 -4.103 -1 4.586
301.000 10.600 -3.384 -4.297 -0.141 5.556
301.000 10.700 -4.722 -3.351 0.523 5.925
301.000 10.800 -5.22 -2.757 0.734 6.062
301.000 10.900 -6.036 -2.172 0.613 6.556
301.000 11.000 -6.049 -1.695 0.008 6.385
301.000 11.100 -6.61 -1.678 -0.975 6.977
301.000 11.200 -6.549 -0.829 -1.903 6.954
301.000 11.300 -5.995 -0.688 -2.76 6.708
301.000 11.400 -5.635 0.16 -3.375 6.642
301.000 11.500 -4.115 0.872 -3.378 5.469
301.000 11.600 -2.837 0.947 -3.163 4.422
301.000 11.700 -1.892 1.213 -2.67 3.563
301.000 11.800 -0.836 1.605 -1.996 2.777
301.000 11.900 0.327 1.877 -1.403 2.459
301.000 12.000 1.916 1.774 -0.921 2.853
301.000 12.100 3.043 0.121 -0.258 3.112
301.000 12.200 2.436 -1.481 0.9 3.024
301.000 12.300 1.654 -2.889 2.096 3.96
301.000 12.400 -0.614 -4.432 2.672 5.231
301.000 12.500 -3.54 -4.211 3.069 6.324
301.000 12.600 -5.149 -2.837 2.965 6.616
301.000 12.700 -5.813 -2.031 2.326 6.616
301.000 12.800 -6.369 -1.281 1.844 6.788
301.000 12.900 -6.398 -0.841 1.336 6.623
301.000 13.000 -6.827 -0.707 0.899 6.955
301.000 13.100 -7.487 -0.49 0.318 7.54
301.000 13.200 -8.672 -0.038 -0.611 8.722
301.000 13.300 -8.999 1.354 -1.5 9.254
301.000 13.400 -8.306 1.635 -2.437 8.839
301.000 13.500 -8.033 1.638 -3.283 8.859
301.000 13.600 -7.565 1.431 -3.254 8.384
301.000 13.700 -7.542 1.271 -3.312 8.359
301.000 13.800 -6.951 1.525 -3.46 7.936
301.000 13.900 -6.511 0.987 -3.566 7.51
301.000 14.000 -6.369 0.679 -3.423 7.282
301.000 14.100 -6.474 -0.111 -2.594 6.993
301.000 14.200 -7.409 -0.078 -0.798 7.471
301.000 14.300 -7.44 0.535 2.231 7.807
301.000 14.400 -7.481 2.299 5.593 9.644
301.000 14.500 -4.587 5.342 8.299 10.912
301.000 14.600 0.644 5.053 10.299 11.517
301.000 14.700 2.878 1.287 10.267 10.762
301.000 14.800 1.105 -0.691 7.951 8.075
301.000 14.900 -0.477 -0.208 5.635 5.677
301.000 15.000 -0.938 0.684 3.418 3.63
301.100 0.000 6.532 2.83 -2.964 7.753
301.100 0.100 8.797 -1.661 -3.457 9.629
301.100 0.200 4.184 -6.945 -2.41 8.483
301.100 0.300 -3.504 -5.133 -0.697 6.272
301.100 0.400 -4.571 2.223 0.266 5.107
301.100 0.500 1.183 5.493 0.348 5.647
301.100 0.600 5.587 3.504 0.238 6.612
301.100 0.700 6.332 1.422 0.438 6.514
301.100 0.800 6.662 0.438 0.682 6.721
301.100 0.900 6.119 -0.244 0.27 6.14
301.100 1.000 5.768 0.207 -0.539 5.81
301.100 1.100 5.806 0.517 -1.581 6.054
301.100 1.200 6.292 1.397 -2.957 7.109
301.100 1.300 7.492 1.586 -4.172 8.739
301.100 1.400 8.053 1.917 -4.83 9.605
301.100 1.500 9.84 1.726 -5.007 11.197
301.100 1.600 10.165 0.465 -4.032 10.969
301.100 1.700 10.755 0.064 -2.476 11.062
301.100 1.800 10.544 -1.95 -1.175 10.813
301.100 1.900 8.546 -2.24 -0.214 8.866
301.100 2.000 7.851 -1.925 0.191 8.119
301.100 2.100 7.211 -1.737 -0.18 7.453
301.100 2.200 7.438 -2.318 -0.964 7.883
301.100 2.300 5.981 -4.213 -1.944 7.59
301.100 2.400 3.467 -4.934 -3.029 6.756
301.100 2.500 1.084 -5.415 -3.965 6.8
301.100 2.600 -1.817 -5.186 -4.714 7.241
301.100 2.700 -3.982 -3.199 -5.027 7.174
301.100 2.800 -4.015 -1.182 -4.393 6.089
301.100 2.900 -3.524 -0.299 -3.435 4.974
301.100 3.000 -2.877 0.323 -2.495 3.894
301.100 3.100 -2.27 0.54 -1.604 2.929
301.100 3.200 -1.762 0.866 -0.995 2.338
301.100 3.300 -1.22 1.02 -0.571 1.868
301.100 3.400 -0.662 1.449 -0.405 1.875
301.100 3.500 1.011 1.387 -1.151 2.248
301.100 3.600 2.38 -0.382 -2.043 3.242
301.100 3.700 2.386 -3.019 -2.588 4.67
301.100 3.800 0.962 -5.525 -3.226 6.478
301.100 3.900 -1.263 -7.333 -4.091 8.495
301.100 4.000 -4.23 -8.666 -5.145 10.975
301.100 4.100 -7.665 -7.929 -6.94 13.161
301.100 4.200 -8.97 -6.259 -9.718 14.801
301.100 4.300 -10.088 -4.829 -12.605 17.112
301.100 4.400 -10.072 -2.61 -14.329 17.836
301.100 4.500 -9.349 -1.918 -15.137 17.897
301.100 4.600 -8.676 -1.486 -14.677 17.223
301.100 4.700 -7.275 -2.365 -12.342 14.69
301.100 4.800 -7.125 -4.387 -9.967 13.059
301.100 4.900 -8.363 -6.836 -7.481 13.48
301.100 5.000 -11.754 -8.722 -5.193 15.933
301.100 5.100 -13.948 -8.956 -3.466 17.755
301.100 5.200 -16.348 -10.834 -2.469 21.384
301.100 5.300 -19.889 -10.64 -2.315 24.694
301.100 5.400 -22.071 -11.223 -2.435 26.362
301.100 5.500 -26.182 -9.828 -2.497 29.232
301.100 5.600 -26.554 -6.93 -2.52 28.833
301.100 5.700 -27.491 -4.523 -1.417 29.296
301.100 5.800 -21.139 2.878 -1.587 23.465
301.100 5.900 -6.134 1.905 -3.595 12.423
301.100 6.000 3.317 -7.086 -5.212 16.059
301.100 6.100 5.048 -13.362 -6.372 26.844
301.100 6.200 7.851 -15.209 -4.082 48.038
301.100 6.300 16.067 -18.507 10.452 81.262
301.100 6.400 26.731 -36.797 34.816 115.887
301.100 6.500 10.665 -73.709 48.374 132.257
301.100 6.600 -37.343 -89.441 52.706 137.28
301.100 6.700 -84.221 -74.219 71.801 151.28
301.100 6.800 -120.508 -41.923 107.773 176.679
301.100 6.900 -145.288 18.421 138.742 210.595
301.100 7.000 -126.129 87.41 138.159 211.899
301.100 7.100 -86.776 118.282 113.899 187.737
301.100 7.200 -46.97 129.856 87.111 164.297
301.100 7.300 -4.922 126.598 63.419 142.316
301.100 7.400 25.641 115.456 42.445 127.27
301.100 7.500 46.367 108.291 23.748 122.751
301.100 7.600 68.569 100.926 5.029 125.037
301.100 7.700 89.499 85.859 -16.427 130.806
301.100 7.800 111.684 59.041 -37.811 142.107
301.100 7.900 119.356 12.866 -53.753 142.313
301.100 8.000 108.651 -23.68 -61.161 132.416
301.100 8.100 93.599 -53.222 -59.191 124.849
301.100 8.200 60.496 -66.031 -50.188 104.137
301.100 8.300 35.306 -47.605 -39.901 85.693
301.100 8.400 39.63 -17.113 -32.152 80.118
301.100 8.500 69.731 -7.089 -31.797 90.576
301.100 8.600 78.041 -33.985 -29.585 92.729
301.100 8.700 48.43 -45.832 -19.375 69.895
301.100 8.800 25.808 -40.606 -13.99 53.644
301.100 8.900 9.17 -35.384 -13.538 41.229
301.100 9.000 -3.547 -28.313 -14.737 32.299
301.100 9.100 -10.683 -21.224 -13.264 27.355
301.100 9.200 -15.844 -15.363 -9.687 24.419
301.100 9.300 -17.242 -6.72 -6.836 20.114
301.100 9.400 -12.959 -1.879 -4.903 14.403
301.100 9.500 -9.548 -0.997 -3.635 10.676
301.100 9.600 -6.641 -1.221 -3.608 8.064
301.100 9.700 -5.37 -2.226 -4.053 7.405
301.100 9.800 -4.783 -2.403 -3.994 6.931
301.100 9.900 -4.483 -2.237 -3.794 6.501
301.100 10.000 -3.86 -0.845 -3.518 5.512
301.100 10.100 -1.659 0.037 -2.818 3.451
301.100 10.200 0.36 -1.019 -2.341 2.601
301.100 10.300 0.362 -2.62 -2.013 3.331
301.100 10.400 -0.383 -3.682 -1.663 4.105
301.100 10.500 -1.742 -4.752 -1.214 5.285
301.100 10.600 -3.931 -4.905 -0.704 6.424
301.100 10.700 -5.539 -3.621 -0.409 6.742
301.100 10.800 -6.005 -2.61 -0.492 6.676
301.100 10.900 -6.435 -1.652 -0.958 6.826
301.100 11.000 -5.951 -0.775 -1.787 6.37
301.100 11.100 -5.507 -0.636 -2.843 6.321
301.100 11.200 -4.975 -0.24 -3.546 6.197
301.100 11.300 -4.239 -0.172 -3.852 5.804
301.100 11.400 -3.665 0.09 -3.819 5.362
301.100 11.500 -2.775 0.379 -3.218 4.333
301.100 11.600 -1.967 0.32 -2.387 3.173
301.100 11.700 -1.586 0.373 -1.408 2.221
301.100 11.800 -1.113 0.803 -0.38 1.522
301.100 11.900 -0.316 1.221 0.484 1.476
301.100 12.000 1.033 1.15 1.27 2.106
301.100 12.100 1.86 -0.584 1.92 2.797
301.100 12.200 0.535 -2.386 2.247 3.351
301.100 12.300 -1.27 -3.465 2.575 4.524
301.100 12.400 -3.473 -4.472 2.431 6.185
301.100 12.500 -6.627 -4.298 2.159 8.215
301.100 12.600 -7.967 -2.163 1.734 8.471
301.100 12.700 -7.494 -1.405 1.067 7.734
301.100 12.800 -7.61 -0.89 0.641 7.724
301.100 12.900 -7.335 -0.57 0.534 7.411
301.100 13.000 -7.652 -0.295 0.435 7.704
301.100 13.100 -7.657 0.413 -0.27 7.707
301.100 13.200 -7.738 0.997 -1.32 7.945
301.100 13.300 -7.189 2.288 -2.332 7.931
301.100 13.400 -5.589 2.632 -3.334 7.054
301.100 13.500 -4.531 2.028 -4.033 6.425
301.100 13.600 -4.296 1.431 -4.256 6.24
301.100 13.700 -4.395 1.458 -4.468 6.459
301.100 13.800 -3.757 1.809 -4.77 6.361
301.100 13.900 -2.937 1.329 -5.364 6.28
301.100 14.000 -2.669 0.294 -5.574 6.203
301.100 14.100 -3.128 -1.117 -4.955 5.977
301.100 14.200 -4.624 -2.492 -3.502 6.322
301.100 14.300 -7.374 -3.327 -0.078 8.102
301.100 14.400 -10.717 -1.209 4.231 11.604
301.100 14.500 -9.645 2.952 7.326 12.491
301.100 14.600 -6.324 3.546 9.4 11.897
301.100 14.700 -4.484 2.59 9.78 11.09
301.100 14.800 -3.813 1.707 7.924 8.979
301.100 14.900 -3.806 2.015 5.626 7.106
301.100 15.000 -2.743 2.657 3.546 5.235
301.200 0.000 7.685 3.417 -2.019 8.699
301.200 0.100 10.121 -1.828 -2.187 10.555
301.200 0.200 5.266 -7.859 -1.874 9.677
301.200 0.300 -2.647 -6.079 -1.203 6.767
301.200 0.400 -4.303 1.315 -0.303 4.53
301.200 0.500 0.462 4.931 0.714 5.018
301.200 0.600 4.408 3.195 1.472 5.648
301.200 0.700 4.945 1.064 1.884 5.403
301.200 0.800 4.85 0.306 2.271 5.369
301.200 0.900 4.593 0.235 2.371 5.183
301.200 1.000 4.985 0.991 2.052 5.494
301.200 1.100 5.615 1.511 1.354 5.988
301.200 1.200 6.52 2.448 0.419 6.998
301.200 1.300 8.094 2.41 -0.416 8.478
301.200 1.400 9.18 2.22 -0.875 9.509
301.200 1.500 10.876 1.241 -0.585 10.988
301.200 1.600 10.579 -0.784 0.18 10.634
301.200 1.700 9.771 -1.465 1.472 10.017
301.200 1.800 8.676 -2.736 2.484 9.459
301.200 1.900 6.574 -2.723 2.809 7.682
301.200 2.000 5.548 -1.716 2.808 6.49
301.200 2.100 5.576 -0.896 2.048 6.052
301.200 2.200 6.276 -1.248 0.963 6.513
301.200 2.300 5.786 -2.654 -0.612 6.425
301.200 2.400 4.591 -3.457 -2.528 6.297
301.200 2.500 3.022 -4.414 -4.022 6.7
301.200 2.600 0.557 -4.549 -4.899 6.71
301.200 2.700 -1.419 -3.264 -5.315 6.401
301.200 2.800 -2.017 -1.944 -5.005 5.75
301.200 2.900 -2.331 -1.174 -4.263 5.021
301.200 3.000 -2.394 -0.547 -3.535 4.341
301.200 3.100 -2.583 -0.201 -2.822 3.884
301.200 3.200 -2.508 0.658 -2.488 3.675
301.200 3.300 -1.912 1.068 -2.857 3.688
301.200 3.400 -1.309 1.853 -3.384 4.18
301.200 3.500 1.273 2.279 -3.832 4.755
301.200 3.600 3.887 0.388 -4.522 6.064
301.200 3.700 4.311 -2.578 -4.98 7.124
301.200 3.800 3.264 -4.689 -5.5 7.955
301.200 3.900 1.591 -6.363 -6.453 9.208
301.200 4.000 -1.189 -7.128 -7.861 10.683
301.200 4.100 -3.758 -5.774 -9.903 12.102
301.200 4.200 -3.889 -3.762 -11.801 13.058
301.200 4.300 -3.374 -2.642 -13.833 14.656
301.200 4.400 -2.475 -1.543 -15.211 15.619
301.200 4.500 -0.839 -1.379 -15.824 15.928
301.200 4.600 0.037 -2.828 -15.626 15.903
301.200 4.700 -0.843 -4.524 -14.247 14.986
301.200 4.800 -2.195 -6.248 -12.823 14.491
301.200 4.900 -4.393 -8.402 -11.743 15.332
301.200 5.000 -7.877 -9.812 -11.211 17.188
301.200 5.100 -10.851 -10.203 -10.58 19.018
301.200 5.200 -14.323 -11.108 -9.988 22.485
301.200 5.300 -17.7 -9.9 -10.754 25.458
301.200 5.400 -19.817 -10.105 -13.232 27.538
301.200 5.500 -24.048 -8.962 -15.832 30.869
301.200 5.600 -23.409 -6.652 -16.882 30.477
301.200 5.700 -24.219 -5.427 -17.173 31.174
301.200 5.800 -18.368 1.292 -14.381 25.124
301.200 5.900 -3.949 -0.076 -8.453 13.697
301.200 6.000 5.425 -8.425 -3.079 16.527
301.200 6.100 10.186 -14.346 0.808 28.419
301.200 6.200 15.814 -22.698 5.504 47.979
301.200 6.300 10.348 -37.767 16.323 71.403
301.200 6.400 -3.328 -55.529 30.327 93.313
301.200 6.500 -24.387 -79.286 39.805 114.818
301.200 6.600 -61.47 -100.432 48.318 145.129
301.200 6.700 -115.386 -105.171 69.999 189.394
301.200 6.800 -185.982 -87.21 113.331 243.774
301.200 6.900 -251.538 -0.017 156.496 298.826
301.200 7.000 -215.534 115.948 142.762 283.751
301.200 7.100 -132.35 152.252 100.456 228.966
301.200 7.200 -69.173 152.96 72.57 190.163
301.200 7.300 -18.204 144.685 56.583 164.65
301.200 7.400 18.163 132.031 43.38 148.971
301.200 7.500 42.292 126.49 27.97 140.381
301.200 7.600 70.118 123.655 5.8 146.721
301.200 7.700 99.9 112.127 -22.941 161.419
301.200 7.800 134.835 82.699 -53.744 185.218
301.200 7.900 149.025 23.041 -73.735 188.278
301.200 8.000 132.902 -26.605 -75.418 168.837
301.200 8.100 110.1 -65.205 -62.545 153.009
301.200 8.200 73.182 -82.18 -39.561 124.345
301.200 8.300 45.498 -63.423 -14.314 103.777
301.200 8.400 43.255 -29.504 7.942 94.559
301.200 8.500 69.944 -11.473 24.477 101.307
301.200 8.600 78.391 -35.174 26.488 96.154
301.200 8.700 46.392 -44.704 14.57 66.209
301.200 8.800 24.423 -37.209 3.69 46.86
301.200 8.900 11.821 -30.927 -4.784 35.199
301.200 9.000 3.59 -25.888 -10.868 28.504
301.200 9.100 -3.71 -22.766 -13.107 26.627
301.200 9.200 -12.304 -18.045 -12.512 25.357
301.200 9.300 -15.696 -8.525 -11.008 21.228
301.200 9.400 -11.346 -3.228 -9.442 15.564
301.200 9.500 -8.098 -1.919 -8.168 12.242
301.200 9.600 -4.947 -1.522 -6.84 9.087
301.200 9.700 -2.848 -2.442 -5.911 7.268
301.200 9.800 -2.378 -3.175 -4.892 6.468
301.200 9.900 -2.572 -2.85 -3.709 5.514
301.200 10.000 -2.276 -1.627 -2.739 4.089
301.200 10.100 -1.024 -0.757 -1.878 2.391
301.200 10.200 0.27 -1.354 -1.328 1.916
301.200 10.300 0.353 -2.626 -1.376 3.032
301.200 10.400 -0.239 -3.797 -1.617 4.251
301.200 10.500 -1.805 -5.127 -1.589 5.806
301.200 10.600 -4.572 -5.315 -1.281 7.264
301.200 10.700 -6.484 -3.531 -1.228 7.61
301.200 10.800 -6.628 -2.211 -1.728 7.31
301.200 10.900 -6.846 -1.009 -2.286 7.41
301.200 11.000 -5.575 0.199 -3.069 6.492
301.200 11.100 -4.265 0.131 -3.814 5.825
301.200 11.200 -3.407 0.032 -4.131 5.439
301.200 11.300 -2.679 -0.224 -4.02 4.905
301.200 11.400 -2.303 -0.437 -3.544 4.306
301.200 11.500 -2.056 -0.549 -2.627 3.431
301.200 11.600 -1.973 -0.712 -1.479 2.611
301.200 11.700 -2.277 -0.755 -0.312 2.469
301.200 11.800 -2.63 -0.25 0.926 2.871
301.200 11.900 -2.334 0.532 1.755 3.058
301.200 12.000 -1.488 0.488 2.207 2.794
301.200 12.100 -1.106 -0.678 2.389 2.78
301.200 12.200 -1.829 -2.166 1.887 3.438
301.200 12.300 -3.355 -3.17 1.212 4.796
301.200 12.400 -4.997 -3.833 0.465 6.337
301.200 12.500 -7.337 -3.686 -0.453 8.249
301.200 12.600 -8.346 -1.85 -0.929 8.631
301.200 12.700 -7.891 -1.163 -0.854 8.055
301.200 12.800 -7.932 -0.773 -0.832 8.046
301.200 12.900 -7.964 -0.583 -0.939 8.073
301.200 13.000 -8.667 -0.031 -1.125 8.774
301.200 13.100 -8.129 1.225 -1.517 8.395
301.200 13.200 -7.315 1.86 -2.115 7.874
301.200 13.300 -6.076 3.114 -2.755 7.4
301.200 13.400 -3.739 3.385 -3.395 6.119
301.200 13.500 -2.111 2.321 -3.794 4.957
301.200 13.600 -1.725 1.538 -3.738 4.423
301.200 13.700 -1.421 1.678 -3.781 4.402
301.200 13.800 -0.607 2.164 -3.883 4.516
301.200 13.900 1.081 2.064 -4.421 5.024
301.200 14.000 1.815 0.179 -4.965 5.306
301.200 14.100 0.829 -1.637 -4.99 5.326
301.200 14.200 -0.965 -4.276 -4.505 6.289
301.200 14.300 -6.069 -6.679 -2.732 9.434
301.200 14.400 -12.549 -4.637 -0.203 13.392
301.200 14.500 -13.147 0.292 2.974 13.502
301.200 14.600 -11.093 1.792 5.963 12.742
301.200 14.700 -9.629 3.093 7.069 12.362
301.200 14.800 -7.57 3.59 6.111 10.393
301.200 14.900 -6.102 3.943 4.402 8.518
301.200 15.000 -4.08 4.271 2.759 6.543
301.300 0.000 8.918 4.164 -1.23 9.978
301.300 0.100 12.205 -1.708 -2.052 12.545
301.300 0.200 6.713 -8.754 -1.573 11.187
301.300 0.300 -2.564 -7.082 -0.488 7.584
301.300 0.400 -4.86 0.66 0.161 4.93
301.300 0.500 -0.317 4.217 0.562 4.278
301.300 0.600 3.149 2.491 1.245 4.211
301.300 0.700 3.311 0.325 2.263 4.027
301.300 0.800 2.707 -0.285 3.315 4.291
301.300 0.900 2.164 -0.026 3.993 4.547
301.300 1.000 2.241 1.051 4.528 5.173
301.300 1.100 3.181 2.409 4.308 5.891
301.300 1.200 5.279 3.567 3.182 7.144
301.300 1.300 7.717 3.048 2.294 8.633
301.300 1.400 8.913 2.316 1.971 9.444
301.300 1.500 10.453 0.814 1.926 10.686
301.300 1.600 9.639 -1.759 2.55 10.149
301.300 1.700 7.862 -2.54 3.448 8.98
301.300 1.800 6.21 -3.181 3.986 8.065
301.300 1.900 4.061 -2.808 4.097 6.45
301.300 2.000 2.986 -1.234 3.814 5.044
301.300 2.100 3.666 0.16 3.007 4.8
301.300 2.200 5.097 0.102 1.81 5.463
301.300 2.300 5.525 -0.87 0.325 5.646
301.300 2.400 5.732 -1.575 -1.424 6.148
301.300 2.500 5.1 -3.136 -3.085 6.756
301.300 2.600 2.86 -3.614 -4.474 6.431
301.300 2.700 1.164 -2.954 -5.472 6.332
301.300 2.800 0.054 -2.347 -5.697 6.171
301.300 2.900 -1.048 -1.714 -5.539 5.907
301.300 3.000 -1.442 -0.978 -5.334 5.635
301.300 3.100 -1.939 -0.617 -5.178 5.594
301.300 3.200 -1.899 0.755 -5.06 5.51
301.300 3.300 -0.3 1.613 -5.113 5.438
301.300 3.400 1.332 2.12 -5.303 5.947
301.300 3.500 3.753 2.384 -5.084 6.857
301.300 3.600 6.615 0.761 -4.958 8.402
301.300 3.700 7.093 -2.305 -5.131 9.127
301.300 3.800 6.073 -3.989 -5.605 9.23
301.300 3.900 4.85 -5.274 -6.399 9.641
301.300 4.000 2.998 -5.294 -7.678 9.815
301.300 4.100 1.959 -3.935 -9.416 10.412
301.300 4.200 1.96 -2.159 -10.854 11.274
301.300 4.300 3.215 -0.952 -12.413 12.92
301.300 4.400 4.313 -0.865 -13.541 14.301
301.300 4.500 5.511 -1.135 -14.029 15.152
301.300 4.600 6.17 -3.252 -14.2 15.841
301.300 4.700 4.825 -5.252 -14.167 15.885
301.300 4.800 3.206 -6.901 -14.171 16.189
301.300 4.900 0.666 -8.795 -14.063 16.815
301.300 5.000 -2.758 -9.744 -14.377 17.899
301.300 5.100 -5.912 -10.115 -15.253 19.96
301.300 5.200 -10.19 -10.449 -16.736 23.782
301.300 5.300 -13.105 -7.431 -18.999 26.526
301.300 5.400 -10.98 -6.098 -22.357 27.229
301.300 5.500 -10.008 -6.611 -25.91 28.912
301.300 5.600 -8.965 -6.598 -26.46 29.102
301.300 5.700 -7.734 -6.48 -25.57 28.103
301.300 5.800 -4.43 -5.591 -20.84 22.972
301.300 5.900 1.587 -8.427 -11.774 15.77
301.300 6.000 5.026 -16.421 -1.643 22.082
301.300 6.100 4.557 -22.513 10.516 36.485
301.300 6.200 5.521 -29.049 20.909 56.988
301.300 6.300 -1.064 -41.779 20.04 72.091
301.300 6.400 -13.757 -59.866 14.28 82.597
301.300 6.500 -34.842 -86.145 15.56 102.572
301.300 6.600 -74.363 -113.101 24.974 144.975
301.300 6.700 -139.125 -130.833 38.08 206.786
301.300 6.800 -249.846 -129.615 55.51 294.736
301.300 6.900 -377.672 -17.513 72.694 388.205
301.300 7.000 -307.221 151.291 66.86 355.37
301.300 7.100 -164.978 179.569 51.44 267.98
301.300 7.200 -82.334 163.38 47.478 215.985
301.300 7.300 -29.336 149.307 53.309 182.754
301.300 7.400 6.276 141.466 54.812 165.232
301.300 7.500 33.456 144.748 42.438 156.996
301.300 7.600 69.917 151.627 18.311 169.757
301.300 7.700 116.793 149.254 -19.014 196.767
301.300 7.800 174.875 116.408 -64.691 232.828
301.300 7.900 200.241 35.634 -94.009 241.503
301.300 8.000 179.053 -33.668 -95.961 226.524
301.300 8.100 143.753 -91.599 -76.144 211.389
301.300 8.200 80.426 -122.263 -29.077 173.007
301.300 8.300 26.65 -97.017 24.183 152.122
301.300 8.400 6.57 -49.902 53.15 132.585
301.300 8.500 13.532 -21.393 62.465 111.566
301.300 8.600 21.728 -21.329 55.989 81.444
301.300 8.700 19.117 -25.183 33.811 47.84
301.300 8.800 14.582 -24.148 14.943 33.068
301.300 8.900 10.45 -21.684 2.244 25.985
301.300 9.000 7.548 -20.235 -6.667 23.12
301.300 9.100 2.517 -20.639 -11.661 23.988
301.300 9.200 -4.748 -17.644 -14.017 23.129
301.300 9.300 -8.075 -10.255 -13.932 19.267
301.300 9.400 -5.703 -5.133 -11.581 14.746
301.300 9.500 -2.998 -3.616 -9.501 11.733
301.300 9.600 -1.36 -3.265 -7.392 8.982
301.300 9.700 -0.286 -3.713 -5.627 7.123
301.300 9.800 -0.656 -4.618 -4.073 6.463
301.300 9.900 -1.951 -4.158 -2.448 5.456
301.300 10.000 -2.375 -2.484 -1.277 3.868
301.300 10.100 -1.505 -1.27 -0.799 2.237
301.300 10.200 -0.419 -1.43 -0.708 1.671
301.300 10.300 -0.08 -2.291 -0.974 2.623
301.300 10.400 -0.223 -3.45 -1.455 3.981
301.300 10.500 -1.664 -4.985 -1.979 5.834
301.300 10.600 -4.582 -5.189 -2.586 7.568
301.300 10.700 -6.444 -3.14 -3.142 7.974
301.300 10.800 -6.046 -1.597 -3.608 7.34
301.300 10.900 -5.684 -0.455 -4.21 7.212
301.300 11.000 -4.132 0.66 -4.412 6.213
301.300 11.100 -2.46 0.454 -4.552 5.303
301.300 11.200 -1.613 -0.157 -4.393 4.762
301.300 11.300 -1.258 -0.662 -3.864 4.176
301.300 11.400 -1.292 -1.209 -3.21 3.706
301.300 11.500 -1.852 -1.65 -2.242 3.373
301.300 11.600 -2.676 -1.806 -1.187 3.472
301.300 11.700 -3.668 -1.872 -0.249 4.169
301.300 11.800 -5.096 -1.311 0.741 5.371
301.300 11.900 -5.137 0.234 1.286 5.374
301.300 12.000 -3.972 0.357 1.307 4.269
301.300 12.100 -3.465 -0.35 1.117 3.716
301.300 12.200 -3.384 -1.388 0.503 3.73
301.300 12.300 -4.073 -2.365 -0.344 4.748
301.300 12.400 -5.168 -3.003 -1.208 6.121
301.300 12.500 -6.847 -2.948 -1.973 7.736
301.300 12.600 -7.677 -1.683 -2.482 8.272
301.300 12.700 -7.781 -1.277 -2.678 8.359
301.300 12.800 -8.242 -0.714 -2.703 8.736
301.300 12.900 -7.999 -0.378 -2.767 8.504
301.300 13.000 -8.347 0.181 -2.847 8.853
301.300 13.100 -7.853 1.393 -2.895 8.52
301.300 13.200 -7.104 2.105 -2.82 7.964
301.300 13.300 -5.583 3.485 -2.791 7.189
301.300 13.400 -2.521 3.728 -2.832 5.361
301.300 13.500 -0.359 2.09 -2.499 3.316
301.300 13.600 -0.384 1.079 -1.664 2.053
301.300 13.700 -0.128 1.488 -0.926 1.799
301.300 13.800 0.469 2.166 -0.618 2.344
301.300 13.900 2.177 2.597 -0.695 3.498
301.300 14.000 3.407 0.987 -1.624 3.926
301.300 14.100 3.086 -0.942 -3.37 4.678
301.300 14.200 1.776 -4.513 -4.518 6.631
301.300 14.300 -3.339 -7.818 -4.52 9.629
301.300 14.400 -9.712 -6.716 -3.55 12.337
301.300 14.500 -12.682 -3.278 -0.921 13.144
301.300 14.600 -14.345 -0.945 2.667 14.638
301.300 14.700 -14.138 3.07 4.333 15.123
301.300 14.800 -10.854 4.891 3.466 12.422
301.300 14.900 -8.385 5.342 2.34 10.237
301.300 15.000 -5.262 5.529 1.27 7.762
301.400 0.000 9.356 4.53 1.147 10.515
301.400 0.100 13.33 -1.428 1.42 13.523
301.400 0.200 7.63 -8.789 0.664 11.703
301.400 0.300 -1.838 -7.142 -0.494 7.446
301.400 0.400 -4.37 0.195 -0.707 4.469
301.400 0.500 -0.405 3.514 0.053 3.55
301.400 0.600 2.503 1.6 0.89 3.109
301.400 0.700 1.691 -0.86 1.78 2.607
301.400 0.800 -0.171 -1.286 2.88 3.161
301.400 0.900 -1.167 -0.69 3.629 3.875
301.400 1.000 -1.988 0.398 4.427 4.878
301.400 1.100 -1.079 2.925 4.848 5.782
301.400 1.200 2.345 4.173 4.821 6.817
301.400 1.300 5.371 3.393 4.964 8.088
301.400 1.400 7.094 2.495 4.839 8.97
301.400 1.500 8.983 0.637 5.013 10.335
301.400 1.600 7.913 -2.268 5.083 9.7
301.400 1.700 5.601 -3 5.157 8.212
301.400 1.800 3.748 -3.196 5.107 7.127
301.400 1.900 1.748 -2.552 4.729 5.688
301.400 2.000 0.826 -0.676 4.273 4.456
301.400 2.100 1.824 1.032 3.596 4.228
301.400 2.200 3.605 1.267 2.788 4.796
301.400 2.300 4.666 0.687 1.514 5.013
301.400 2.400 5.564 0.045 -0.039 5.614
301.400 2.500 5.683 -1.436 -1.679 6.134
301.400 2.600 4.601 -2.048 -3.462 6.134
301.400 2.700 3.791 -2.016 -4.947 6.569
301.400 2.800 2.812 -1.909 -5.964 6.881
301.400 2.900 1.978 -1.507 -6.764 7.225
301.400 3.000 1.593 -1.081 -6.951 7.235
301.400 3.100 1.371 -0.62 -6.906 7.094
301.400 3.200 1.565 0.31 -6.571 6.8
301.400 3.300 2.659 1.26 -5.672 6.448
301.400 3.400 4.308 1.802 -4.965 6.897
301.400 3.500 6.305 1.998 -4.468 8.085
301.400 3.600 8.831 0.641 -4.246 9.926
301.400 3.700 9.399 -2.114 -4.052 10.545
301.400 3.800 8.91 -3.407 -4.209 10.514
301.400 3.900 8.038 -4.701 -4.567 10.448
301.400 4.000 6.138 -4.279 -4.727 8.918
301.400 4.100 5.594 -2.536 -5.553 8.359
301.400 4.200 5.791 -0.688 -7.06 9.272
301.400 4.300 7.506 0.531 -8.683 11.646
301.400 4.400 9.025 0.175 -10.084 13.671
301.400 4.500 10.754 -0.325 -11.353 15.753
301.400 4.600 11.812 -3.062 -12.132 17.302
301.400 4.700 10.399 -4.972 -12.32 16.97
301.400 4.800 9.464 -6.491 -13.015 17.505
301.400 4.900 6.707 -8.252 -13.936 17.747
301.400 5.000 3.698 -8.369 -15.691 18.49
301.400 5.100 1.553 -8.17 -17.938 20.404
301.400 5.200 -0.431 -7.481 -21.049 23.452
301.400 5.300 -0.9 -5.249 -23.907 25.906
301.400 5.400 2.01 -3.691 -24.824 26.154
301.400 5.500 5.649 -5.15 -25.77 27.061
301.400 5.600 6.254 -7.473 -25.579 27.514
301.400 5.700 7.231 -8.973 -23.844 26.638
301.400 5.800 7.625 -12.736 -19.322 24.378
301.400 5.900 6.785 -17.834 -11.675 24.052
301.400 6.000 2.48 -27.819 -2.307 32.153
301.400 6.100 -12.103 -36.623 9.504 50.525
301.400 6.200 -27.011 -33.382 19.311 72.684
301.400 6.300 -21.814 -30.205 12.207 79.853
301.400 6.400 -12.231 -51.563 -1.734 82.347
301.400 6.500 -28.157 -90.505 -5.802 100.56
301.400 6.600 -76.646 -121.258 -1.738 152.63
301.400 6.700 -143.824 -131.414 -4.032 211.894
301.400 6.800 -233.537 -118.608 -25.659 280.315
301.400 6.900 -324.11 -13.492 -52.959 350.878
301.400 7.000 -265.145 136.414 -35.263 333.689
301.400 7.100 -140.416 169.403 -2.052 277.226
301.400 7.200 -69.493 146.389 24.63 237.482
301.400 7.300 -41.854 132.699 52.793 199.701
301.400 7.400 -22.364 142.217 67.677 179.733
301.400 7.500 11.83 162.268 60.742 180.386
301.400 7.600 62.178 180.71 40.407 196.293
301.400 7.700 134.316 194.455 7.172 236.617
301.400 7.800 241.815 165.906 -41.737 297.909
301.400 7.900 291.475 52.747 -81.367 312.278
301.400 8.000 253.572 -36.472 -99.365 287.46
301.400 8.100 199.365 -126.721 -93.141 274.444
301.400 8.200 79.298 -192.222 -32.488 243.999
301.400 8.300 -46.76 -148.702 45.849 237.788
301.400 8.400 -77.051 -53.905 68.019 203.389
301.400 8.500 -51.14 -14.453 52.582 142.656
301.400 8.600 -28.466 -5.546 39.434 82.046
301.400 8.700 -8.33 -7.482 28.032 36.795
301.400 8.800 1.549 -10.768 17.598 20.856
301.400 8.900 6.643 -10.696 6.802 16.107
301.400 9.000 11.208 -12.663 -2.887 17.884
301.400 9.100 9.029 -17.314 -8.298 21.316
301.400 9.200 2.864 -16.268 -10.491 19.619
301.400 9.300 -0.386 -11.681 -10.607 15.998
301.400 9.400 -0.414 -7.498 -8.673 12.989
301.400 9.500 0.927 -5.609 -6.481 10.609
301.400 9.600 1.298 -4.928 -4.965 8.611
301.400 9.700 1.605 -5.016 -4.039 7.773
301.400 9.800 0.283 -6.222 -2.839 7.682
301.400 9.900 -2.614 -5.684 -1.299 6.952
301.400 10.000 -3.976 -3.107 -0.323 5.37
301.400 10.100 -2.889 -1.395 -0.095 3.376
301.400 10.200 -1.65 -1.243 -0.12 2.202
301.400 10.300 -0.948 -1.739 -0.649 2.442
301.400 10.400 -0.69 -2.813 -1.425 3.689
301.400 10.500 -1.596 -4.214 -2.241 5.385
301.400 10.600 -3.577 -4.371 -3.096 6.677
301.400 10.700 -4.764 -2.721 -3.71 6.793
301.400 10.800 -4.263 -1.165 -4.017 6.105
301.400 10.900 -3.342 -0.222 -4.206 5.507
301.400 11.000 -2.03 0.544 -4.008 4.663
301.400 11.100 -0.333 0.398 -3.777 3.927
301.400 11.200 0.209 -0.7 -3.385 3.529
301.400 11.300 -0.139 -1.204 -2.828 3.119
301.400 11.400 -0.575 -1.863 -2.4 3.112
301.400 11.500 -1.852 -2.44 -1.96 3.656
301.400 11.600 -3.299 -2.488 -1.568 4.45
301.400 11.700 -4.611 -2.457 -1.266 5.414
301.400 11.800 -6.35 -1.834 -1.077 6.746
301.400 11.900 -6.568 -0.032 -0.797 6.68
301.400 12.000 -5.393 0.317 -0.466 5.486
301.400 12.100 -4.74 -0.003 -0.504 4.823
301.400 12.200 -4.252 -0.685 -1.048 4.475
301.400 12.300 -4.46 -1.536 -1.818 5.086
301.400 12.400 -4.999 -2.118 -2.709 6.092
301.400 12.500 -6.199 -2.237 -3.652 7.561
301.400 12.600 -6.759 -1.264 -4.275 8.126
301.400 12.700 -6.632 -1.011 -4.625 8.177
301.400 12.800 -6.975 -0.701 -4.88 8.571
301.400 12.900 -7.22 -0.556 -4.746 8.687
301.400 13.000 -8.089 0.129 -4.571 9.322
301.400 13.100 -7.488 1.462 -4.633 8.96
301.400 13.200 -6.755 1.861 -4.59 8.41
301.400 13.300 -5.416 3.017 -3.911 7.368
301.400 13.400 -2.594 2.873 -2.452 4.624
301.400 13.500 -1.061 1.055 -0.824 1.749
301.400 13.600 -1.831 -0.109 0.568 1.949
301.400 13.700 -2.669 0.694 1.994 3.438
301.400 13.800 -2.176 2.229 2.277 3.9
301.400 13.900 -0.565 3.029 1.833 3.631
301.400 14.000 1.485 2.862 0.599 3.321
301.400 14.100 4.083 1.407 -1.968 4.771
301.400 14.200 4.926 -3.437 -4.321 7.408
301.400 14.300 -0.195 -7.981 -5.148 9.501
301.400 14.400 -7.092 -7.811 -5.184 11.76
301.400 14.500 -11.475 -5.657 -4.327 13.515
301.400 14.600 -16.066 -3.395 -2.846 16.679
301.400 14.700 -17.154 2.84 -1.708 17.49
301.400 14.800 -12.222 5.613 -1.315 13.535
301.400 14.900 -8.803 5.865 -1.325 10.683
301.400 15.000 -5.405 5.836 -1.066 8.05
301.500 0.000 7.974 3.866 2.723 9.345
301.500 0.100 10.684 -1.278 2.915 11.199
301.500 0.200 6.234 -7.322 2.089 9.907
301.500 0.300 -1.3 -5.996 0.816 6.277
301.500 0.400 -3.421 0.245 -0.112 3.483
301.500 0.500 -0.251 3.029 -0.484 3.092
301.500 0.600 1.984 1.088 -0.419 2.32
301.500 0.700 0.827 -1.539 -0.192 1.782
301.500 0.800 -1.712 -2.02 0.133 2.663
301.500 0.900 -2.91 -1.296 0.679 3.26
301.500 1.000 -4.049 -0.355 1.307 4.274
301.500 1.100 -3.545 2.271 2.231 4.778
301.500 1.200 -0.764 3.299 3.626 4.984
301.500 1.300 1.486 2.992 4.811 5.884
301.500 1.400 3.58 2.265 5.361 6.863
301.500 1.500 5.094 0.36 5.817 7.771
301.500 1.600 4.477 -1.993 5.765 7.594
301.500 1.700 2.587 -2.85 5.408 6.668
301.500 1.800 0.929 -2.707 4.907 5.714
301.500 1.900 -0.666 -2.104 4.262 4.836
301.500 2.000 -1.595 -0.112 3.777 4.153
301.500 2.100 -0.162 1.706 3.187 3.688
301.500 2.200 1.695 2.07 2.665 3.851
301.500 2.300 3.361 2.065 1.798 4.407
301.500 2.400 5.237 1.576 0.513 5.554
301.500 2.500 6.165 0.168 -0.905 6.281
301.500 2.600 5.935 -0.429 -2.415 6.461
301.500 2.700 5.955 -0.7 -3.895 7.185
301.500 2.800 5.782 -0.789 -5.103 7.785
301.500 2.900 6.076 -0.803 -6.088 8.671
301.500 3.000 5.75 -1.203 -6.334 8.672
301.500 3.100 5.434 -0.799 -6.085 8.233
301.500 3.200 5.472 -0.558 -5.496 7.819
301.500 3.300 5.459 0.202 -4.445 7.102
301.500 3.400 6.429 0.989 -3.395 7.423
301.500 3.500 8.279 1.495 -2.393 8.859
301.500 3.600 11.347 0.297 -1.586 11.581
301.500 3.700 11.486 -2.779 -0.659 11.952
301.500 3.800 10.594 -3.434 0.234 11.268
301.500 3.900 9.71 -4.686 0.476 10.927
301.500 4.000 6.764 -3.895 -0.017 7.945
301.500 4.100 5.88 -1.244 -1.086 6.283
301.500 4.200 7.094 1.268 -2.922 7.998
301.500 4.300 10.092 2.23 -5.058 11.741
301.500 4.400 12.21 1.207 -6.288 14.005
301.500 4.500 14.38 0.491 -6.653 16.07
301.500 4.600 15.806 -2.655 -7.042 17.706
301.500 4.700 14.128 -4.454 -7.753 16.902
301.500 4.800 13.506 -5.453 -8.632 17.144
301.500 4.900 11.788 -6.36 -10.313 17.162
301.500 5.000 11.113 -5.818 -12.858 18.322
301.500 5.100 10.5 -5.808 -15.169 19.865
301.500 5.200 10.774 -4.226 -17.53 21.682
301.500 5.300 12.494 -3.967 -19.649 24.298
301.500 5.400 13.47 -3.473 -20.26 25.021
301.500 5.500 16.276 -4.897 -20.619 26.828
301.500 5.600 16.965 -8.075 -20.559 28.008
301.500 5.700 17.806 -11.291 -19.807 29.087
301.500 5.800 16.039 -18.006 -16.794 29.543
301.500 5.900 10.585 -24.387 -12.183 29.801
301.500 6.000 1.135 -34.11 -9.249 37.707
301.500 6.100 -20.701 -43.12 -9.358 57.522
301.500 6.200 -44.502 -33.396 -12.356 80.994
301.500 6.300 -30.768 -20.49 -15.406 84.143
301.500 6.400 -7.724 -44.299 -18.219 84.87
301.500 6.500 -19.562 -89.733 -20.978 105.144
301.500 6.600 -68.534 -119.649 -24.477 147.7
301.500 6.700 -126.603 -118.81 -32.314 189.513
301.500 6.800 -182.71 -92.99 -46.375 232.979
301.500 6.900 -227.594 -10.529 -52.847 279.85
301.500 7.000 -187.117 99.867 -29.929 282.878
301.500 7.100 -96.911 137.202 7.86 287.097
301.500 7.200 -50.006 116.13 39.013 278.072
301.500 7.300 -55.171 109.924 60.485 229.524
301.500 7.400 -55.001 136.485 71.516 204.205
301.500 7.500 -19.685 169.277 76.277 210.047
301.500 7.600 35.618 197.425 75.425 229.95
301.500 7.700 118.306 223.352 62.716 267.653
301.500 7.800 245.056 202.139 45.293 323.73
301.500 7.900 321.642 93.879 10.328 335.858
301.500 8.000 331.939 3.483 -51.927 336.663
301.500 8.100 309.025 -143.501 -90.912 357.701
301.500 8.200 108.211 -265.987 -61.815 324.416
301.500 8.300 -124.538 -199.494 -18.561 320.919
301.500 8.400 -154.696 -46.341 -1.864 265.376
301.500 8.500 -83.624 -3.587 0.623 167.349
301.500 8.600 -45.126 -2.139 5.137 87.072
301.500 8.700 -23.908 -4.907 10.838 38.048
301.500 8.800 -12.982 -4.856 12.778 19.101
301.500 8.900 -0.917 -2.139 8.549 9.476
301.500 9.000 10.665 -6 3.013 12.844
301.500 9.100 11.499 -13.678 -1.669 17.981
301.500 9.200 6.394 -14.712 -4.871 16.783
301.500 9.300 3.139 -12.495 -5.576 14.108
301.500 9.400 1.463 -9.665 -4.147 11.908
301.500 9.500 1.118 -7.33 -2.202 9.829
301.500 9.600 1.367 -5.696 -1.08 8.417
301.500 9.700 2.305 -5.51 -0.601 8.393
301.500 9.800 0.558 -7.092 -0.472 8.738
301.500 9.900 -3.411 -6.374 -0.621 8.174
301.500 10.000 -5.286 -3.433 -0.718 6.77
301.500 10.100 -4.458 -1.621 -0.476 4.96
301.500 10.200 -3.53 -1.018 -0.353 3.861
301.500 10.300 -2.19 -0.931 -0.906 3.156
301.500 10.400 -1.109 -1.991 -1.723 3.755
301.500 10.500 -1.48 -3.462 -2.458 5.12
301.500 10.600 -3.01 -3.758 -3.078 6.042
301.500 10.700 -3.913 -2.452 -3.386 5.902
301.500 10.800 -3.287 -1.155 -3.252 4.892
301.500 10.900 -2.345 -0.472 -2.828 3.83
301.500 11.000 -1.398 0.051 -2.233 2.771
301.500 11.100 -0.124 -0.024 -1.528 1.644
301.500 11.200 0.122 -1.028 -1.211 1.618
301.500 11.300 -0.542 -1.466 -1.214 1.995
301.500 11.400 -1.174 -1.929 -1.327 2.635
301.500 11.500 -2.357 -2.431 -1.727 3.826
301.500 11.600 -3.744 -2.489 -2.08 4.988
301.500 11.700 -4.985 -2.44 -2.399 6.085
301.500 11.800 -6.578 -1.879 -2.533 7.342
301.500 11.900 -6.885 -0.25 -2.562 7.409
301.500 12.000 -6.169 0.092 -2.52 6.723
301.500 12.100 -5.742 0.252 -2.488 6.318
301.500 12.200 -4.644 -0.045 -2.835 5.488
301.500 12.300 -4.245 -0.821 -3.353 5.507
301.500 12.400 -4.288 -1.287 -3.972 6.015
301.500 12.500 -4.723 -1.423 -4.71 6.848
301.500 12.600 -4.966 -0.925 -5.244 7.311
301.500 12.700 -4.939 -0.711 -5.537 7.484
301.500 12.800 -5.143 -0.496 -5.871 7.85
301.500 12.900 -5.436 -0.388 -6.345 8.392
301.500 13.000 -6.114 0.249 -6.874 9.233
301.500 13.100 -5.467 1.356 -6.787 8.852
301.500 13.200 -4.478 1.491 -6.38 7.968
301.500 13.300 -3.681 1.556 -5.34 6.701
301.500 13.400 -2.916 0.862 -3.366 4.566
301.500 13.500 -3.151 -0.478 -1.507 3.547
301.500 13.600 -4.82 -1.613 -0.149 5.103
301.500 13.700 -7.396 -0.396 1.246 7.536
301.500 13.800 -6.483 2.572 1.663 7.205
301.500 13.900 -3.851 3.534 1.496 5.477
301.500 14.000 -0.93 4.303 1.078 4.577
301.500 14.100 3.73 3.509 0.112 5.159
301.500 14.200 6.538 -1.616 -1.426 6.9
301.500 14.300 2.417 -6.447 -4.049 7.99
301.500 14.400 -3.258 -7.049 -6.639 10.22
301.500 14.500 -7.579 -6.145 -7.484 12.303
301.500 14.600 -11.967 -3.899 -7.457 14.64
301.500 14.700 -13.28 1.601 -6.785 15.016
301.500 14.800 -10.097 4.647 -5.117 12.257
301.500 14.900 -7.246 5.227 -3.806 9.733
301.500 15.000 -4.527 5.164 -2.804 7.44
301.600 0.000 6.625 3.301 4.12 8.635
301.600 0.100 9.45 -0.874 4.475 10.648
301.600 0.200 5.254 -5.993 3.273 8.796
301.600 0.300 -1.68 -4.501 1.099 5.113
301.600 0.400 -3.156 1.227 -0.536 3.496
301.600 0.500 0.482 3.468 -1.305 3.753
301.600 0.600 2.904 1.234 -1.791 3.653
301.600 0.700 1.834 -1.426 -2.219 3.243
301.600 0.800 -0.282 -2.184 -2.515 3.363
301.600 0.900 -1.827 -1.993 -2.155 3.464
301.600 1.000 -3.325 -1.157 -1.302 3.757
301.600 1.100 -3.377 0.981 -0.238 3.533
301.600 1.200 -1.855 1.828 1.017 2.813
301.600 1.300 -0.562 1.886 2.366 3.103
301.600 1.400 1.218 1.458 3.692 4.183
301.600 1.500 2.413 -0.034 4.62 5.243
301.600 1.600 1.964 -1.709 4.728 5.426
301.600 1.700 0.471 -2.313 4.184 4.833
301.600 1.800 -0.738 -1.919 3.38 3.987
301.600 1.900 -1.699 -1.343 2.435 3.293
301.600 2.000 -2.286 0.355 1.694 2.915
301.600 2.100 -0.869 1.934 1.625 2.74
301.600 2.200 0.813 2.39 1.672 3.103
301.600 2.300 2.615 2.731 1.564 4.165
301.600 2.400 4.856 2.509 1.285 5.682
301.600 2.500 6.346 1.482 0.537 6.599
301.600 2.600 7.191 1.184 -0.852 7.393
301.600 2.700 8.345 0.544 -2.271 8.716
301.600 2.800 8.468 0.054 -3.094 9.064
301.600 2.900 9.115 -0.249 -3.673 9.88
301.600 3.000 8.888 -1.234 -3.935 9.844
301.600 3.100 8.415 -1.193 -3.79 9.356
301.600 3.200 8.118 -1.438 -3.135 8.875
301.600 3.300 7.587 -0.849 -2.023 7.968
301.600 3.400 8.1 -0.198 -0.865 8.242
301.600 3.500 8.69 0.018 0.62 8.829
301.600 3.600 10.141 -1.029 2.358 10.594
301.600 3.700 9.424 -3.793 3.542 10.894
301.600 3.800 7.284 -4.491 4.714 9.924
301.600 3.900 5.678 -4.276 5.267 9.029
301.600 4.000 4.17 -2.681 4.197 6.718
301.600 4.100 4.334 0.238 2.884 5.504
301.600 4.200 6.745 3.202 1.382 7.906
301.600 4.300 11.395 3.915 -0.083 12.337
301.600 4.400 13.921 1.871 -1.239 14.371
301.600 4.500 15.416 0.793 -2.11 15.852
301.600 4.600 16.64 -2.084 -2.638 17.235
301.600 4.700 15.767 -3.596 -3.104 16.727
301.600 4.800 15.847 -4.383 -4.01 17.208
301.600 4.900 14.734 -4.838 -4.752 16.535
301.600 5.000 15.176 -3.83 -5.734 17.052
301.600 5.100 15.425 -3.938 -7.34 17.979
301.600 5.200 16.309 -2.378 -8.961 19.172
301.600 5.300 18.779 -2.589 -10.187 21.871
301.600 5.400 20.922 -2.242 -11.648 24.438
301.600 5.500 25.503 -4.499 -12.798 29.27
301.600 5.600 25.807 -8.695 -12.175 30.346
301.600 5.700 27.639 -12.167 -11.402 32.896
301.600 5.800 24.35 -21.372 -10.047 34.097
301.600 5.900 15.065 -26.072 -8.997 31.517
301.600 6.000 6.209 -31.058 -12.467 35.059
301.600 6.100 -8.088 -34.098 -23.148 47.66
301.600 6.200 -18.653 -26.909 -36.101 63.677
301.600 6.300 -9.876 -21.858 -38.325 71.204
301.600 6.400 4.137 -43.67 -37.246 82.263
301.600 6.500 -9.282 -86.933 -39.599 107.365
301.600 6.600 -57.022 -116.218 -42.112 140.708
301.600 6.700 -109.855 -111.979 -43.881 170.241
301.600 6.800 -150.688 -87.947 -43.921 199.433
301.600 6.900 -185.219 -26.571 -30.496 228.053
301.600 7.000 -162.268 58.529 7.906 240.006
301.600 7.100 -105.955 97.793 57.185 270.897
301.600 7.200 -75.99 99.64 82.787 279.285
301.600 7.300 -77.775 106.97 78.975 242.411
301.600 7.400 -77.004 131.952 73.144 225.176
301.600 7.500 -59.132 158.649 80.607 242.238
301.600 7.600 -28.402 195.577 94.375 271.725
301.600 7.700 53.145 236.332 89.92 292.627
301.600 7.800 174.211 215.918 77.817 309.964
301.600 7.900 264.119 134.16 62.88 316.793
301.600 8.000 335.442 50.831 42.811 347.098
301.600 8.100 357.872 -118.902 16.331 380.199
301.600 8.200 162.557 -253.609 -44.255 324.164
301.600 8.300 -49.832 -196.853 -104.251 295.948
301.600 8.400 -98.615 -72.099 -98.251 248.02
301.600 8.500 -63.736 -26.691 -55.506 166.083
301.600 8.600 -41.346 -16.757 -25.576 93.102
301.600 8.700 -28.476 -14.16 -8.108 46.44
301.600 8.800 -22.58 -7.298 1.446 25.787
301.600 8.900 -8.733 0.269 4.544 10.564
301.600 9.000 4.776 -2.817 3.96 7.474
301.600 9.100 8.527 -9.997 1.731 13.399
301.600 9.200 6.757 -12.627 -0.673 14.353
301.600 9.300 4.271 -12.96 -1.404 13.738
301.600 9.400 1.062 -11.467 -0.191 11.974
301.600 9.500 -0.856 -8.786 1.31 10.082
301.600 9.600 -1.369 -6.569 2.336 9.117
301.600 9.700 -1.264 -5.74 2.959 9.019
301.600 9.800 -2.412 -6.092 2.022 8.772
301.600 9.900 -4.801 -5.378 0.185 8.331
301.600 10.000 -5.965 -3.086 -0.981 7.346
301.600 10.100 -5.362 -1.637 -1.557 6.086
301.600 10.200 -4.717 -0.844 -1.815 5.34
301.600 10.300 -3.05 -0.432 -1.956 4.24
301.600 10.400 -1.581 -1.432 -2.189 4.062
301.600 10.500 -1.57 -2.846 -2.636 4.933
301.600 10.600 -2.62 -3.313 -3.118 5.624
301.600 10.700 -3.367 -2.573 -3.188 5.482
301.600 10.800 -3.267 -1.755 -2.613 4.649
301.600 10.900 -3.002 -1.154 -1.752 3.77
301.600 11.000 -2.539 -0.664 -1.029 2.934
301.600 11.100 -2.097 -0.614 -0.369 2.317
301.600 11.200 -1.957 -0.873 -0.277 2.235
301.600 11.300 -2.232 -1.2 -0.73 2.694
301.600 11.400 -2.673 -1.348 -1.374 3.345
301.600 11.500 -3.176 -1.716 -2.362 4.36
301.600 11.600 -4.179 -1.878 -3.329 5.709
301.600 11.700 -4.942 -1.889 -4.216 6.81
301.600 11.800 -6.371 -1.638 -4.965 8.29
301.600 11.900 -6.539 -0.113 -5.264 8.451
301.600 12.000 -5.531 0.091 -5.252 7.681
301.600 12.100 -5.07 0.195 -5.142 7.274
301.600 12.200 -4.128 -0.002 -4.781 6.361
301.600 12.300 -3.762 -0.547 -4.606 6.009
301.600 12.400 -3.579 -0.791 -4.793 6.066
301.600 12.500 -3.653 -0.907 -5.15 6.41
301.600 12.600 -3.681 -0.563 -5.512 6.683
301.600 12.700 -3.544 -0.363 -5.893 6.917
301.600 12.800 -3.509 -0.059 -6.329 7.267
301.600 12.900 -3.199 0.242 -6.828 7.575
301.600 13.000 -2.913 0.545 -7.302 7.909
301.600 13.100 -2.456 0.924 -7.159 7.655
301.600 13.200 -1.829 0.886 -6.626 6.96
301.600 13.300 -1.633 0.241 -5.849 6.102
301.600 13.400 -2.305 -0.697 -4.844 5.43
301.600 13.500 -3.61 -1.578 -4.027 5.649
301.600 13.600 -5.603 -2.438 -3.53 7.071
301.600 13.700 -8.534 -1.215 -3.222 9.223
301.600 13.800 -7.972 1.816 -2.027 8.453
301.600 13.900 -5.739 2.956 -0.353 6.5
301.600 14.000 -3.083 4.268 0.688 5.351
301.600 14.100 1.164 3.906 1.002 4.24
301.600 14.200 3.955 0.301 0.305 4.001
301.600 14.300 3.062 -3.089 -2.378 4.963
301.600 14.400 1.117 -4.681 -5.634 7.414
301.600 14.500 -2.535 -5.741 -7.342 9.664
301.600 14.600 -7.325 -3.956 -7.827 11.437
301.600 14.700 -9.06 0.624 -7.655 11.893
301.600 14.800 -7.217 3.262 -6.769 10.438
301.600 14.900 -5.435 4.008 -5.534 8.751
301.600 15.000 -3.367 4.054 -4.126 6.715
301.700 0.000 3.834 1.892 5.391 7.221
301.700 0.100 4.997 -0.635 6.393 8.523
301.700 0.200 2.451 -3.388 4.681 6.664
301.700 0.300 -1.484 -1.873 1.662 3.199
301.700 0.400 -1.701 2.548 -0.57 3.166
301.700 0.500 1.79 4.211 -1.912 4.971
301.700 0.600 4.298 1.868 -2.847 5.51
301.700 0.700 3.724 -0.845 -3.557 5.25
301.700 0.800 2.113 -2 -4.095 5.044
301.700 0.900 0.453 -2.454 -4.178 4.876
301.700 1.000 -1.62 -2.022 -3.832 4.629
301.700 1.100 -2.153 -0.153 -2.902 3.618
301.700 1.200 -0.908 0.491 -1.437 1.773
301.700 1.300 -0.137 0.315 0.182 0.413
301.700 1.400 0.409 -0.088 1.985 2.056
301.700 1.500 0.575 -0.764 3.372 3.532
301.700 1.600 0.228 -1.371 3.588 3.878
301.700 1.700 -0.52 -1.521 2.977 3.414
301.700 1.800 -1.057 -1.012 2.13 2.619
301.700 1.900 -1.248 -0.398 1.223 1.829
301.700 2.000 -1.173 0.675 0.628 1.542
301.700 2.100 -0.205 1.719 0.668 1.92
301.700 2.200 1.059 2.202 0.99 2.704
301.700 2.300 2.507 2.573 1.392 3.922
301.700 2.400 4.328 2.584 1.722 5.395
301.700 2.500 5.875 2.122 1.767 6.558
301.700 2.600 7.485 2.16 1.583 8.017
301.700 2.700 9.449 1.455 1.188 9.699
301.700 2.800 10.129 0.944 0.271 10.241
301.700 2.900 11.61 0.332 -0.754 11.702
301.700 3.000 11.511 -1.36 -0.806 11.679
301.700 3.100 11.102 -1.472 -0.439 11.273
301.700 3.200 10.503 -2.546 0.173 10.878
301.700 3.300 8.388 -2.221 1.516 8.893
301.700 3.400 7.732 -1.222 2.55 8.339
301.700 3.500 7.477 -1.025 2.861 8.194
301.700 3.600 7.622 -2.126 3.171 8.649
301.700 3.700 6.154 -4.699 3.74 8.719
301.700 3.800 2.78 -5.694 4.652 7.992
301.700 3.900 0.307 -4.192 5.401 7.022
301.700 4.000 -0.117 -2.03 5.667 6.263
301.700 4.100 0.559 1.196 5.697 6.176
301.700 4.200 3.898 4.536 4.691 7.955
301.700 4.300 8.964 4.866 3.667 11.159
301.700 4.400 12.33 2.893 3.037 13.331
301.700 4.500 15.396 1.498 2.73 16.015
301.700 4.600 17.266 -2.099 2.873 17.932
301.700 4.700 15.798 -3.443 3.277 16.833
301.700 4.800 16.174 -3.757 3.391 17.328
301.700 4.900 14.818 -4.006 2.419 15.952
301.700 5.000 14.934 -2.62 0.931 15.637
301.700 5.100 15.796 -2.329 -0.413 16.439
301.700 5.200 17.698 -1.145 -1.619 18.255
301.700 5.300 20.535 -2.033 -2.157 21.187
301.700 5.400 22.726 -2.201 -1.125 23.446
301.700 5.500 27.254 -4.865 0.427 28.426
301.700 5.600 26.752 -9.585 0.87 29.323
301.700 5.700 26.943 -13.149 1.681 31.061
301.700 5.800 22.942 -21.201 1.324 31.841
301.700 5.900 13.855 -23.731 -1.348 27.915
301.700 6.000 7.942 -22.645 -7.333 26.222
301.700 6.100 5.524 -19.766 -19.006 31.296
301.700 6.200 9.048 -17.468 -31.277 42.642
301.700 6.300 15.553 -20.942 -37.738 55.408
301.700 6.400 25.125 -39.704 -42.743 78.679
301.700 6.500 12.911 -80.147 -52.651 115.087
301.700 6.600 -32.263 -110.524 -66.602 152.118
301.700 6.700 -83.094 -115.39 -70.472 178.939
301.700 6.800 -126.295 -106.002 -48.845 192.064
301.700 6.900 -172.233 -61.8 -8.642 198.037
301.700 7.000 -177.569 7.768 39.734 223.764
301.700 7.100 -163.858 55.697 88.754 265.487
301.700 7.200 -144.831 99.221 107.521 280.163
301.700 7.300 -119.67 124.114 89.311 247.816
301.700 7.400 -104.527 141.042 66.179 235.79
301.700 7.500 -94.916 152.73 52.458 265.678
301.700 7.600 -92.059 189.71 50.026 306.124
301.700 7.700 -6.892 244.022 51.684 310.565
301.700 7.800 124.968 219.148 58.493 298.833
301.700 7.900 210.254 135.645 68.291 287.802
301.700 8.000 254.627 50.593 78.17 291.133
301.700 8.100 260.881 -72.987 64.302 295.462
301.700 8.200 167.306 -163.875 -7.308 245.986
301.700 8.300 66.764 -150.284 -82.745 216.902
301.700 8.400 11.644 -101.055 -97.307 191.772
301.700 8.500 -11.123 -63.15 -71.492 143.765
301.700 8.600 -18.388 -42.174 -43.851 92.054
301.700 8.700 -21.594 -30.8 -20.327 53.658
301.700 8.800 -23.414 -15.596 -5.407 31.384
301.700 8.900 -12.634 -2.284 0.987 13.569
301.700 9.000 0.869 -2.522 3.074 4.838
301.700 9.100 5.417 -8.719 3.3 10.933
301.700 9.200 4.746 -11.599 2.984 12.911
301.700 9.300 2.574 -13.294 2.938 13.857
301.700 9.400 -1.87 -12.653 3.335 13.287
301.700 9.500 -5.008 -9.542 3.918 11.787
301.700 9.600 -6.066 -6.826 3.57 10.641
301.700 9.700 -6.941 -5.337 2.819 10.433
301.700 9.800 -6.891 -4 1.14 9.353
301.700 9.900 -6.907 -3.616 -1.065 8.799
301.700 10.000 -6.953 -2.129 -2.44 8.203
301.700 10.100 -5.551 -1.19 -2.959 6.726
301.700 10.200 -4.501 -0.761 -3.05 5.777
301.700 10.300 -3.117 -0.487 -2.912 4.76
301.700 10.400 -1.913 -1.253 -2.87 4.336
301.700 10.500 -1.783 -2.461 -3.081 4.873
301.700 10.600 -2.587 -3.106 -3.32 5.544
301.700 10.700 -3.383 -2.875 -3.234 5.656
301.700 10.800 -3.822 -2.562 -2.67 5.421
301.700 10.900 -4.358 -1.957 -1.84 5.221
301.700 11.000 -4.228 -1.257 -1.177 4.674
301.700 11.100 -4.192 -0.958 -0.767 4.473
301.700 11.200 -3.972 -0.495 -0.875 4.201
301.700 11.300 -3.681 -0.52 -1.539 4.113
301.700 11.400 -3.586 -0.392 -2.476 4.457
301.700 11.500 -3.2 -0.532 -3.639 4.944
301.700 11.600 -3.25 -0.809 -4.919 6.01
301.700 11.700 -3.347 -0.92 -5.98 6.968
301.700 11.800 -3.741 -0.859 -7.008 8.042
301.700 11.900 -3.737 -0.24 -7.343 8.296
301.700 12.000 -3.301 -0.138 -6.973 7.765
301.700 12.100 -3.06 -0.176 -6.598 7.321
301.700 12.200 -2.781 -0.414 -6.172 6.824
301.700 12.300 -2.843 -0.684 -5.869 6.594
301.700 12.400 -2.763 -0.72 -5.664 6.377
301.700 12.500 -2.795 -0.712 -5.582 6.314
301.700 12.600 -2.711 -0.284 -5.703 6.355
301.700 12.700 -2.346 0.003 -5.981 6.456
301.700 12.800 -1.994 0.281 -6.255 6.603
301.700 12.900 -1.405 0.581 -6.439 6.648
301.700 13.000 -0.731 0.639 -6.501 6.605
301.700 13.100 -0.349 0.585 -6.355 6.421
301.700 13.200 0.01 0.421 -6.071 6.113
301.700 13.300 -0.002 -0.297 -5.79 5.82
301.700 13.400 -0.709 -1.058 -5.716 5.873
301.700 13.500 -1.822 -1.823 -5.863 6.419
301.700 13.600 -3.67 -2.484 -5.972 7.451
301.700 13.700 -5.911 -1.693 -5.924 8.556
301.700 13.800 -6.514 -0.006 -4.881 8.162
301.700 13.900 -6.718 1.035 -2.895 7.413
301.700 14.000 -5.325 3.302 -1.064 6.39
301.700 14.100 -1.188 3.592 0.123 3.828
301.700 14.200 1.732 1.365 0.423 2.28
301.700 14.300 2.444 -0.638 -0.7 2.635
301.700 14.400 2.691 -2.313 -2.589 4.4
301.700 14.500 0.279 -4.141 -4.901 6.427
301.700 14.600 -3.655 -3.007 -7.144 8.579
301.700 14.700 -5.107 0.355 -8.054 9.558
301.700 14.800 -3.795 2.357 -7.498 8.746
301.700 14.900 -2.48 2.702 -6.477 7.462
301.700 15.000 -1.543 2.495 -4.878 5.712
301.800 0.000 0.907 0.422 4.978 5.586
301.800 0.100 0.534 -0.363 5.501 6.151
301.800 0.200 -0.593 -0.799 4.06 4.657
301.800 0.300 -2.204 0.72 1.557 2.951
301.800 0.400 -0.979 4.399 -0.515 4.566
301.800 0.500 3.704 5.565 -1.976 6.978
301.800 0.600 7.084 2.733 -3.077 8.218
301.800 0.700 6.713 -0.078 -3.964 7.83
301.800 0.800 5.715 -1.461 -4.936 7.713
301.800 0.900 4.329 -2.414 -5.264 7.241
301.800 1.000 2.799 -2.28 -5.34 6.451
301.800 1.100 1.913 -1.642 -4.574 5.224
301.800 1.200 1.537 -1.306 -2.736 3.401
301.800 1.300 1.148 -1.445 -0.995 2.1
301.800 1.400 0.357 -1.788 0.636 1.942
301.800 1.500 -0.714 -1.64 1.881 2.617
301.800 1.600 -1.006 -1.103 2.18 2.669
301.800 1.700 -1.127 -0.858 1.786 2.308
301.800 1.800 -1.099 -0.192 1.157 1.643
301.800 1.900 -0.624 0.317 0.489 0.898
301.800 2.000 -0.175 0.863 0.117 0.941
301.800 2.100 0.661 1.415 0.295 1.646
301.800 2.200 1.632 1.697 0.822 2.554
301.800 2.300 2.671 1.953 1.569 3.726
301.800 2.400 4.09 2.095 2.417 5.259
301.800 2.500 5.353 1.815 3.124 6.527
301.800 2.600 6.532 1.95 3.648 7.804
301.800 2.700 8.166 1.644 4.042 9.333
301.800 2.800 9.673 1.535 4.321 10.783
301.800 2.900 12.315 0.616 4.694 13.271
301.800 3.000 12.003 -1.814 4.956 13.188
301.800 3.100 10.892 -1.928 5.382 12.386
301.800 3.200 9.879 -3.073 5.628 11.867
301.800 3.300 6.965 -2.777 5.251 9.255
301.800 3.400 5.668 -1.165 4.732 7.597
301.800 3.500 6.018 -0.453 3.666 7.192
301.800 3.600 6.737 -1.908 2.562 7.57
301.800 3.700 5.212 -4.998 2.116 7.615
301.800 3.800 1.414 -6.279 2.194 6.883
301.800 3.900 -1.724 -4.96 2.705 6.019
301.800 4.000 -3.671 -3.093 3.926 6.373
301.800 4.100 -4.638 1.146 5.052 7.213
301.800 4.200 0.065 5.598 4.897 7.774
301.800 4.300 6.615 5.299 4.69 10.008
301.800 4.400 10.087 2.53 5.276 11.973
301.800 4.500 12.069 0.546 6.638 14.111
301.800 4.600 12.92 -2.642 7.906 15.716
301.800 4.700 11.232 -4.093 8.605 15.114
301.800 4.800 10.452 -3.589 9.258 14.872
301.800 4.900 10.629 -2.397 8.516 14.351
301.800 5.000 12.84 -1.199 7.373 15.418
301.800 5.100 14.368 -1.496 6.587 16.472
301.800 5.200 16.417 -0.625 6.334 18.256
301.800 5.300 19.126 -2.489 6.592 21.056
301.800 5.400 19.157 -3.816 7.087 21.535
301.800 5.500 20.722 -5.903 8.028 23.875
301.800 5.600 20.561 -9.518 8.281 25.142
301.800 5.700 20.444 -13.186 7.902 26.68
301.800 5.800 16.572 -19.286 6.727 27.242
301.800 5.900 8.791 -19.878 4.012 23.081
301.800 6.000 5.358 -14.535 -1.359 17.396
301.800 6.100 9.749 -8.697 -9.778 18.23
301.800 6.200 19.251 -8.18 -18.836 29.504
301.800 6.300 28.637 -13.72 -28.099 45.775
301.800 6.400 39.856 -30.089 -38.876 76.664
301.800 6.500 37.725 -62.581 -54.35 121.567
301.800 6.600 19.182 -91.751 -76.563 166.934
301.800 6.700 -15.569 -125.232 -85.918 199.823
301.800 6.800 -89.271 -144.643 -59.787 214.742
301.800 6.900 -175.531 -110.954 -16.77 232.435
301.800 7.000 -212.66 -46.375 39.611 254.643
301.800 7.100 -233.761 16.254 95.359 299.536
301.800 7.200 -220.987 106.528 111.772 312.937
301.800 7.300 -164.032 156.691 82.657 265.874
301.800 7.400 -119.064 170.133 42.198 221.94
301.800 7.500 -88.642 174.704 7.703 251.809
301.800 7.600 -65.982 196.847 -18.458 285.755
301.800 7.700 5.255 227.417 -11.288 286.262
301.800 7.800 104.779 198.33 15.992 264.385
301.800 7.900 168.375 121.186 39.152 235.991
301.800 8.000 196.5 45.457 53.671 230.008
301.800 8.100 201.702 -39.608 47.344 236.583
301.800 8.200 157.948 -98.797 10.818 193.057
301.800 8.300 114.749 -108.976 -30.106 168.138
301.800 8.400 71.092 -103.059 -49.803 153.205
301.800 8.500 35.048 -80.411 -48.961 125.985
301.800 8.600 12.45 -63.754 -37.009 93.181
301.800 8.700 -11.188 -49.301 -21.016 62.652
301.800 8.800 -25.963 -25.378 -9.282 39.706
301.800 8.900 -17.12 -6.337 -2.85 19.121
301.800 9.000 -4.788 -4.615 1.413 7.227
301.800 9.100 -0.387 -8.933 3.175 9.618
301.800 9.200 -1.163 -11.917 3.769 12.619
301.800 9.300 -3.721 -13.116 3.966 14.252
301.800 9.400 -7.877 -12.895 3.485 15.612
301.800 9.500 -11.811 -9.121 3.204 15.495
301.800 9.600 -11.162 -5.189 1.44 12.815
301.800 9.700 -10.333 -3.742 -0.721 11.532
301.800 9.800 -8.921 -2.102 -2.413 10.086
301.800 9.900 -7.235 -1.988 -3.838 9.018
301.800 10.000 -6.346 -1.618 -4.592 8.424
301.800 10.100 -5.227 -1.34 -4.372 7.259
301.800 10.200 -4.495 -1.016 -3.875 6.31
301.800 10.300 -3.315 -0.664 -3.53 5.244
301.800 10.400 -2.247 -1.187 -3.42 4.663
301.800 10.500 -2.024 -2.155 -3.657 5.043
301.800 10.600 -2.61 -2.922 -4.047 5.861
301.800 10.700 -3.437 -3.182 -4.077 6.347
301.800 10.800 -4.343 -3.307 -3.508 6.581
301.800 10.900 -5.444 -2.691 -2.719 6.749
301.800 11.000 -5.719 -1.79 -2.14 6.468
301.800 11.100 -5.98 -1.139 -1.731 6.435
301.800 11.200 -5.578 -0.009 -1.92 6.014
301.800 11.300 -4.631 0.304 -2.661 5.458
301.800 11.400 -3.859 0.584 -3.481 5.331
301.800 11.500 -2.662 0.641 -4.477 5.338
301.800 11.600 -1.757 0.247 -5.472 5.827
301.800 11.700 -1.281 -0.016 -6.287 6.48
301.800 11.800 -0.872 -0.114 -7.02 7.133
301.800 11.900 -0.73 -0.304 -7.404 7.498
301.800 12.000 -0.896 -0.408 -7.426 7.539
301.800 12.100 -1.009 -0.512 -7.299 7.429
301.800 12.200 -1.073 -0.771 -6.957 7.12
301.800 12.300 -1.343 -0.95 -6.635 6.87
301.800 12.400 -1.612 -0.986 -6.359 6.666
301.800 12.500 -2.055 -0.836 -6.114 6.535
301.800 12.600 -2.006 -0.135 -6.053 6.412
301.800 12.700 -1.353 0.19 -6.134 6.319
301.800 12.800 -0.831 0.356 -6.126 6.226
301.800 12.900 -0.18 0.54 -5.975 6.036
301.800 13.000 0.486 0.479 -5.728 5.8
301.800 13.100 0.89 0.368 -5.421 5.536
301.800 13.200 1.383 0.258 -5.223 5.437
301.800 13.300 1.459 -0.367 -5.181 5.419
301.800 13.400 0.978 -0.753 -5.421 5.581
301.800 13.500 0.411 -1.363 -6.104 6.285
301.800 13.600 -1.106 -2.044 -7.027 7.416
301.800 13.700 -3.035 -1.811 -7.75 8.535
301.800 13.800 -3.927 -1.134 -7.45 8.516
301.800 13.900 -4.941 -0.643 -6.378 8.113
301.800 14.000 -4.786 1.209 -4.342 6.599
301.800 14.100 -2.518 1.775 -1.368 3.403
301.800 14.200 -0.812 1.146 0.527 1.539
301.800 14.300 0.282 0.493 0.34 0.7
301.800 14.400 1.036 -0.557 -0.862 1.469
301.800 14.500 0.464 -1.56 -2.958 3.384
301.800 14.600 -0.653 -0.959 -5.426 5.561
301.800 14.700 -0.967 0.533 -6.707 6.813
301.800 14.800 -0.334 1.689 -6.537 6.778
301.800 14.900 0.541 1.544 -5.798 6.041
301.800 15.000 0.348 0.945 -4.543 4.67
301.900 0.000 -1.067 -0.461 4.057 4.7
301.900 0.100 -1.981 0.107 4.25 5.227
301.900 0.200 -2.094 1.324 2.95 4.143
301.900 0.300 -1.677 3.01 0.765 3.54
301.900 0.400 0.616 5.619 -0.688 5.698
301.900 0.500 5.338 6.273 -1.112 8.317
301.900 0.600 8.99 3.497 -1.391 9.771
301.900 0.700 9.727 1.085 -2.118 10.045
301.900 0.800 10.467 -0.692 -3.047 10.947
301.900 0.900 9.02 -2.511 -3.145 9.892
301.900 1.000 7.658 -2.317 -3.037 8.567
301.900 1.100 6.449 -2.827 -2.749 7.567
301.900 1.200 4.422 -2.709 -2.053 5.584
301.900 1.300 3.036 -2.781 -1.299 4.323
301.900 1.400 1.247 -3.045 -0.282 3.31
301.900 1.500 -0.536 -2.31 0.47 2.428
301.900 1.600 -1.013 -1.102 0.781 1.707
301.900 1.700 -0.875 -0.44 0.679 1.218
301.900 1.800 -0.474 0.32 0.349 0.712
301.900 1.900 0.421 0.791 -0.026 0.937
301.900 2.000 1.222 0.85 -0.192 1.537
301.900 2.100 1.796 0.914 0.201 2.068
301.900 2.200 2.402 0.954 0.878 2.779
301.900 2.300 2.91 0.932 1.878 3.642
301.900 2.400 3.55 1.028 3.11 4.893
301.900 2.500 4.239 0.984 4.281 6.172
301.900 2.600 5.174 1.235 5.372 7.633
301.900 2.700 6.491 0.936 6.41 9.248
301.900 2.800 7.044 0.566 7.455 10.355
301.900 2.900 8.002 -0.183 8.615 11.847
301.900 3.000 7.661 -1.811 8.96 12.016
301.900 3.100 6.538 -2.226 8.923 11.381
301.900 3.200 5.454 -2.46 8.607 10.587
301.900 3.300 3.995 -1.754 7.472 8.77
301.900 3.400 3.685 0.115 6.048 7.222
301.900 3.500 5.45 1.361 4.105 7.101
301.900 3.600 7.885 -0.514 1.853 8.227
301.900 3.700 6.692 -4.743 0.751 8.315
301.900 3.800 2.457 -6.359 0.579 6.9
301.900 3.900 -1.084 -5.442 0.497 5.632
301.900 4.000 -3.91 -3.863 0.496 5.607
301.900 4.100 -5.609 0.406 0.818 5.848
301.900 4.200 -1.414 4.738 2.427 5.798
301.900 4.300 4.372 4.208 4.503 7.868
301.900 4.400 7.223 1.354 6.097 9.856
301.900 4.500 8.292 -0.918 7.437 11.495
301.900 4.600 8.183 -3.683 8.728 12.852
301.900 4.700 5.941 -5.05 9.822 12.918
301.900 4.800 4.19 -3.947 10.668 12.582
301.900 4.900 4.675 -2.052 11.094 12.767
301.900 5.000 6.604 -1.051 11.648 14.06
301.900 5.100 8.357 -0.904 11.558 14.984
301.900 5.200 10.447 -0.869 11.26 16.139
301.900 5.300 12.428 -2.557 11.469 17.9
301.900 5.400 13.305 -4.083 11.545 18.93
301.900 5.500 14.808 -6.397 11.989 21.016
301.900 5.600 14.231 -9.63 12.322 22.18
301.900 5.700 13.837 -12.632 12.508 23.685
301.900 5.800 10.151 -17.271 11.255 24.239
301.900 5.900 3.188 -16.187 8.24 20.105
301.900 6.000 1.541 -8.472 4.015 12.233
301.900 6.100 9.312 -0.812 -1.954 11.118
301.900 6.200 22.588 0.182 -9.162 25.276
301.900 6.300 36.405 -3.934 -16.997 44.135
301.900 6.400 56.239 -17.543 -26.838 80.896
301.900 6.500 64.061 -48.011 -36.551 128.321
301.900 6.600 64.734 -74.812 -45.204 175.659
301.900 6.700 46.467 -130.401 -50.187 215.367
301.900 6.800 -47.084 -169.874 -44.977 228.723
301.900 6.900 -151.64 -152.24 -26.133 248.443
301.900 7.000 -237.587 -112.851 22.591 291.962
301.900 7.100 -330.056 -33.689 90.375 366.389
301.900 7.200 -328.654 123.597 108.546 381.926
301.900 7.300 -215.546 202.589 66.429 310.422
301.900 7.400 -124.741 208.617 25.093 249.68
301.900 7.500 -62.318 207.876 -7.501 236.855
301.900 7.600 -7.527 211.295 -31.732 251.171
301.900 7.700 53.178 209.844 -33.679 257.564
301.900 7.800 124.402 175.712 -19.782 253.566
301.900 7.900 167.764 98.772 0.681 224.425
301.900 8.000 174.111 31.613 23.425 195.613
301.900 8.100 170.593 -27.475 32.579 195.191
301.900 8.200 146.215 -67.281 19.806 164.565
301.900 8.300 123.786 -84.693 -1.069 152.224
301.900 8.400 89.833 -95.439 -12.48 139.346
301.900 8.500 54.972 -83.797 -13.232 117.591
301.900 8.600 28.384 -71.51 -11.82 92.218
301.900 8.700 -0.812 -55.702 -12.825 64.067
301.900 8.800 -18.117 -30.848 -13.255 41.046
301.900 8.900 -14.928 -12.083 -9.064 22.668
301.900 9.000 -8.147 -8.224 -4.439 12.919
301.900 9.100 -5.174 -9.919 -2.241 11.544
301.900 9.200 -6.361 -12.609 -1.393 14.334
301.900 9.300 -9.232 -12.61 -1.239 15.865
301.900 9.400 -12.062 -12.141 -2.081 17.486
301.900 9.500 -15.602 -8.123 -3.233 18.25
301.900 9.600 -13.588 -3.585 -4.015 15.06
301.900 9.700 -11.39 -2.269 -4.794 12.975
301.900 9.800 -9.084 -0.838 -5.836 11.251
301.900 9.900 -6.666 -1.203 -6.653 9.925
301.900 10.000 -5.551 -1.734 -6.62 9.175
301.900 10.100 -4.883 -2.047 -5.815 8.15
301.900 10.200 -4.703 -1.622 -4.839 7.2
301.900 10.300 -3.829 -0.95 -4.338 6.152
301.900 10.400 -2.961 -1.131 -4.232 5.581
301.900 10.500 -2.486 -1.661 -4.607 5.751
301.900 10.600 -2.543 -2.533 -5.223 6.532
301.900 10.700 -3.265 -3.34 -5.5 7.345
301.900 10.800 -4.777 -4.031 -5.236 8.247
301.900 10.900 -6.823 -3.295 -4.636 8.98
301.900 11.000 -7.145 -2.085 -4.433 8.769
301.900 11.100 -7.806 -1.38 -4.259 9.104
301.900 11.200 -7.114 0.545 -4.339 8.469
301.900 11.300 -5.212 0.904 -4.738 7.214
301.900 11.400 -3.971 1.2 -5.035 6.631
301.900 11.500 -2.108 1.314 -5.263 5.919
301.900 11.600 -0.677 0.84 -5.507 5.696
301.900 11.700 0.143 0.532 -5.818 5.918
301.900 11.800 0.897 0.372 -6.194 6.334
301.900 11.900 1.31 0.01 -6.589 6.774
301.900 12.000 1.475 -0.154 -7.072 7.277
301.900 12.100 1.54 -0.643 -7.378 7.608
301.900 12.200 0.995 -1.107 -7.19 7.38
301.900 12.300 0.366 -1.164 -7.027 7.166
301.900 12.400 -0.071 -1.136 -6.956 7.079
301.900 12.500 -0.59 -0.933 -6.966 7.085
301.900 12.600 -0.603 -0.263 -6.816 6.881
301.900 12.700 -0.007 0.05 -6.459 6.493
301.900 12.800 0.47 0.098 -6.094 6.145
301.900 12.900 0.927 0.166 -5.58 5.691
301.900 13.000 1.447 0.042 -4.993 5.228
301.900 13.100 1.591 -0.111 -4.333 4.645
301.900 13.200 1.906 0.017 -3.715 4.203
301.900 13.300 2.045 -0.196 -3.643 4.208
301.900 13.400 1.88 -0.103 -4.289 4.709
301.900 13.500 2.003 -0.247 -5.397 5.785
301.900 13.600 1.875 -0.57 -7.072 7.36
301.900 13.700 1.662 -1.125 -8.739 8.985
301.900 13.800 0.752 -1.911 -8.713 8.967
301.900 13.900 -0.614 -1.934 -7.599 7.881
301.900 14.000 -1.735 -1.523 -5.711 6.174
301.900 14.100 -2.965 -1.177 -2.836 4.283
301.900 14.200 -3.704 0.116 -0.669 3.788
301.900 14.300 -2.183 1.096 -0.324 2.494
301.900 14.400 -0.649 0.65 -0.855 1.283
301.900 14.500 0.005 0.322 -1.939 1.986
301.900 14.600 0.629 0.679 -3.247 3.396
301.900 14.700 1.221 1.048 -4.178 4.496
301.900 14.800 1.728 1.451 -4.564 5.11
301.900 14.900 2.308 0.812 -4.359 5.015
301.900 15.000 1.61 -0.122 -3.648 4.002
302.000 0.000 -2.626 -1.131 3.042 4.475
302.000 0.100 -4.235 0.533 3.272 5.641
302.000 0.200 -3.207 3.151 2.197 5.146
302.000 0.300 -0.877 4.652 0.729 4.82
302.000 0.400 2.207 6.138 0.108 6.53
302.000 0.500 6.915 6.325 0.185 9.384
302.000 0.600 10.592 3.359 0.59 11.157
302.000 0.700 11.079 1.047 1.558 11.273
302.000 0.800 11.895 -0.541 2.272 12.15
302.000 0.900 10.432 -2.425 2.07 10.93
302.000 1.000 8.92 -2.241 1.661 9.362
302.000 1.100 7.822 -2.691 1.184 8.37
302.000 1.200 6.392 -2.567 0.422 6.915
302.000 1.300 5.352 -3.18 -0.061 6.237
302.000 1.400 2.701 -3.726 0.067 4.613
302.000 1.500 0.316 -2.629 0.228 2.667
302.000 1.600 -0.353 -1.134 0.191 1.214
302.000 1.700 -0.213 -0.295 0.108 0.396
302.000 1.800 0.343 0.526 0.077 0.669
302.000 1.900 1.601 0.965 0.112 1.907
302.000 2.000 2.708 0.608 0.331 2.829
302.000 2.100 2.997 0.322 0.844 3.169
302.000 2.200 3.43 0.149 1.515 3.795
302.000 2.300 3.337 -0.289 2.532 4.248
302.000 2.400 3.135 -0.241 3.777 4.972
302.000 2.500 3.071 -0.324 5.076 6.006
302.000 2.600 2.92 -0.185 6.576 7.27
302.000 2.700 3.116 -0.092 7.94 8.608
302.000 2.800 3.324 -0.248 8.58 9.289
302.000 2.900 3.581 -0.862 9.088 9.895
302.000 3.000 3.183 -1.852 9.401 10.189
302.000 3.100 2.259 -2.157 9.466 10.068
302.000 3.200 1.436 -1.752 9.182 9.568
302.000 3.300 0.875 -0.603 8.406 8.598
302.000 3.400 1.463 1.666 7.328 7.802
302.000 3.500 4.792 3.545 5.699 8.399
302.000 3.600 9.444 1.496 3.853 10.434
302.000 3.700 8.865 -3.749 1.988 9.921
302.000 3.800 4.408 -5.569 0.129 7.165
302.000 3.900 1.053 -5.027 -1.108 5.288
302.000 4.000 -1.312 -3.756 -1.39 4.244
302.000 4.100 -2.535 -0.59 -0.905 2.839
302.000 4.200 -0.241 2.426 0.782 2.822
302.000 4.300 3.23 2.032 3.06 5.174
302.000 4.400 4.937 -0.313 5.151 7.423
302.000 4.500 5.264 -2.466 7.043 9.426
302.000 4.600 4.424 -4.826 8.501 11.04
302.000 4.700 1.748 -5.949 9.388 11.595
302.000 4.800 -0.524 -4.574 10.132 11.546
302.000 4.900 -0.579 -2.636 10.57 11.419
302.000 5.000 0.079 -1.652 11.095 11.813
302.000 5.100 1.821 -0.621 11.419 12.265
302.000 5.200 4.681 -0.971 11.605 13.295
302.000 5.300 6.551 -2.857 12.031 14.781
302.000 5.400 7.022 -4.707 12.629 16.047
302.000 5.500 7.297 -6.897 13.334 17.619
302.000 5.600 6.386 -9.761 13.345 18.751
302.000 5.700 4.467 -12.56 13.337 20.018
302.000 5.800 0.918 -15.014 12.25 20.739
302.000 5.900 -4.412 -13.509 10.31 19.271
302.000 6.000 -5.277 -4.645 8.44 13.428
302.000 6.100 4.855 4.091 5.681 10.538
302.000 6.200 20.264 5.728 2.828 22.698
302.000 6.300 36.015 2.484 -1.634 40.351
302.000 6.400 56.845 -11.473 -5.592 71.855
302.000 6.500 64.229 -43.888 -7.793 111.417
302.000 6.600 57.713 -74.909 -5.618 151.565
302.000 6.700 33.334 -124.744 -6.723 188.962
302.000 6.800 -43.443 -165.188 -22.786 215.018
302.000 6.900 -141.66 -167.245 -32.921 254.858
302.000 7.000 -254.075 -154.15 -28.93 320.063
302.000 7.100 -413.943 -75.955 -16.591 428.235
302.000 7.200 -425.737 136.714 -4.515 447.567
302.000 7.300 -254.077 229.947 2.523 345.426
302.000 7.400 -132.046 230.755 1.884 275.614
302.000 7.500 -49.876 229.045 -7.277 241.675
302.000 7.600 21.606 224.879 -19.636 237.518
302.000 7.700 88.743 211.024 -31.723 251.112
302.000 7.800 159.509 166.008 -38.276 267.65
302.000 7.900 193.145 75.931 -25.253 251.266
302.000 8.000 181.194 9.524 3.884 219.483
302.000 8.100 166.251 -33.681 25.362 196.94
302.000 8.200 140.772 -58.431 32.755 159.576
302.000 8.300 126.514 -72.623 29.379 150.285
302.000 8.400 92.229 -91.316 22.132 135.515
302.000 8.500 49.317 -83.207 16.81 106.624
302.000 8.600 21.613 -66.428 10.365 80.019
302.000 8.700 1.925 -49.148 0.094 55.83
302.000 8.800 -9.054 -29.173 -7.394 36.745
302.000 8.900 -8.311 -14.346 -10.072 22.631
302.000 9.000 -4.899 -10.181 -10.488 16.494
302.000 9.100 -3.622 -11.168 -9.659 15.571
302.000 9.200 -5.517 -13.121 -8.645 16.963
302.000 9.300 -8.585 -12.62 -8.237 17.691
302.000 9.400 -11.349 -11.444 -8.066 18.385
302.000 9.500 -13.985 -7.295 -8.478 18.343
302.000 9.600 -12.3 -2.962 -9.435 16.27
302.000 9.700 -10.49 -1.605 -10.433 15.339
302.000 9.800 -7.771 -0.241 -10.742 13.689
302.000 9.900 -4.782 -1.202 -10.423 11.903
302.000 10.000 -3.879 -2.618 -9.568 10.945
302.000 10.100 -4.384 -3.481 -7.984 9.973
302.000 10.200 -5.447 -2.545 -6.476 9.068
302.000 10.300 -4.53 -1.113 -5.946 7.825
302.000 10.400 -3.486 -0.975 -5.982 7.251
302.000 10.500 -2.574 -1.002 -6.424 7.23
302.000 10.600 -1.914 -1.899 -7.205 7.883
302.000 10.700 -2.275 -3.083 -7.851 8.873
302.000 10.800 -3.717 -4.113 -8.226 10.023
302.000 10.900 -5.863 -3.495 -8.487 10.994
302.000 11.000 -6.124 -2.207 -8.261 10.623
302.000 11.100 -6.461 -1.437 -8.149 10.602
302.000 11.200 -5.74 0.363 -7.788 9.794
302.000 11.300 -3.875 0.857 -7.184 8.316
302.000 11.400 -2.546 0.982 -6.68 7.317
302.000 11.500 -1.054 1.045 -5.96 6.238
302.000 11.600 0.208 0.756 -5.402 5.544
302.000 11.700 1.082 0.642 -5.1 5.331
302.000 11.800 2.122 0.641 -5.106 5.638
302.000 11.900 2.804 0.318 -5.245 6.018
302.000 12.000 3.451 0.345 -5.51 6.57
302.000 12.100 4.031 -0.46 -5.93 7.234
302.000 12.200 3.223 -1.038 -6.349 7.235
302.000 12.300 2.653 -1.062 -6.822 7.433
302.000 12.400 2.188 -1.141 -6.936 7.395
302.000 12.500 1.867 -0.911 -6.952 7.288
302.000 12.600 1.745 -0.658 -6.762 7.047
302.000 12.700 1.792 -0.39 -6.273 6.567
302.000 12.800 1.973 -0.417 -5.779 6.151
302.000 12.900 1.939 -0.51 -5.124 5.531
302.000 13.000 1.936 -0.674 -4.356 4.84
302.000 13.100 1.578 -0.891 -3.548 4.005
302.000 13.200 1.121 -0.569 -2.703 3.003
302.000 13.300 1.212 0.179 -2.486 2.801
302.000 13.400 2.067 0.837 -3.15 3.894
302.000 13.500 3.253 1.003 -4.109 5.367
302.000 13.600 4.679 1.148 -5.28 7.178
302.000 13.700 6.711 -0.121 -6.526 9.386
302.000 13.800 5.516 -2.635 -6.724 9.103
302.000 13.900 3.006 -3.005 -6.175 7.508
302.000 14.000 0.875 -3.304 -5.337 6.346
302.000 14.100 -2.127 -3.1 -4.29 5.713
302.000 14.200 -4.205 -1.018 -3.316 5.467
302.000 14.300 -3.149 0.709 -2.214 3.937
302.000 14.400 -1.809 0.849 -1.477 2.51
302.000 14.500 -0.843 1.057 -1.488 2.039
302.000 14.600 0.222 1.374 -1.818 2.317
302.000 14.700 1.289 1.691 -2.231 3.106
302.000 14.800 2.658 1.844 -2.829 4.321
302.000 14.900 3.722 0.541 -3.121 4.905
302.000 15.000 2.602 -0.874 -2.66 3.834
302.100 0.000 -3.223 -1.284 1.409 3.955
302.100 0.100 -5.056 0.936 0.94 5.394
302.100 0.200 -3.266 4.137 0.542 5.412
302.100 0.300 0.052 5.158 0.358 5.222
302.100 0.400 3.213 5.531 1.125 6.519
302.100 0.500 7.357 5.242 3.072 9.568
302.100 0.600 10.48 2.247 4.96 11.855
302.100 0.700 9.84 0.079 5.837 11.487
302.100 0.800 9.605 -0.826 6.216 11.507
302.100 0.900 8.599 -1.843 6.046 10.701
302.100 1.000 7.872 -1.58 5.33 9.661
302.100 1.100 7.284 -1.906 4.45 8.767
302.100 1.200 6.434 -1.758 3.586 7.593
302.100 1.300 5.841 -2.51 2.591 6.883
302.100 1.400 3.524 -3.187 1.283 4.938
302.100 1.500 1.361 -2.262 0.179 2.657
302.100 1.600 0.828 -0.958 -0.288 1.306
302.100 1.700 1.06 -0.281 -0.375 1.172
302.100 1.800 1.548 0.262 -0.113 1.598
302.100 1.900 2.517 0.515 0.558 2.66
302.100 2.000 3.338 0.066 1.286 3.612
302.100 2.100 3.456 -0.341 2.001 4.046
302.100 2.200 3.631 -0.68 2.82 4.69
302.100 2.300 3.132 -1.31 3.646 5.028
302.100 2.400 2.329 -1.372 4.547 5.343
302.100 2.500 1.598 -1.494 5.46 5.941
302.100 2.600 0.46 -1.517 6.357 6.618
302.100 2.700 -0.425 -0.916 7.193 7.337
302.100 2.800 -0.092 -0.647 7.67 7.779
302.100 2.900 0.101 -1.297 8.15 8.338
302.100 3.000 -0.4 -2.075 8.485 8.833
302.100 3.100 -1.505 -2.289 8.813 9.324
302.100 3.200 -2.282 -1.295 8.848 9.335
302.100 3.300 -2.284 0.122 8.294 8.725
302.100 3.400 -1.356 2.647 7.726 8.421
302.100 3.500 2.748 4.838 7.01 9.103
302.100 3.600 7.732 3.037 5.988 10.38
302.100 3.700 8.681 -1.24 4.005 9.757
302.100 3.800 7.009 -3.114 1.098 7.838
302.100 3.900 5.099 -4.108 -1.04 6.689
302.100 4.000 2.193 -3.835 -1.593 4.731
302.100 4.100 0.384 -1.537 -1.408 2.128
302.100 4.200 1.574 0.48 -0.071 1.804
302.100 4.300 3.605 -0.09 1.897 4.283
302.100 4.400 4.036 -2.298 3.838 6.248
302.100 4.500 2.956 -4.204 5.597 7.847
302.100 4.600 1.155 -5.775 6.755 9.23
302.100 4.700 -1.826 -6.713 7.322 10.392
302.100 4.800 -4.868 -5.04 7.865 10.882
302.100 4.900 -4.399 -2.667 7.898 9.858
302.100 5.000 -3.263 -2.056 8.033 9.418
302.100 5.100 -1.749 -1.302 8.861 9.727
302.100 5.200 0.433 -1.782 10.126 10.968
302.100 5.300 1.672 -3.331 10.984 12.335
302.100 5.400 1.738 -5.105 11.089 13.134
302.100 5.500 1.158 -6.875 10.839 13.768
302.100 5.600 0.332 -9.197 9.989 14.527
302.100 5.700 -2.055 -11.951 8.863 16.016
302.100 5.800 -5.369 -13.47 7.713 17.505
302.100 5.900 -10.08 -12.43 6.701 18.588
302.100 6.000 -11.558 -3.911 6.702 15.445
302.100 6.100 -2.284 4.276 8.464 11.306
302.100 6.200 10.77 7.26 10.09 17.132
302.100 6.300 28.055 6.769 8.513 31.916
302.100 6.400 50.609 -7.946 4.122 58.387
302.100 6.500 54.385 -43.771 1.186 87.887
302.100 6.600 35.074 -76.185 -0.369 114.168
302.100 6.700 4.112 -112.049 -9.329 144.31
302.100 6.800 -52.459 -143.744 -29.629 177.39
302.100 6.900 -128.958 -150.292 -54.751 223.765
302.100 7.000 -217.011 -134.86 -86.44 284.03
302.100 7.100 -324.243 -61.086 -125.091 364.938
302.100 7.200 -333.939 102.98 -117.598 379.51
302.100 7.300 -227.19 193.811 -58.603 310.527
302.100 7.400 -133.529 219.555 -16.782 261.505
302.100 7.500 -50.149 233.681 -6.009 240.363
302.100 7.600 30.239 235.312 -9.629 238.954
302.100 7.700 117.104 226.976 -21.443 263.546
302.100 7.800 222.176 173.215 -37.705 303.781
302.100 7.900 256.502 46.011 -27.235 294.879
302.100 8.000 200.698 -27.463 15.021 243.561
302.100 8.100 157.957 -51.893 46.981 200.861
302.100 8.200 122.268 -62.035 56.808 155.181
302.100 8.300 100.256 -68.02 55.667 135.201
302.100 8.400 70.04 -80.346 45.398 118.56
302.100 8.500 32.827 -74.287 31.903 91.476
302.100 8.600 9.354 -55.336 19.587 65.54
302.100 8.700 -0.965 -38.274 7.365 45.714
302.100 8.800 -5.633 -22.587 -2.421 30.889
302.100 8.900 -2.261 -10.959 -8.674 19.366
302.100 9.000 3.06 -8.8 -12.682 17.77
302.100 9.100 3.241 -12.106 -13.687 19.491
302.100 9.200 -0.968 -13.843 -13.037 19.707
302.100 9.300 -4.993 -12.806 -12.851 19.377
302.100 9.400 -8.555 -11.355 -13.244 19.907
302.100 9.500 -11.767 -6.626 -13.836 19.833
302.100 9.600 -8.704 -1.71 -14.532 17.535
302.100 9.700 -4.998 -0.896 -15.279 16.51
302.100 9.800 -2.515 -0.987 -14.844 15.359
302.100 9.900 -0.73 -2.181 -13.52 13.914
302.100 10.000 -0.617 -4.026 -12.167 12.972
302.100 10.100 -2.433 -5.059 -10.688 12.198
302.100 10.200 -4.475 -3.626 -9.488 11.302
302.100 10.300 -3.842 -1.561 -8.463 9.676
302.100 10.400 -2.648 -0.876 -7.998 8.712
302.100 10.500 -1.348 -0.401 -8.241 8.586
302.100 10.600 0.138 -1.017 -9.06 9.308
302.100 10.700 0.511 -2.593 -9.812 10.304
302.100 10.800 -0.564 -3.691 -10.148 10.924
302.100 10.900 -1.943 -3.43 -10.423 11.245
302.100 11.000 -2.638 -2.613 -10.169 10.923
302.100 11.100 -3.076 -1.711 -9.732 10.445
302.100 11.200 -2.695 -0.406 -9.103 9.602
302.100 11.300 -1.557 0.113 -8.201 8.445
302.100 11.400 -0.657 0.081 -7.18 7.3
302.100 11.500 0.072 0.073 -5.952 6.036
302.100 11.600 0.802 0.039 -4.798 4.942
302.100 11.700 1.341 0.179 -3.925 4.225
302.100 11.800 2.281 0.478 -3.268 4.089
302.100 11.900 3.003 0.397 -3.082 4.39
302.100 12.000 3.677 0.594 -3.278 5.027
302.100 12.100 4.475 0.075 -3.649 5.829
302.100 12.200 4.579 -0.244 -4.447 6.436
302.100 12.300 5.05 -0.577 -5.237 7.341
302.100 12.400 4.527 -1.157 -5.513 7.262
302.100 12.500 4.074 -0.908 -5.57 6.995
302.100 12.600 3.836 -0.941 -5.547 6.842
302.100 12.700 3.499 -0.75 -5.409 6.517
302.100 12.800 3.417 -0.874 -5.167 6.284
302.100 12.900 3.001 -1.124 -4.735 5.743
302.100 13.000 2.559 -1.351 -4.212 5.132
302.100 13.100 1.712 -1.67 -3.595 4.335
302.100 13.200 0.523 -1.237 -2.938 3.246
302.100 13.300 0.436 0.212 -2.465 2.542
302.100 13.400 1.887 1.232 -2.223 3.206
302.100 13.500 3.56 1.54 -2.156 4.477
302.100 13.600 5.376 1.762 -2.253 6.125
302.100 13.700 7.657 0.388 -2.3 8.033
302.100 13.800 6.913 -2.252 -2.983 7.877
302.100 13.900 4.803 -2.952 -3.934 6.888
302.100 14.000 2.724 -3.611 -4.418 6.331
302.100 14.100 -0.182 -3.446 -4.552 5.719
302.100 14.200 -2.21 -1.762 -4.449 5.283
302.100 14.300 -2.47 -0.418 -3.713 4.496
302.100 14.400 -2.5 0.164 -2.729 3.724
302.100 14.500 -1.743 0.97 -2.07 2.899
302.100 14.600 -0.545 1.326 -1.577 2.159
302.100 14.700 0.66 1.869 -1.21 2.353
302.100 14.800 2.604 2.106 -1.033 3.532
302.100 14.900 4.146 0.515 -0.928 4.298
302.100 15.000 2.89 -1.135 -1.082 3.297
302.200 0.000 -2.525 -0.734 0.577 2.928
302.200 0.100 -3.336 1.4 0.078 3.86
302.200 0.200 -1.51 4.123 0.012 4.577
302.200 0.300 1.847 4.63 0.416 5.117
302.200 0.400 4.084 3.418 2.041 5.781
302.200 0.500 5.396 2.351 5.035 7.808
302.200 0.600 6.275 0.628 7.688 10.005
302.200 0.700 6.057 -0.488 9.034 10.942
302.200 0.800 6.262 -1.007 9.796 11.714
302.200 0.900 5.415 -1.469 9.751 11.285
302.200 1.000 5.059 -0.768 9.215 10.569
302.200 1.100 5.062 -0.699 8.063 9.574
302.200 1.200 4.874 -0.395 6.203 7.925
302.200 1.300 5.003 -0.958 4.333 6.712
302.200 1.400 4.091 -1.481 2.479 5.03
302.200 1.500 3.386 -1.171 0.795 3.688
302.200 1.600 3.038 -0.773 0.143 3.155
302.200 1.700 3.195 -0.346 0.115 3.235
302.200 1.800 3.423 -0.411 0.522 3.51
302.200 1.900 3.569 -0.33 1.413 3.883
302.200 2.000 3.9 -0.724 2.248 4.593
302.200 2.100 3.533 -1.142 3.067 4.854
302.200 2.200 3.279 -1.435 3.746 5.224
302.200 2.300 2.48 -2.037 4.377 5.473
302.200 2.400 1.319 -2.075 4.932 5.561
302.200 2.500 0.312 -1.997 5.24 5.673
302.200 2.600 -0.902 -1.911 5.249 5.718
302.200 2.700 -1.92 -1.285 5.183 5.741
302.200 2.800 -1.994 -1.121 5.4 5.938
302.200 2.900 -2.519 -1.727 5.751 6.587
302.200 3.000 -3.175 -2.278 5.897 7.152
302.200 3.100 -4.692 -2.739 6.153 8.287
302.200 3.200 -5.712 -1.184 6.553 8.865
302.200 3.300 -4.825 0.341 6.903 8.538
302.200 3.400 -3.487 2.734 7.447 8.794
302.200 3.500 0.691 5.199 7.863 9.599
302.200 3.600 6.212 4.123 7.715 10.872
302.200 3.700 8.156 0.796 6.694 10.716
302.200 3.800 8.585 -0.479 4.812 9.982
302.200 3.900 8.431 -2.521 2.678 9.309
302.200 4.000 5.829 -2.87 0.672 6.627
302.200 4.100 4.631 -1.801 -0.545 5.086
302.200 4.200 4.602 -1.179 0.237 4.875
302.200 4.300 5.239 -1.782 1.62 5.919
302.200 4.400 4.521 -3.924 2.939 6.841
302.200 4.500 2.274 -5.344 3.963 7.227
302.200 4.600 -0.009 -6.089 4.195 7.608
302.200 4.700 -2.727 -6.638 3.709 8.297
302.200 4.800 -5.548 -5.189 3.151 8.468
302.200 4.900 -5.136 -3.197 3.849 7.493
302.200 5.000 -4.233 -2.94 5.171 7.711
302.200 5.100 -3.455 -2.627 6.537 8.347
302.200 5.200 -2.62 -3.074 7.924 9.478
302.200 5.300 -2.216 -3.639 8.741 10.388
302.200 5.400 -1.717 -4.615 8.44 10.512
302.200 5.500 -1.745 -5.896 7.392 10.419
302.200 5.600 -1.791 -7.632 5.754 10.555
302.200 5.700 -2.847 -10.373 3.673 12.151
302.200 5.800 -5.689 -12.81 2.59 15.032
302.200 5.900 -10.383 -12.429 3.011 17.346
302.200 6.000 -12.527 -6.003 4.865 15.792
302.200 6.100 -7.554 0.646 8.715 12.666
302.200 6.200 1.052 4.971 13.205 14.607
302.200 6.300 16.648 7.212 16.781 26.595
302.200 6.400 39.348 -4.723 18.56 49.907
302.200 6.500 42.661 -37.467 11.987 70.102
302.200 6.600 22.494 -65.145 -4.474 83.906
302.200 6.700 -4.801 -93.739 -25.192 106.663
302.200 6.800 -51.662 -120.728 -48.272 140.509
302.200 6.900 -114.761 -122.756 -72.482 188.379
302.200 7.000 -168.742 -98.144 -101.707 234.319
302.200 7.100 -222.331 -41.259 -124.012 288.458
302.200 7.200 -231.404 64.396 -113.079 299.078
302.200 7.300 -187.666 138.58 -70.717 259.249
302.200 7.400 -136.414 190.395 -29.716 240.243
302.200 7.500 -54.783 226.245 -6.664 233.369
302.200 7.600 33.346 236.527 3.883 240.035
302.200 7.700 132.313 233.414 8.149 271.331
302.200 7.800 255.539 172.499 16.5 319.071
302.200 7.900 287.171 19.941 32.89 312.558
302.200 8.000 199.947 -60.498 53.625 248.621
302.200 8.100 133.379 -67.933 71.913 191.034
302.200 8.200 93.978 -61.502 75.177 146.246
302.200 8.300 73.224 -59.173 66.311 121.356
302.200 8.400 48.297 -66.156 51.978 101.406
302.200 8.500 18.608 -60.317 36.526 76.312
302.200 8.600 1.044 -42.748 22.518 52.103
302.200 8.700 -3.981 -27.297 10.548 34.256
302.200 8.800 -4.076 -14.517 1.158 20.999
302.200 8.900 2.303 -5.334 -6.003 14.24
302.200 9.000 10.305 -5.489 -10.897 18.916
302.200 9.100 10.651 -11.304 -13.701 22.436
302.200 9.200 5.467 -13.449 -15.452 22.352
302.200 9.300 1.223 -12.319 -16.524 21.436
302.200 9.400 -1.708 -10.38 -17.272 20.821
302.200 9.500 -3.631 -6.209 -18.129 20.026
302.200 9.600 -1.428 -1.949 -17.492 18.047
302.200 9.700 2.124 -1.081 -16.687 17.024
302.200 9.800 3.869 -2.139 -15.878 16.496
302.200 9.900 4.332 -3.416 -14.857 15.86
302.200 10.000 3.618 -5.42 -13.702 15.191
302.200 10.100 0.987 -6.375 -12.269 13.939
302.200 10.200 -1.463 -4.729 -10.999 12.254
302.200 10.300 -1.676 -2.467 -10.034 10.7
302.200 10.400 -1.101 -1.161 -9.408 9.762
302.200 10.500 0.424 0.032 -9.312 9.537
302.200 10.600 2.914 -0.246 -9.671 10.29
302.200 10.700 4.017 -2.264 -10.031 11.176
302.200 10.800 2.855 -3.492 -10.187 11.246
302.200 10.900 1.678 -3.397 -10.323 11.091
302.200 11.000 0.782 -2.923 -10.254 10.78
302.200 11.100 0.109 -2.144 -10.046 10.361
302.200 11.200 0.135 -1.227 -9.449 9.618
302.200 11.300 0.684 -0.899 -8.452 8.612
302.200 11.400 0.954 -1.147 -7.288 7.513
302.200 11.500 0.741 -1.343 -5.83 6.091
302.200 11.600 0.496 -1.132 -4.352 4.581
302.200 11.700 0.514 -0.723 -3.26 3.433
302.200 11.800 0.75 -0.215 -2.282 2.471
302.200 11.900 1.465 0.497 -1.855 2.493
302.200 12.000 2.829 0.886 -2.058 3.684
302.200 12.100 4.044 0.504 -2.3 4.742
302.200 12.200 4.722 0.301 -2.523 5.418
302.200 12.300 5.635 -0.145 -2.742 6.318
302.200 12.400 5.49 -0.812 -3.21 6.45
302.200 12.500 5.346 -0.707 -3.724 6.592
302.200 12.600 5.264 -0.908 -3.928 6.665
302.200 12.700 5.136 -0.709 -4.02 6.595
302.200 12.800 5.213 -1.047 -4.166 6.785
302.200 12.900 4.441 -1.454 -4.072 6.224
302.200 13.000 3.752 -1.704 -3.993 5.76
302.200 13.100 2.696 -2.137 -3.752 5.107
302.200 13.200 1.397 -1.718 -3.38 4.055
302.200 13.300 1.006 -0.449 -2.714 2.953
302.200 13.400 1.731 0.587 -1.694 2.528
302.200 13.500 2.864 1.204 -0.828 3.256
302.200 13.600 4.493 1.572 -0.301 4.809
302.200 13.700 6.386 0.534 -0.119 6.44
302.200 13.800 6.293 -1.324 -0.477 6.47
302.200 13.900 5.596 -1.904 -1.416 6.096
302.200 14.000 4.285 -2.972 -2.576 5.828
302.200 14.100 1.505 -2.931 -3.75 5.001
302.200 14.200 -0.333 -1.683 -4.667 4.985
302.200 14.300 -0.838 -0.871 -4.944 5.105
302.200 14.400 -1.334 -0.574 -4.713 4.947
302.200 14.500 -1.243 -0.056 -3.566 3.795
302.200 14.600 -0.877 0.356 -1.916 2.158
302.200 14.700 -0.212 1.289 -0.728 1.529
302.200 14.800 1.311 1.684 -0.069 2.166
302.200 14.900 2.454 0.556 0.221 2.545
302.200 15.000 1.963 -0.698 -0.136 2.098
302.300 0.000 -1.901 -0.36 0.598 2.267
302.300 0.100 -2.318 1.543 0.444 3.086
302.300 0.200 -0.312 3.8 0.734 4.083
302.300 0.300 3.07 3.592 1.66 5.146
302.300 0.400 4.289 1.053 3.343 5.651
302.300 0.500 3.282 -0.518 5.698 6.685
302.300 0.600 2.259 -1.46 8.013 8.524
302.300 0.700 0.885 -2.079 9.959 10.271
302.300 0.800 -0.364 -1.743 11.579 11.762
302.300 0.900 -0.74 -0.906 11.542 11.64
302.300 1.000 -0.656 -0.114 10.923 10.977
302.300 1.100 0.192 1.08 9.861 9.953
302.300 1.200 2.2 1.663 7.995 8.487
302.300 1.300 3.874 0.887 6.25 7.436
302.300 1.400 4.221 0.349 4.51 6.215
302.300 1.500 4.916 0.066 3.065 5.819
302.300 1.600 4.725 -0.541 2.331 5.322
302.300 1.700 4.651 -0.472 2.231 5.207
302.300 1.800 4.557 -1.084 2.563 5.368
302.300 1.900 3.936 -1.208 3.247 5.276
302.300 2.000 3.729 -1.491 4.039 5.732
302.300 2.100 3.035 -1.774 4.615 5.841
302.300 2.200 2.616 -1.937 5.107 6.099
302.300 2.300 1.606 -2.434 5.361 6.148
302.300 2.400 0.258 -2.259 5.378 5.889
302.300 2.500 -0.689 -1.842 5.126 5.545
302.300 2.600 -1.517 -1.508 4.551 5.087
302.300 2.700 -2.121 -0.945 3.857 4.565
302.300 2.800 -2.131 -0.9 3.07 3.909
302.300 2.900 -2.617 -1.592 2.289 3.883
302.300 3.000 -3.207 -2.311 2.057 4.51
302.300 3.100 -4.566 -2.987 2.144 5.916
302.300 3.200 -5.822 -2.055 2.787 6.84
302.300 3.300 -6.162 -1.043 4.508 7.792
302.300 3.400 -6.188 1.451 6.536 9.226
302.300 3.500 -2.656 4.123 8.459 9.913
302.300 3.600 1.906 3.766 10.33 11.305
302.300 3.700 4.214 2.062 10.344 11.507
302.300 3.800 5.672 1.207 8.983 10.845
302.300 3.900 6.708 -0.256 7.287 10.059
302.300 4.000 6.918 -0.601 5.037 8.727
302.300 4.100 7.902 -1.248 3.551 8.893
302.300 4.200 6.987 -2.177 3.549 8.283
302.300 4.300 6.703 -2.628 4.086 8.446
302.300 4.400 5.349 -4.59 4.263 8.411
302.300 4.500 2.723 -5.332 3.839 7.297
302.300 4.600 0.8 -5.525 3.025 6.539
302.300 4.700 -0.927 -5.584 1.972 6.177
302.300 4.800 -2.336 -5.024 1.084 5.83
302.300 4.900 -3.058 -4.481 1.551 5.875
302.300 5.000 -3.805 -4.355 2.718 6.695
302.300 5.100 -4.112 -4.084 4.128 7.505
302.300 5.200 -4.296 -4.274 5.588 8.721
302.300 5.300 -4.474 -3.902 6.364 9.272
302.300 5.400 -3.759 -3.921 6.18 8.896
302.300 5.500 -3.128 -4.484 5.161 8.27
302.300 5.600 -1.982 -5.508 3.354 7.534
302.300 5.700 -1.11 -8.411 1.175 9.253
302.300 5.800 -3.585 -12.652 -0.09 13.779
302.300 5.900 -9.97 -13.866 0.26 17.744
302.300 6.000 -14.482 -9.261 2.581 18.252
302.300 6.100 -12.935 -4.548 7.501 16.952
302.300 6.200 -9.526 -0.331 13.879 18.868
302.300 6.300 -0.602 2.398 19.333 23.832
302.300 6.400 10.883 -4.703 22.609 36.402
302.300 6.500 16.319 -20.938 13.422 48.858
302.300 6.600 14.979 -40.445 -10.966 62.783
302.300 6.700 3.312 -67.469 -40.379 92.835
302.300 6.800 -31.452 -93.288 -72.026 135.781
302.300 6.900 -81.48 -98.296 -102.524 180.296
302.300 7.000 -121.341 -81.625 -114.899 208.093
302.300 7.100 -162.345 -41.399 -111.09 232.201
302.300 7.200 -176.477 37.175 -93.777 233.071
302.300 7.300 -154.621 101.113 -64.44 209.424
302.300 7.400 -120.356 158.246 -32.758 204.695
302.300 7.500 -53.278 203.407 -2.075 210.343
302.300 7.600 28.504 223.266 21.679 226.208
302.300 7.700 128.292 225.052 36.512 262.91
302.300 7.800 247.662 158.629 44.609 306.449
302.300 7.900 270.26 -0.238 62.017 300.026
302.300 8.000 172.817 -82.367 91.803 246.92
302.300 8.100 94.948 -74.306 106.792 194.788
302.300 8.200 56.675 -51.332 96.198 148.337
302.300 8.300 42.665 -42.737 75.575 114.861
302.300 8.400 26.624 -48.057 53.949 88.707
302.300 8.500 4.222 -45.078 35.225 64.355
302.300 8.600 -8.07 -29.507 20.844 40.957
302.300 8.700 -7.312 -16.919 9.134 23.59
302.300 8.800 -4.136 -6.896 0.814 12.06
302.300 8.900 5.48 0.48 -5.17 12.376
302.300 9.000 15.796 -1.728 -9.814 21.833
302.300 9.100 17.48 -8.922 -12.584 25.459
302.300 9.200 14.073 -11.468 -14.668 24.748
302.300 9.300 10.687 -11.768 -16.059 23.512
302.300 9.400 7.078 -9.838 -16.136 20.834
302.300 9.500 5.655 -6.211 -16.309 18.822
302.300 9.600 6.329 -2.903 -15.915 17.552
302.300 9.700 8.613 -1.755 -15.42 17.773
302.300 9.800 9.876 -2.823 -14.893 18.153
302.300 9.900 10.346 -3.991 -14.583 18.393
302.300 10.000 9.365 -6.656 -14.042 18.206
302.300 10.100 5.346 -7.788 -12.702 15.966
302.300 10.200 1.892 -5.715 -11.724 13.416
302.300 10.300 1.342 -3.103 -11.022 11.766
302.300 10.400 1.852 -1.534 -10.606 11.077
302.300 10.500 3.256 -0.232 -10.056 10.76
302.300 10.600 5.611 -0.296 -9.453 11.159
302.300 10.700 6.74 -2.201 -9.17 11.711
302.300 10.800 5.818 -3.313 -9.158 11.443
302.300 10.900 4.951 -3.318 -9.334 11.165
302.300 11.000 4.078 -2.991 -9.291 10.661
302.300 11.100 3.68 -2.312 -9.313 10.359
302.300 11.200 3.399 -2.063 -8.911 9.837
302.300 11.300 3.143 -1.845 -8.086 8.943
302.300 11.400 2.811 -2.317 -7.269 8.194
302.300 11.500 1.504 -2.77 -6.165 6.972
302.300 11.600 0.154 -2.311 -5.046 5.597
302.300 11.700 -0.191 -1.641 -4.138 4.501
302.300 11.800 -0.477 -1.097 -3.246 3.504
302.300 11.900 0.14 0.185 -2.398 2.478
302.300 12.000 1.972 0.754 -1.673 2.771
302.300 12.100 3.404 0.502 -1.196 3.708
302.300 12.200 4.223 0.402 -1.147 4.453
302.300 12.300 5.197 0.039 -1.225 5.39
302.300 12.400 5.525 -0.421 -1.26 5.727
302.300 12.500 6.216 -0.366 -1.351 6.415
302.300 12.600 6.358 -0.95 -1.367 6.61
302.300 12.700 6.047 -0.589 -1.327 6.257
302.300 12.800 6.37 -0.795 -1.591 6.649
302.300 12.900 5.805 -1.067 -2.356 6.387
302.300 13.000 5.622 -1.51 -3.186 6.663
302.300 13.100 4.464 -2.452 -3.236 6.052
302.300 13.200 2.939 -2.175 -2.836 4.643
302.300 13.300 2.115 -1.37 -2.177 3.346
302.300 13.400 1.858 -0.5 -1.13 2.255
302.300 13.500 2.191 0.299 0.003 2.246
302.300 13.600 3.266 0.879 1.134 3.605
302.300 13.700 4.804 0.336 2.034 5.26
302.300 13.800 4.675 -0.876 2.037 5.198
302.300 13.900 4.142 -0.978 1.423 4.508
302.300 14.000 3.629 -1.307 -0.037 3.874
302.300 14.100 2.605 -1.091 -2.51 3.795
302.300 14.200 2.136 -0.691 -4.524 5.069
302.300 14.300 2.003 -0.6 -5.314 5.729
302.300 14.400 1.936 -1.043 -5.44 5.884
302.300 14.500 0.87 -1.838 -4.277 4.747
302.300 14.600 -0.931 -1.406 -2.27 2.837
302.300 14.700 -1.372 0.406 -0.834 1.678
302.300 14.800 0.027 1.255 -0.209 1.306
302.300 14.900 1.128 0.571 0.04 1.288
302.300 15.000 1.097 -0.292 -0.124 1.153
302.400 0.000 -1.373 -0.177 0.909 1.834
302.400 0.100 -1.374 1.407 0.967 2.355
302.400 0.200 0.39 3.053 1.494 3.544
302.400 0.300 3.037 2.314 2.381 4.6
302.400 0.400 3.327 -0.78 3.719 5.151
302.400 0.500 0.939 -2.691 5.557 6.334
302.400 0.600 -1.491 -3.074 7.047 7.902
302.400 0.700 -3.948 -3.523 7.704 9.401
302.400 0.800 -6.937 -2.535 8.301 11.153
302.400 0.900 -6.587 -0.405 8.468 10.771
302.400 1.000 -5.666 0.224 8.458 10.215
302.400 1.100 -4.214 2.117 8.375 9.641
302.400 1.200 -0.98 2.853 8.02 8.6
302.400 1.300 1.395 2.238 7.363 7.853
302.400 1.400 2.83 1.742 6.302 7.156
302.400 1.500 4.154 1.018 5.353 6.882
302.400 1.600 4.444 -0.01 4.646 6.46
302.400 1.700 4.503 -0.483 4.264 6.252
302.400 1.800 4.218 -1.468 4.349 6.266
302.400 1.900 3.236 -1.885 4.807 6.129
302.400 2.000 2.507 -2.077 5.32 6.275
302.400 2.100 1.601 -2.258 5.764 6.435
302.400 2.200 0.786 -2.257 6.121 6.616
302.400 2.300 -0.145 -2.323 6.07 6.547
302.400 2.400 -1.253 -1.979 5.729 6.239
302.400 2.500 -1.891 -1.16 5.095 5.613
302.400 2.600 -2.033 -0.576 4.025 4.606
302.400 2.700 -1.965 0.05 2.849 3.526
302.400 2.800 -1.021 0.275 1.642 2.026
302.400 2.900 -0.158 -0.743 0.396 0.898
302.400 3.000 -0.637 -2.37 -0.049 2.477
302.400 3.100 -2.216 -3.248 0.124 3.965
302.400 3.200 -3.814 -3.215 0.703 5.08
302.400 3.300 -5.561 -2.833 1.908 6.584
302.400 3.400 -7.003 -0.743 3.643 8.011
302.400 3.500 -5.685 1.331 6.462 8.821
302.400 3.600 -4.232 1.898 9.403 10.615
302.400 3.700 -1.962 2.737 10.414 11.091
302.400 3.800 1.138 2.333 9.958 10.448
302.400 3.900 3.181 1.185 9.289 10.053
302.400 4.000 4.615 0.636 8.63 9.976
302.400 4.100 6.042 -0.637 8.232 10.402
302.400 4.200 5.519 -2.044 7.593 9.785
302.400 4.300 4.943 -2.649 7.147 9.274
302.400 4.400 3.943 -3.845 6.411 8.65
302.400 4.500 2.535 -4.218 5.156 7.335
302.400 4.600 1.563 -4.403 3.843 6.26
302.400 4.700 0.6 -4.421 2.576 5.361
302.400 4.800 0.016 -4.578 1.635 5.067
302.400 4.900 -1.006 -5.012 1.408 5.521
302.400 5.000 -2.234 -5.25 1.707 6.212
302.400 5.100 -3.526 -5.566 2.629 7.413
302.400 5.200 -5.326 -5.577 4.008 9.087
302.400 5.300 -6.346 -4.148 4.814 9.466
302.400 5.400 -5.351 -3.255 4.503 8.304
302.400 5.500 -4.171 -3.177 3.597 7.051
302.400 5.600 -2.128 -3.603 2.153 5.493
302.400 5.700 -0.152 -6.537 0.322 7.273
302.400 5.800 -1.798 -11.508 -1.512 12.42
302.400 5.900 -7.476 -14.046 -2.86 16.773
302.400 6.000 -12.875 -12.655 -1.971 18.911
302.400 6.100 -16.793 -10.879 2.565 21.748
302.400 6.200 -20.755 -6.026 8.138 26.304
302.400 6.300 -16.34 -0.807 11.299 25.296
302.400 6.400 -10.793 -2.569 10.683 26.292
302.400 6.500 -2.244 -4.523 2.335 33.956
302.400 6.600 12.527 -14.621 -15.41 50.144
302.400 6.700 18.812 -36.52 -41.015 85.025
302.400 6.800 8.345 -56.396 -75.916 131.476
302.400 6.900 -10.562 -75.474 -109.642 174.999
302.400 7.000 -58.751 -89.355 -113.151 191.68
302.400 7.100 -125.922 -59.102 -93.879 192.659
302.400 7.200 -153.698 15.264 -73.573 183.902
302.400 7.300 -139.86 72.406 -51.394 171.588
302.400 7.400 -116.66 126.891 -20.706 174.026
302.400 7.500 -59.256 173.716 11.857 185.59
302.400 7.600 13.657 198.247 44.893 205.83
302.400 7.700 110.039 207.848 75.247 247.387
302.400 7.800 240.999 147.361 101.593 307.168
302.400 7.900 256.659 -25.585 119.489 306.175
302.400 8.000 114.16 -105.643 131.856 247.568
302.400 8.100 12.858 -67.431 132.253 206.237
302.400 8.200 -1.94 -22.3 100.955 155.697
302.400 8.300 7.845 -16.987 66.718 107.611
302.400 8.400 7.377 -26.059 41.893 74.444
302.400 8.500 -3.31 -28.692 22.859 51.012
302.400 8.600 -9.702 -18.378 10.432 30.16
302.400 8.700 -5.685 -9.007 3.669 14.632
302.400 8.800 -0.056 -1.637 -0.924 5.734
302.400 8.900 10.384 4.272 -3.496 14.291
302.400 9.000 22.984 1.314 -5.469 25.808
302.400 9.100 24.681 -7.544 -6.964 28.353
302.400 9.200 21.081 -9.757 -8.273 25.791
302.400 9.300 18.134 -11.103 -9.604 24.121
302.400 9.400 13.366 -9.568 -10.603 20.151
302.400 9.500 11.599 -6.07 -11.174 17.649
302.400 9.600 12.234 -2.914 -11.442 17.262
302.400 9.700 15.225 -1.866 -11.709 19.487
302.400 9.800 16.133 -3.582 -11.128 20.161
302.400 9.900 16.497 -4.144 -10.319 20.182
302.400 10.000 15.765 -7.342 -10.133 20.368
302.400 10.100 10.569 -8.286 -10.337 17.253
302.400 10.200 7.097 -6.127 -10.748 14.626
302.400 10.300 5.985 -3.73 -10.271 12.741
302.400 10.400 6.507 -1.981 -9.698 12.036
302.400 10.500 7.371 -1.182 -8.814 11.703
302.400 10.600 8.957 -0.847 -7.829 12.06
302.400 10.700 9.881 -2.658 -7.205 12.614
302.400 10.800 8.506 -3.42 -6.575 11.369
302.400 10.900 7.954 -3.289 -6.447 10.838
302.400 11.000 6.727 -3.098 -6.371 9.844
302.400 11.100 6.45 -2.26 -6.407 9.447
302.400 11.200 5.958 -2.529 -6.461 9.216
302.400 11.300 5.069 -2.285 -6.415 8.559
302.400 11.400 4.538 -2.806 -6.395 8.389
302.400 11.500 2.918 -3.338 -6.462 7.885
302.400 11.600 1.448 -2.988 -6.368 7.228
302.400 11.700 0.888 -2.483 -5.685 6.312
302.400 11.800 0.513 -2.014 -4.747 5.225
302.400 11.900 0.675 -1.036 -3.434 3.695
302.400 12.000 1.529 -0.363 -1.813 2.449
302.400 12.100 2.395 0.006 -0.667 2.544
302.400 12.200 3.452 0.294 -0.161 3.527
302.400 12.300 4.651 -0.126 0.224 4.709
302.400 12.400 4.793 -0.767 0.729 4.951
302.400 12.500 5.012 -0.697 1.477 5.315
302.400 12.600 5.062 -0.886 1.752 5.471
302.400 12.700 4.927 -0.401 1.41 5.184
302.400 12.800 5.412 -0.169 0.941 5.539
302.400 12.900 6.022 -0.026 0.124 6.064
302.400 13.000 7.147 -0.849 -0.7 7.266
302.400 13.100 5.995 -2.502 -1.238 6.636
302.400 13.200 4.116 -2.446 -1.464 5.025
302.400 13.300 2.946 -2.075 -1.217 3.817
302.400 13.400 2.004 -1.509 -0.466 2.564
302.400 13.500 1.53 -0.844 0.544 1.849
302.400 13.600 1.427 -0.434 1.812 2.376
302.400 13.700 1.436 -0.356 3.037 3.407
302.400 13.800 1.338 -0.391 3.079 3.408
302.400 13.900 1.149 -0.113 2.365 2.659
302.400 14.000 1.559 0.744 1.042 2.053
302.400 14.100 3.149 1.378 -1.115 3.646
302.400 14.200 4.716 0.679 -3.003 5.657
302.400 14.300 4.77 -0.177 -3.871 6.166
302.400 14.400 4.888 -1.274 -4.1 6.522
302.400 14.500 2.988 -3.177 -3.654 5.698
302.400 14.600 -0.348 -2.841 -2.768 3.988
302.400 14.700 -1.691 -0.526 -1.821 2.554
302.400 14.800 -0.646 0.685 -0.917 1.34
302.400 14.900 0.265 0.443 -0.404 0.683
302.400 15.000 0.501 -0.063 -0.416 0.668
302.500 0.000 -1.223 -0.352 1.554 2.128
302.500 0.100 -1.138 0.984 2.066 2.662
302.500 0.200 0.461 2.381 2.74 3.748
302.500 0.300 3.075 1.578 3.391 4.923
302.500 0.400 2.781 -1.955 3.85 5.219
302.500 0.500 -1.223 -3.904 4.143 5.896
302.500 0.600 -4.58 -3.243 4.01 6.952
302.500 0.700 -5.804 -3.083 3.094 7.306
302.500 0.800 -7.594 -2.69 2.447 8.451
302.500 0.900 -7.54 -1.238 3.408 8.395
302.500 1.000 -7.061 -0.474 5.047 8.72
302.500 1.100 -5.928 1.578 6.352 8.859
302.500 1.200 -3.238 2.703 7.246 8.415
302.500 1.300 -0.949 2.682 7.563 8.112
302.500 1.400 1.005 2.538 7.287 7.815
302.500 1.500 2.91 1.688 6.776 7.599
302.500 1.600 3.468 0.409 6.423 7.345
302.500 1.700 3.825 -0.274 6.231 7.351
302.500 1.800 3.539 -1.692 6.173 7.349
302.500 1.900 2.081 -2.246 6.271 7.014
302.500 2.000 1.071 -2.362 6.387 6.931
302.500 2.100 -0.081 -2.489 6.385 6.894
302.500 2.200 -1.179 -2.289 6.308 6.857
302.500 2.300 -1.982 -1.971 6.01 6.674
302.500 2.400 -2.838 -1.453 5.477 6.386
302.500 2.500 -3.076 -0.222 4.719 5.692
302.500 2.600 -2.312 0.622 3.698 4.466
302.500 2.700 -1.355 1.169 2.622 3.243
302.500 2.800 0.257 1.401 1.684 2.282
302.500 2.900 2.081 0.18 0.826 2.303
302.500 3.000 1.831 -2.105 0.103 2.821
302.500 3.100 0.13 -3.284 -0.429 3.334
302.500 3.200 -1.629 -3.907 -0.387 4.275
302.500 3.300 -3.842 -4.066 0.468 5.653
302.500 3.400 -5.911 -2.73 1.878 6.837
302.500 3.500 -6.517 -1.356 3.743 7.721
302.500 3.600 -7.243 -0.208 5.674 9.304
302.500 3.700 -5.766 1.865 7.516 9.778
302.500 3.800 -2.75 1.982 9.136 9.888
302.500 3.900 -0.727 1.351 9.98 10.254
302.500 4.000 0.848 0.867 10.032 10.272
302.500 4.100 2.129 -0.243 9.879 10.285
302.500 4.200 2.221 -1.367 9.419 9.959
302.500 4.300 2.166 -1.963 8.714 9.388
302.500 4.400 1.716 -2.754 7.747 8.607
302.500 4.500 1.05 -2.958 6.563 7.497
302.500 4.600 0.807 -3.016 5.26 6.353
302.500 4.700 0.827 -3.113 3.79 5.218
302.500 4.800 0.933 -3.849 2.62 4.985
302.500 4.900 0.076 -4.879 2.122 5.562
302.500 5.000 -1.168 -5.493 1.995 6.222
302.500 5.100 -2.98 -6.317 2.045 7.569
302.500 5.200 -5.885 -6.384 2.184 9.283
302.500 5.300 -7.638 -4.362 2.37 9.503
302.500 5.400 -6.533 -2.984 2.689 8.17
302.500 5.500 -5.202 -2.336 2.668 6.92
302.500 5.600 -2.494 -1.952 1.653 4.389
302.500 5.700 0.693 -4.478 -0.286 5.545
302.500 5.800 0.197 -9.6 -2.46 11.094
302.500 5.900 -4.195 -12.97 -4.367 15.442
302.500 6.000 -9.494 -14.398 -4.887 19.036
302.500 6.100 -16.278 -14.625 -3.29 23.399
302.500 6.200 -23.089 -9.266 -1.188 27.19
302.500 6.300 -21.291 -1.755 0.446 25.164
302.500 6.400 -16.139 1.401 -0.986 21.395
302.500 6.500 -6.05 5.412 -6.449 17.627
302.500 6.600 11.753 1.951 -16.407 37.353
302.500 6.700 26.413 -11.87 -31.898 73.03
302.500 6.800 37.397 -25.089 -51.742 119.356
302.500 6.900 45.318 -55.164 -71.541 164.051
302.500 7.000 -8.244 -92.792 -86.151 177.033
302.500 7.100 -95.437 -71.889 -93.492 176.905
302.500 7.200 -133.538 -3.205 -84.459 168.264
302.500 7.300 -125.296 44.936 -58.343 151.39
302.500 7.400 -113.565 92.064 -25.073 155.14
302.500 7.500 -73.691 134.107 17.623 165.461
302.500 7.600 -22.285 159.76 63.482 181.448
302.500 7.700 51.197 170.356 104.561 209.312
302.500 7.800 139.35 114.974 144.073 239.758
302.500 7.900 141.159 -19.014 150.104 235.259
302.500 8.000 21.61 -93.136 115.133 219.612
302.500 8.100 -77.65 -42.923 82.888 216.119
302.500 8.200 -51.303 13.67 54.58 158.372
302.500 8.300 -10.795 7.467 33.477 96.791
302.500 8.400 1.595 -9.022 19.947 60.285
302.500 8.500 -0.385 -16.112 10.274 38.826
302.500 8.600 -3.055 -11.925 3.8 21.8
302.500 8.700 -0.706 -5.659 0.884 9.789
302.500 8.800 3.947 0.092 -0.125 5.683
302.500 8.900 12.584 4.468 0.382 14.533
302.500 9.000 22.723 1.667 1.614 23.916
302.500 9.100 24.604 -5.874 0.959 26.218
302.500 9.200 21.971 -8.244 -0.966 24.214
302.500 9.300 19.568 -9.474 -2.719 22.483
302.500 9.400 16.307 -8.224 -4.456 19.294
302.500 9.500 15.349 -5.645 -5.568 17.73
302.500 9.600 15.714 -3.169 -5.244 17.26
302.500 9.700 18.527 -2.269 -4.248 19.477
302.500 9.800 18.814 -4.328 -3.73 20.043
302.500 9.900 17.961 -4.663 -3.489 19.359
302.500 10.000 16.994 -6.766 -3.727 19.134
302.500 10.100 13.681 -7.052 -5.048 16.655
302.500 10.200 11.955 -5.772 -6.194 15.102
302.500 10.300 10.151 -4.376 -6.183 12.961
302.500 10.400 10.045 -2.636 -5.597 11.963
302.500 10.500 10.095 -2.331 -4.74 11.509
302.500 10.600 10.514 -1.816 -3.554 11.346
302.500 10.700 10.743 -3.303 -2.652 11.619
302.500 10.800 8.648 -3.832 -2.356 9.809
302.500 10.900 7.548 -3.293 -2.163 8.579
302.500 11.000 6.394 -2.838 -2.648 7.543
302.500 11.100 6.003 -2.038 -3.158 7.157
302.500 11.200 5.793 -2.006 -3.849 7.312
302.500 11.300 5.52 -1.861 -4.815 7.633
302.500 11.400 5.41 -2.354 -5.619 8.215
302.500 11.500 4.715 -2.873 -6.378 8.496
302.500 11.600 4.137 -3.158 -6.781 8.603
302.500 11.700 3.377 -3.409 -6.195 7.883
302.500 11.800 2.689 -3.182 -5.02 6.563
302.500 11.900 2.169 -2.705 -3.462 4.93
302.500 12.000 1.77 -1.903 -1.744 3.154
302.500 12.100 1.861 -0.885 -0.471 2.146
302.500 12.200 2.664 -0.248 0.301 2.741
302.500 12.300 3.475 -0.666 0.884 3.689
302.500 12.400 3.23 -1.494 1.543 3.912
302.500 12.500 2.493 -1.495 2.437 3.828
302.500 12.600 2.32 -0.823 2.973 3.902
302.500 12.700 2.983 -0.06 2.961 4.253
302.500 12.800 3.963 0.317 2.753 4.887
302.500 12.900 4.936 0.578 2.308 5.529
302.500 13.000 6.205 -0.234 1.766 6.496
302.500 13.100 5.809 -1.751 0.98 6.175
302.500 13.200 4.834 -2.066 0.145 5.282
302.500 13.300 3.75 -2.42 -0.106 4.481
302.500 13.400 2.162 -2.193 0.242 3.099
302.500 13.500 1.017 -1.652 0.665 2.06
302.500 13.600 -0.046 -1.457 1.156 1.869
302.500 13.700 -1.328 -0.939 1.64 2.33
302.500 13.800 -1.339 0.004 1.719 2.208
302.500 13.900 -0.954 0.56 1.439 1.852
302.500 14.000 0.04 1.961 0.927 2.219
302.500 14.100 2.669 2.797 0.259 3.916
302.500 14.200 5.084 1.84 -0.535 5.464
302.500 14.300 5.793 0.609 -1.684 6.088
302.500 14.400 6.185 -1.077 -2.584 6.807
302.500 14.500 4.303 -3.506 -2.749 6.202
302.500 14.600 0.934 -3.365 -2.489 4.293
302.500 14.700 -0.756 -1.285 -2.107 2.59
302.500 14.800 -0.599 -0.004 -1.596 1.721
302.500 14.900 -0.212 0.189 -1.196 1.248
302.500 15.000 0.195 -0.012 -1.047 1.08
302.600 0.000 -1.621 -0.98 2.067 2.89
302.600 0.100 -1.913 0.191 2.988 3.64
302.600 0.200 -0.836 1.506 3.947 4.39
302.600 0.300 0.968 1.066 4.739 5.032
302.600 0.400 0.874 -1.227 4.137 4.478
302.600 0.500 -1.681 -2.622 1.86 3.684
302.600 0.600 -3.814 -2.149 -0.315 4.42
302.600 0.700 -4.115 -2.289 -1.267 4.898
302.600 0.800 -5.019 -3.027 -1.296 6.023
302.600 0.900 -5.942 -3.189 0.126 6.768
302.600 1.000 -7.438 -2.63 2.629 8.34
302.600 1.100 -7.493 0.067 4.94 9.001
302.600 1.200 -5.357 1.674 6.658 8.739
302.600 1.300 -3.516 2.334 7.763 8.868
302.600 1.400 -1.552 2.634 8.122 8.711
302.600 1.500 0.321 1.896 8.278 8.533
302.600 1.600 0.965 0.637 8.085 8.203
302.600 1.700 1.124 -0.25 7.976 8.095
302.600 1.800 0.805 -1.437 7.768 7.977
302.600 1.900 -0.321 -2.107 7.274 7.616
302.600 2.000 -1.331 -2.189 6.966 7.461
302.600 2.100 -2.159 -2.203 6.522 7.254
302.600 2.200 -3.049 -1.985 6.128 7.168
302.600 2.300 -3.638 -1.483 5.656 6.93
302.600 2.400 -4.178 -0.828 5.119 6.706
302.600 2.500 -4.018 0.604 4.474 6.096
302.600 2.600 -2.703 1.566 3.65 4.865
302.600 2.700 -1.201 1.993 2.938 3.816
302.600 2.800 0.759 2.11 2.355 3.323
302.600 2.900 2.812 0.884 1.749 3.489
302.600 3.000 3.186 -1.239 1.011 3.611
302.600 3.100 2.57 -2.563 0.022 3.66
302.600 3.200 1.208 -4.151 -0.549 4.38
302.600 3.300 -1.771 -4.935 -0.31 5.281
302.600 3.400 -4.604 -4.003 0.243 6.146
302.600 3.500 -5.879 -2.99 1.465 6.815
302.600 3.600 -7.171 -1.972 3.121 8.143
302.600 3.700 -7.034 -0.266 5.043 8.759
302.600 3.800 -6.175 0.069 7.272 9.659
302.600 3.900 -5.322 0.608 9.005 10.613
302.600 4.000 -3.467 0.615 9.864 10.626
302.600 4.100 -2.172 -0.169 10.419 10.809
302.600 4.200 -1.82 -0.852 10.195 10.566
302.600 4.300 -1.651 -1.209 9.669 10.071
302.600 4.400 -1.488 -1.489 8.602 9.06
302.600 4.500 -1.309 -1.694 7.176 7.707
302.600 4.600 -0.874 -1.734 6.033 6.575
302.600 4.700 0.181 -1.834 5.042 5.626
302.600 4.800 1.204 -3.004 4.163 5.535
302.600 4.900 0.27 -4.489 3.437 5.926
302.600 5.000 -1.219 -5.118 2.703 6.192
302.600 5.100 -2.899 -5.866 1.838 7.081
302.600 5.200 -5.267 -5.989 0.977 8.332
302.600 5.300 -6.828 -4.572 0.612 8.583
302.600 5.400 -6.757 -3.488 0.926 8.09
302.600 5.500 -6.36 -2.323 1.384 7.429
302.600 5.600 -3.477 -1.039 1.594 4.711
302.600 5.700 0.563 -2.66 1.098 4.793
302.600 5.800 1.312 -6.948 -1.24 9.915
302.600 5.900 -1.308 -10.505 -5.048 14.69
302.600 6.000 -5.684 -14.206 -7.556 19.644
302.600 6.100 -13.769 -16.339 -7.175 24.416
302.600 6.200 -22.409 -10.957 -5.435 27.1
302.600 6.300 -21.879 -2.005 -4.697 24.757
302.600 6.400 -17.185 3.711 -5.086 21.789
302.600 6.500 -6.776 11.029 -7.351 16.214
302.600 6.600 12.892 11.504 -12.264 28.41
302.600 6.700 30.269 -0.297 -18.937 58.941
302.600 6.800 38.962 -14.121 -24.919 92.441
302.600 6.900 42.129 -40.039 -33.062 125.448
302.600 7.000 7.887 -69.327 -55.775 136.845
302.600 7.100 -46.159 -59.327 -82.274 137.811
302.600 7.200 -80.351 -21.939 -84.147 136.326
302.600 7.300 -98.089 13.06 -58.558 129.441
302.600 7.400 -106.28 55.363 -25.791 138.675
302.600 7.500 -92.561 89.582 9.747 151.728
302.600 7.600 -75.503 117.478 50.45 166.81
302.600 7.700 -20.735 137.921 81.868 169.918
302.600 7.800 43.717 95.279 101.012 156.734
302.600 7.900 52.005 10.572 90.566 141.238
302.600 8.000 -4.021 -41.327 40.863 151.538
302.600 8.100 -54.244 -15.475 -5.376 164.949
302.600 8.200 -32.056 20.242 -8.357 127.217
302.600 8.300 1.669 13.092 -1.53 79.812
302.600 8.400 10.898 -4.847 1.023 49.429
302.600 8.500 6.396 -11.93 1.177 30.871
302.600 8.600 2.914 -9.345 -0.086 17.365
302.600 8.700 3.874 -4.979 -0.358 9.373
302.600 8.800 6.911 -0.668 0.628 7.995
302.600 8.900 13.216 2.705 2.81 14.437
302.600 9.000 21.055 0.702 4.739 22.23
302.600 9.100 22.649 -4.961 5.413 24.397
302.600 9.200 21.399 -6.51 4.613 23.357
302.600 9.300 20.102 -8.006 3.163 22.275
302.600 9.400 17.281 -6.991 2.028 19.105
302.600 9.500 16.897 -5.276 1.355 18.119
302.600 9.600 16.362 -3.877 1.245 17.232
302.600 9.700 17.542 -3.065 1.611 18.277
302.600 9.800 17.586 -4.363 1.976 18.657
302.600 9.900 17.31 -4.413 1.863 18.467
302.600 10.000 16.731 -6.064 1.299 18.369
302.600 10.100 13.925 -6.083 0.665 15.592
302.600 10.200 12.649 -5.121 -0.038 13.962
302.600 10.300 11.133 -4.244 -0.804 12.154
302.600 10.400 10.767 -3.038 -1.168 11.381
302.600 10.500 10.227 -3.147 -0.816 10.819
302.600 10.600 9.452 -2.808 -0.107 9.929
302.600 10.700 8.682 -3.542 0.187 9.429
302.600 10.800 6.508 -3.855 -0.017 7.601
302.600 10.900 4.855 -2.937 -0.428 5.73
302.600 11.000 4.364 -1.974 -1.328 5.03
302.600 11.100 4.503 -1.375 -2.233 5.29
302.600 11.200 4.94 -1.018 -3.077 5.998
302.600 11.300 5.855 -0.846 -4.051 7.265
302.600 11.400 6.7 -1.503 -5.007 8.584
302.600 11.500 6.841 -2.161 -5.884 9.355
302.600 11.600 7.074 -3.214 -6.303 10.07
302.600 11.700 6.189 -4.426 -5.659 9.532
302.600 11.800 5.015 -4.608 -4.302 8.095
302.600 11.900 3.759 -4.451 -2.557 6.388
302.600 12.000 2.44 -3.368 -0.821 4.253
302.600 12.100 1.952 -1.769 0.273 2.666
302.600 12.200 2.378 -0.72 0.758 2.635
302.600 12.300 2.983 -1.074 0.928 3.338
302.600 12.400 2.326 -2.174 1.276 3.451
302.600 12.500 0.896 -2.284 1.908 3.127
302.600 12.600 0.274 -1.349 2.707 3.071
302.600 12.700 0.666 -0.451 3.648 3.785
302.600 12.800 1.487 0.465 4.21 4.546
302.600 12.900 3.065 1.174 3.848 5.117
302.600 13.000 5.004 0.368 3.255 6.029
302.600 13.100 5.068 -1.136 2.853 5.96
302.600 13.200 4.72 -1.492 2.491 5.572
302.600 13.300 3.889 -2.238 1.978 4.925
302.600 13.400 2.038 -2.115 1.313 3.232
302.600 13.500 0.805 -1.574 0.682 1.902
302.600 13.600 -0.218 -1.377 0.073 1.397
302.600 13.700 -1.338 -0.948 -0.442 1.711
302.600 13.800 -1.648 -0.21 -0.299 1.714
302.600 13.900 -1.683 0.487 0.266 1.806
302.600 14.000 -0.843 2.113 0.634 2.411
302.600 14.100 1.607 3.045 0.751 3.571
302.600 14.200 3.994 2.507 0.657 4.797
302.600 14.300 5.777 1.703 0.084 6.051
302.600 14.400 7.569 -0.352 -0.763 7.636
302.600 14.500 5.677 -3.557 -1.225 6.82
302.600 14.600 1.767 -3.436 -1.499 4.148
302.600 14.700 -0.069 -1.333 -1.853 2.292
302.600 14.800 0.043 -0.104 -2.205 2.225
302.600 14.900 0.345 -0.01 -2.327 2.37
302.600 15.000 0.605 -0.32 -1.933 2.064
302.700 0.000 -2.44 -1.942 1.932 3.729
302.700 0.100 -3.654 -0.868 3.044 4.9
302.700 0.200 -3.092 0.658 3.963 5.138
302.700 0.300 -1.959 0.91 4.475 5.036
302.700 0.400 -1.216 0.74 3.527 3.865
302.700 0.500 -0.583 0.418 0.781 1.107
302.700 0.600 -0.087 -0.192 -2.096 2.108
302.700 0.700 0.022 -1.475 -3.929 4.201
302.700 0.800 -0.731 -3.623 -4.603 5.911
302.700 0.900 -2.803 -5.65 -2.798 6.913
302.700 1.000 -6.193 -5.442 0.364 8.271
302.700 1.100 -7.898 -2.381 3.279 8.9
302.700 1.200 -7.465 -0.202 5.687 9.414
302.700 1.300 -6.785 1.533 7.136 9.995
302.700 1.400 -4.907 2.364 7.563 9.352
302.700 1.500 -3.541 1.828 7.759 8.756
302.700 1.600 -2.654 0.973 7.534 8.081
302.700 1.700 -2.462 -0.169 7.269 7.713
302.700 1.800 -2.676 -0.9 6.958 7.545
302.700 1.900 -3.101 -1.647 6.402 7.337
302.700 2.000 -3.947 -1.753 5.948 7.386
302.700 2.100 -4.324 -1.75 5.477 7.231
302.700 2.200 -5.167 -1.594 5.105 7.474
302.700 2.300 -5.419 -0.881 4.552 7.171
302.700 2.400 -5.736 -0.38 4.003 7.046
302.700 2.500 -5.352 1.244 3.613 6.622
302.700 2.600 -3.335 2.119 3.313 5.211
302.700 2.700 -1.472 2.318 3.267 4.331
302.700 2.800 0.739 2.442 3.346 4.277
302.700 2.900 3.315 1.351 3.321 4.948
302.700 3.000 3.99 -0.64 3.093 5.149
302.700 3.100 4.098 -1.641 2.548 5.153
302.700 3.200 3.421 -3.648 1.682 5.323
302.700 3.300 0.57 -4.546 0.547 4.649
302.700 3.400 -1.813 -4.297 -0.318 4.704
302.700 3.500 -4.015 -4.22 -0.057 5.865
302.700 3.600 -6.62 -3.5 0.788 7.584
302.700 3.700 -7.496 -2.07 2.106 8.128
302.700 3.800 -7.982 -1.924 3.786 9.129
302.700 3.900 -8.433 -0.93 5.52 10.226
302.700 4.000 -7.687 -0.786 7.445 10.852
302.700 4.100 -7.731 -0.601 8.867 11.915
302.700 4.200 -6.884 -0.323 8.664 11.219
302.700 4.300 -6.597 -0.641 8.174 10.683
302.700 4.400 -5.592 -0.129 7.381 9.435
302.700 4.500 -3.91 -0.601 6.417 7.731
302.700 4.600 -2.906 -1.12 6.016 6.988
302.700 4.700 -1.862 -1.48 6.067 6.754
302.700 4.800 -1.062 -2.346 6.03 6.818
302.700 4.900 -1.399 -3.305 4.888 6.342
302.700 5.000 -2.138 -3.859 3.216 5.743
302.700 5.100 -3.12 -4.579 1.525 6.023
302.700 5.200 -4.824 -5.081 0.007 7.277
302.700 5.300 -6.181 -4.422 -0.741 7.943
302.700 5.400 -6.247 -3.912 -0.514 7.777
302.700 5.500 -6.268 -3.032 0.316 7.413
302.700 5.600 -4.788 -1.806 1.52 5.953
302.700 5.700 -2.544 -2 2.228 5.927
302.700 5.800 -0.464 -3.112 0.171 8.458
302.700 5.900 1.766 -5.827 -4.734 13.524
302.700 6.000 0.507 -12.31 -9.005 19.94
302.700 6.100 -8.844 -16.695 -10.758 24.75
302.700 6.200 -19.31 -11.929 -11.512 27.142
302.700 6.300 -19.969 -3.079 -9.898 23.998
302.700 6.400 -16.492 3.467 -7.674 20.719
302.700 6.500 -7.556 12.152 -6.382 16.395
302.700 6.600 9.692 14.088 -5.901 20.425
302.700 6.700 24.298 4.201 -7.334 37.516
302.700 6.800 30.139 -8.476 -11.88 58.486
302.700 6.900 31.125 -26.547 -20.742 82.45
302.700 7.000 12.939 -44.571 -37.36 94.178
302.700 7.100 -13.881 -42.378 -55.755 102.727
302.700 7.200 -41.37 -30.522 -62.417 109.341
302.700 7.300 -76.127 -9.76 -55.174 113.329
302.700 7.400 -100.32 30.14 -40.795 128.391
302.700 7.500 -95.609 61.408 -22.553 137.344
302.700 7.600 -91.934 87.603 -3.585 146.992
302.700 7.700 -49.329 113.045 22.362 136.357
302.700 7.800 5.974 87.411 42.666 105.092
302.700 7.900 27.156 38.33 37.671 83.308
302.700 8.000 22.815 8.03 6.839 91.978
302.700 8.100 17.502 2.737 -20.97 100.508
302.700 8.200 17.1 8.245 -18.834 84.539
302.700 8.300 26.61 5.386 -7.274 61.701
302.700 8.400 24.699 -7.961 -1.752 41.735
302.700 8.500 14.906 -11.544 -1.315 26.525
302.700 8.600 9.733 -9.302 -1.761 17.462
302.700 8.700 8.482 -6.147 -0.602 12.354
302.700 8.800 9.59 -3.127 1.839 10.865
302.700 8.900 12.961 -0.643 5.764 14.755
302.700 9.000 18.097 -1.463 9.842 21.419
302.700 9.100 18.774 -5.068 11.262 23.204
302.700 9.200 17.588 -5.605 10.797 21.882
302.700 9.300 16.819 -6.469 9.611 20.677
302.700 9.400 14.988 -5.825 7.774 18.048
302.700 9.500 14.686 -4.815 6.787 17.106
302.700 9.600 14.57 -3.878 6.719 16.747
302.700 9.700 16.028 -3.398 7.204 18.173
302.700 9.800 15.522 -4.79 7.668 18.241
302.700 9.900 14.476 -4.35 8.026 17.413
302.700 10.000 13.903 -5.185 7.59 16.978
302.700 10.100 11.774 -4.909 5.905 14.261
302.700 10.200 11.053 -4.227 4.473 12.799
302.700 10.300 10.103 -3.614 3.848 11.509
302.700 10.400 10.452 -2.78 3.533 11.467
302.700 10.500 9.537 -3.515 3.36 10.764
302.700 10.600 7.811 -2.884 3.108 8.934
302.700 10.700 6.808 -2.986 2.26 7.826
302.700 10.800 4.699 -2.98 0.734 5.682
302.700 10.900 3.251 -1.968 -0.807 3.96
302.700 11.000 3.344 -1.011 -1.92 4.079
302.700 11.100 4.029 -0.666 -2.649 4.969
302.700 11.200 4.911 -0.371 -3.094 5.932
302.700 11.300 6.354 -0.173 -3.443 7.349
302.700 11.400 7.898 -0.675 -3.928 8.954
302.700 11.500 9.339 -1.27 -4.758 10.654
302.700 11.600 10.811 -3.368 -5.279 12.57
302.700 11.700 9.554 -5.833 -4.006 11.941
302.700 11.800 7.778 -6.23 -2.156 10.235
302.700 11.900 5.509 -6.476 -0.157 8.524
302.700 12.000 2.748 -4.79 1.77 5.807
302.700 12.100 1.713 -2.197 2.459 3.733
302.700 12.200 2.096 -0.5 1.959 2.951
302.700 12.300 2.905 -0.886 1.095 3.263
302.700 12.400 2.185 -2.46 0.821 3.407
302.700 12.500 0.405 -2.909 1.189 3.178
302.700 12.600 -0.838 -2.304 1.912 3.129
302.700 12.700 -1.699 -1.593 3.002 3.835
302.700 12.800 -1.83 0.148 3.998 4.454
302.700 12.900 0.4 1.401 4.342 4.644
302.700 13.000 2.713 0.535 4.669 5.48
302.700 13.100 2.942 -0.896 4.632 5.599
302.700 13.200 2.399 -1.202 4.436 5.22
302.700 13.300 1.86 -1.271 3.719 4.379
302.700 13.400 1.151 -0.975 2.257 2.742
302.700 13.500 0.718 -0.581 0.815 1.252
302.700 13.600 0.386 -0.453 -0.479 0.776
302.700 13.700 -0.032 -0.499 -1.467 1.57
302.700 13.800 -0.632 -0.606 -1.679 1.912
302.700 13.900 -1.664 -0.194 -1.22 2.097
302.700 14.000 -1.459 1.584 -0.398 2.234
302.700 14.100 0.769 2.569 0.658 2.809
302.700 14.200 2.899 2.36 1.526 4.075
302.700 14.300 4.617 1.899 1.912 5.376
302.700 14.400 6.358 0.094 2.031 6.696
302.700 14.500 4.989 -2.709 1.176 5.808
302.700 14.600 1.922 -2.587 -0.222 3.234
302.700 14.700 0.691 -0.629 -1.379 1.678
302.700 14.800 1.426 0.514 -2.375 2.838
302.700 14.900 2.254 -0.075 -2.928 3.712
302.700 15.000 1.881 -1.034 -2.414 3.241
302.800 0.000 -2.73 -2.586 0.695 3.861
302.800 0.100 -4.568 -1.871 1.158 5.111
302.800 0.200 -4.62 -0.41 2.454 5.294
302.800 0.300 -4.121 0.662 3.714 5.637
302.800 0.400 -2.794 2.463 3.342 5.05
302.800 0.500 0.094 3.292 1.236 3.548
302.800 0.600 2.954 2.35 -1.322 4.013
302.800 0.700 5.234 0.607 -3.848 6.533
302.800 0.800 6.801 -3.758 -5.491 9.524
302.800 0.900 2.631 -9.079 -3.444 10.073
302.800 1.000 -4.476 -8.892 0.41 9.982
302.800 1.100 -8.297 -4.825 3.179 10.133
302.800 1.200 -9.108 -1.785 4.707 10.431
302.800 1.300 -9.092 0.904 5.424 10.651
302.800 1.400 -7.288 2.303 5.452 9.416
302.800 1.500 -6.011 1.947 5.112 8.157
302.800 1.600 -4.892 1.255 4.903 7.07
302.800 1.700 -4.477 0.033 4.772 6.575
302.800 1.800 -4.54 -0.553 4.611 6.525
302.800 1.900 -4.635 -1.206 4.387 6.526
302.800 2.000 -5.175 -1.315 4.016 6.712
302.800 2.100 -5.395 -1.294 3.561 6.625
302.800 2.200 -6.049 -1.102 2.978 6.863
302.800 2.300 -6 -0.337 2.507 6.545
302.800 2.400 -5.853 0.062 2.09 6.25
302.800 2.500 -5.293 1.252 2.012 5.839
302.800 2.600 -3.618 1.809 2.538 4.825
302.800 2.700 -2.133 1.819 3.335 4.417
302.800 2.800 -0.37 1.783 4.395 4.825
302.800 2.900 1.516 0.954 5.544 5.894
302.800 3.000 2.187 -0.354 5.824 6.3
302.800 3.100 2.432 -1.086 5.456 6.142
302.800 3.200 2.255 -2.328 4.549 5.653
302.800 3.300 1.207 -2.905 2.858 4.313
302.800 3.400 0.316 -3.391 1.244 3.674
302.800 3.500 -1.724 -4.016 0.049 4.407
302.800 3.600 -4.016 -3.805 -0.783 5.622
302.800 3.700 -5.575 -3.467 -0.377 6.622
302.800 3.800 -7.293 -3.429 0.949 8.175
302.800 3.900 -8.738 -2.526 2.185 9.43
302.800 4.000 -9.777 -2.343 3.139 10.619
302.800 4.100 -11.342 -1.085 3.658 12.061
302.800 4.200 -9.845 0.199 3.666 10.613
302.800 4.300 -8.953 -0.255 3.296 9.656
302.800 4.400 -7.63 0.183 3.413 8.488
302.800 4.500 -5.847 -0.665 4.152 7.354
302.800 4.600 -5.189 -1.403 4.912 7.457
302.800 4.700 -4.839 -1.946 5.556 7.818
302.800 4.800 -4.972 -1.967 5.886 8.17
302.800 4.900 -4.338 -1.676 4.936 7.02
302.800 5.000 -3.674 -2 3.225 5.539
302.800 5.100 -3.388 -2.523 1.089 4.617
302.800 5.200 -3.509 -3.385 -1.275 5.267
302.800 5.300 -4.102 -4.252 -2.491 6.681
302.800 5.400 -5.122 -4.911 -1.77 7.694
302.800 5.500 -6.476 -4.33 -0.339 8.211
302.800 5.600 -6.424 -3.045 1.023 7.66
302.800 5.700 -5.883 -1.947 1.821 7.936
302.800 5.800 -3.072 -0.1 0.945 8.28
302.800 5.900 2.924 -1.416 -1.569 11.018
302.800 6.000 5.034 -8.837 -5.013 17.339
302.800 6.100 -2.391 -13.776 -9.369 20.778
302.800 6.200 -10.061 -11.47 -12.452 21.779
302.800 6.300 -13.826 -6.465 -10.922 20.065
302.800 6.400 -15.285 0.33 -6.68 17.687
302.800 6.500 -9.417 10.355 -3.29 14.744
302.800 6.600 5.326 13.768 -1.641 15.333
302.800 6.700 17.835 6.241 -1.877 23.254
302.800 6.800 22.182 -3.498 -4.52 33.731
302.800 6.900 23.426 -16.055 -10.823 47.855
302.800 7.000 12.555 -29 -21.987 60.291
302.800 7.100 -4.756 -30.493 -33.643 73.19
302.800 7.200 -25.686 -26.478 -42.582 81.659
302.800 7.300 -53.502 -11.96 -48.469 87.954
302.800 7.400 -72.269 20.264 -48.37 100.082
302.800 7.500 -68.942 49.306 -41.868 107.175
302.800 7.600 -58.77 70.925 -32.248 110.992
302.800 7.700 -30.972 87.185 -13.17 103.72
302.800 7.800 5.065 75.519 5.795 82.9
302.800 7.900 26.849 48.121 11.737 65.254
302.800 8.000 38.918 28.397 7.291 64.703
302.800 8.100 46.729 10.878 1.556 66.056
302.800 8.200 38.282 1.241 0.181 56.097
302.800 8.300 33.207 -1.134 3.753 44.507
302.800 8.400 27.331 -7.691 4.06 33.616
302.800 8.500 19.918 -9.594 1.016 24.843
302.800 8.600 15.368 -9.385 -0.645 20.214
302.800 8.700 12.301 -8.076 0.206 16.065
302.800 8.800 11.244 -6.632 3.019 13.494
302.800 8.900 10.956 -5.446 7.461 15.162
302.800 9.000 11.44 -4.875 11.998 18.739
302.800 9.100 11.479 -5.089 13.797 20.037
302.800 9.200 11.437 -4.812 13.357 18.994
302.800 9.300 11.451 -4.881 12.3 17.703
302.800 9.400 11.468 -4.37 11.044 16.566
302.800 9.500 12.092 -4.51 10.419 16.703
302.800 9.600 11.176 -4.637 10.868 16.366
302.800 9.700 10.884 -4.211 11.899 16.725
302.800 9.800 9.881 -4.769 12.08 16.374
302.800 9.900 8.347 -4.311 11.652 15.044
302.800 10.000 7.549 -3.879 10.871 13.872
302.800 10.100 7.267 -3.304 9.554 12.506
302.800 10.200 7.559 -3.364 8.713 12.059
302.800 10.300 6.429 -3.442 8.207 11.011
302.800 10.400 5.845 -2.708 8.28 10.52
302.800 10.500 4.98 -2.639 7.472 9.385
302.800 10.600 3.76 -1.806 5.786 7.171
302.800 10.700 3.322 -1.022 3.729 5.275
302.800 10.800 3.111 -0.628 0.783 3.602
302.800 10.900 3.203 -0.352 -1.688 3.98
302.800 11.000 3.83 -0.221 -2.918 5.032
302.800 11.100 4.774 -0.35 -3.265 5.949
302.800 11.200 5.747 -0.393 -3.016 6.661
302.800 11.300 7.342 -0.139 -2.552 7.924
302.800 11.400 9.317 -0.567 -2.116 9.694
302.800 11.500 11.62 -0.933 -1.534 11.867
302.800 11.600 14.543 -4.044 -0.731 15.192
302.800 11.700 11.832 -8.043 1.104 14.387
302.800 11.800 8.457 -8.175 3.473 12.283
302.800 11.900 4.896 -8.325 5.206 10.98
302.800 12.000 0.515 -5.83 6.161 8.505
302.800 12.100 -0.868 -1.613 5.948 6.248
302.800 12.200 0.903 1.193 3.911 4.238
302.800 12.300 3.416 0.334 1.614 3.84
302.800 12.400 2.856 -2.329 0.528 3.741
302.800 12.500 0.523 -3.236 0.265 3.293
302.800 12.600 -1.125 -2.915 0.439 3.163
302.800 12.700 -2.479 -2.471 0.927 3.64
302.800 12.800 -3.245 -0.682 1.684 3.763
302.800 12.900 -1.613 0.539 2.959 3.474
302.800 13.000 -0.229 -0.021 4.138 4.196
302.800 13.100 0.016 -0.818 4.563 4.679
302.800 13.200 -0.481 -0.927 4.503 4.661
302.800 13.300 -0.614 -0.117 3.879 3.971
302.800 13.400 -0.013 0.557 2.556 2.664
302.800 13.500 0.625 0.908 0.989 1.54
302.800 13.600 1.253 0.952 -0.695 1.771
302.800 13.700 1.684 0.342 -2.146 2.783
302.800 13.800 1.282 -0.576 -2.722 3.087
302.800 13.900 0.217 -0.665 -2.629 2.742
302.800 14.000 -0.224 0.261 -1.668 1.734
302.800 14.100 0.296 0.993 0.266 1.118
302.800 14.200 1.102 1.498 1.879 2.681
302.800 14.300 2.438 1.587 2.476 3.852
302.800 14.400 3.638 0.316 2.515 4.457
302.800 14.500 3.005 -1.452 1.814 3.81
302.800 14.600 1.305 -1.296 0.6 1.94
302.800 14.700 0.983 0.504 -0.611 1.288
302.800 14.800 2.711 1.457 -1.684 3.533
302.800 14.900 4.263 0.001 -2.226 4.826
302.800 15.000 3.252 -1.741 -1.99 4.2
302.900 0.000 -1.796 -2.414 -0.383 3.055
302.900 0.100 -3.055 -2.61 -0.395 4.062
302.900 0.200 -4.617 -2.37 1.047 5.327
302.900 0.300 -6.503 -0.532 3.137 7.277
302.900 0.400 -5.261 3.653 3.504 7.336
302.900 0.500 -0.239 5.499 1.949 5.868
302.900 0.600 4.494 4.317 0.399 6.265
302.900 0.700 8.707 2.297 -0.371 9.031
302.900 0.800 12.456 -3.806 -0.392 13.049
302.900 0.900 6.386 -11.806 0.43 13.448
302.900 1.000 -3.985 -11.514 1.806 12.337
302.900 1.100 -9.421 -6.409 3.026 11.81
302.900 1.200 -10.976 -2.696 3.911 11.98
302.900 1.300 -11.284 0.921 4.164 12.085
302.900 1.400 -8.685 2.99 3.337 9.796
302.900 1.500 -6.453 2.413 2.537 7.366
302.900 1.600 -5.273 1.258 2.336 5.929
302.900 1.700 -5.094 0.018 2.489 5.695
302.900 1.800 -5.234 -0.48 2.565 5.875
302.900 1.900 -5.421 -1.052 2.498 6.087
302.900 2.000 -5.967 -0.957 2.357 6.514
302.900 2.100 -5.801 -0.751 1.933 6.188
302.900 2.200 -5.981 -0.597 1.518 6.227
302.900 2.300 -5.703 0.028 1.129 5.842
302.900 2.400 -5.341 0.238 0.918 5.455
302.900 2.500 -4.782 0.897 1.115 5.026
302.900 2.600 -3.56 1.007 1.762 4.141
302.900 2.700 -2.695 0.657 2.865 4.04
302.900 2.800 -2.002 0.266 4.418 4.918
302.900 2.900 -1.579 -0.154 6.002 6.272
302.900 3.000 -1.11 -0.352 6.765 6.932
302.900 3.100 -0.48 -0.629 6.742 6.86
302.900 3.200 -0.19 -1.128 6.096 6.277
302.900 3.300 -0.23 -1.349 4.863 5.129
302.900 3.400 -0.231 -1.786 3.343 3.874
302.900 3.500 -0.858 -2.365 1.399 2.938
302.900 3.600 -1.606 -2.918 -0.326 3.382
302.900 3.700 -3.242 -3.981 -1.041 5.272
302.900 3.800 -6.176 -4.321 -1 7.647
302.900 3.900 -8.294 -3.091 -0.786 8.937
302.900 4.000 -8.949 -2.485 -0.684 9.369
302.900 4.100 -9.794 -1.185 -0.732 9.955
302.900 4.200 -8.597 0.164 -0.567 8.685
302.900 4.300 -7.314 -0.197 -0.464 7.404
302.900 4.400 -6.497 -0.731 0.131 6.624
302.900 4.500 -6.289 -1.805 1.276 6.774
302.900 4.600 -6.716 -2.336 2.439 7.647
302.900 4.700 -7.11 -2.701 3.551 8.546
302.900 4.800 -7.903 -1.876 4.088 9.26
302.900 4.900 -6.956 -0.539 3.654 8.056
302.900 5.000 -5.662 -0.318 2.5 6.389
302.900 5.100 -4 -0.128 0.628 4.241
302.900 5.200 -1.71 -1.233 -1.615 2.816
302.900 5.300 -1.094 -4.082 -2.798 5.322
302.900 5.400 -3.445 -6.084 -2.31 7.724
302.900 5.500 -6.176 -5.712 -1.221 8.891
302.900 5.600 -7.498 -4.366 0.176 9.177
302.900 5.700 -8.149 -2.343 1.353 9.763
302.900 5.800 -5.849 0.839 1.463 8.956
302.900 5.900 -0.473 0.373 0.631 7.885
302.900 6.000 2.204 -4.961 -1.603 11.825
302.900 6.100 -0.422 -9.188 -5.81 15.065
302.900 6.200 -4.321 -10.077 -8.925 16.623
302.900 6.300 -9.532 -9.16 -8.837 17.38
302.900 6.400 -15.17 -3.679 -6.32 17.556
302.900 6.500 -12.786 6.658 -2.016 15.269
302.900 6.600 -1.147 11.119 3.383 12.565
302.900 6.700 9.078 7.218 5.913 15.073
302.900 6.800 13.892 1.515 2.204 19.006
302.900 6.900 17.035 -7.845 -5.043 26.813
302.900 7.000 9.607 -18.876 -13.27 35.88
302.900 7.100 -4.191 -21.021 -22.154 45.658
302.900 7.200 -19.718 -17.859 -31.559 54.326
302.900 7.300 -39.516 -6.981 -39.831 63.699
302.900 7.400 -52.662 19.279 -43.567 76.394
302.900 7.500 -44.833 44.056 -41.996 81.161
302.900 7.600 -31.629 59.295 -35.097 82.827
302.900 7.700 -10.574 69.133 -22 80.533
302.900 7.800 15.448 62.573 -7.46 71.27
302.900 7.900 32.21 43.425 3.091 60.551
302.900 8.000 40.167 27.986 9.42 54.902
302.900 8.100 44.395 12.525 11.788 51.415
302.900 8.200 37.689 1.819 10.819 43.296
302.900 8.300 31.282 -1.131 8.736 35.788
302.900 8.400 26.194 -4.579 5.477 29.523
302.900 8.500 21.788 -6.642 1.739 25.228
302.900 8.600 18.534 -8.726 -0.258 23.079
302.900 8.700 15.322 -9.741 0.198 19.767
302.900 8.800 12.794 -10.322 2.941 17.37
302.900 8.900 9.417 -10.206 7.425 16.988
302.900 9.000 6.485 -8.204 11.589 17.832
302.900 9.100 5.616 -5.665 13.571 17.932
302.900 9.200 6.232 -4.242 13.749 16.881
302.900 9.300 6.805 -3.982 13.234 15.723
302.900 9.400 7.142 -3.871 12.78 15.146
302.900 9.500 7.422 -4.607 12.942 15.651
302.900 9.600 6.126 -5.225 13.236 15.534
302.900 9.700 4.806 -4.679 13.624 15.212
302.900 9.800 3.618 -4.175 13.263 14.392
302.900 9.900 2.374 -3.457 12.108 12.859
302.900 10.000 1.707 -2.735 10.801 11.298
302.900 10.100 1.453 -2.629 9.87 10.319
302.900 10.200 0.916 -2.825 9.494 9.95
302.900 10.300 0.093 -3.002 8.743 9.246
302.900 10.400 -1.341 -2.502 8.337 8.812
302.900 10.500 -1.63 -0.879 7.244 7.479
302.900 10.600 -1.174 0.187 5.185 5.414
302.900 10.700 -0.308 1.819 2.669 3.671
302.900 10.800 2.17 2.464 -0.556 3.808
302.900 10.900 4.237 1.463 -3.125 5.937
302.900 11.000 5.437 0.211 -3.975 7.064
302.900 11.100 6.363 -0.738 -3.537 7.586
302.900 11.200 6.896 -1.39 -2.287 7.636
302.900 11.300 7.841 -1.227 -0.524 8.129
302.900 11.400 9.313 -1.649 1.169 9.647
302.900 11.500 10.714 -2.311 2.753 11.394
302.900 11.600 12.143 -5.673 4.655 14.245
302.900 11.700 8.553 -10.022 6.36 14.642
302.900 11.800 3.114 -10.254 8.406 13.623
302.900 11.900 -1.338 -8.801 9.217 12.83
302.900 12.000 -5.648 -5.896 8.76 11.991
302.900 12.100 -6.966 0.025 7.766 10.452
302.900 12.200 -2.262 3.925 5.171 6.919
302.900 12.300 2.715 2.279 2.853 4.61
302.900 12.400 3.295 -1.183 1.011 3.677
302.900 12.500 1.782 -2.678 -0.421 3.253
302.900 12.600 0.325 -3.181 -0.798 3.296
302.900 12.700 -1.221 -2.973 -0.33 3.235
302.900 12.800 -2.179 -1.686 0.37 2.802
302.900 12.900 -1.907 -0.804 1.464 2.575
302.900 13.000 -1.739 -0.918 2.509 3.228
302.900 13.100 -1.878 -1.149 3.259 3.971
302.900 13.200 -2.456 -0.837 3.669 4.534
302.900 13.300 -2.356 0.667 3.454 4.283
302.900 13.400 -1.059 1.818 2.581 3.391
302.900 13.500 0.463 2.456 1.322 2.895
302.900 13.600 2.431 2.743 -0.363 3.743
302.900 13.700 4.418 1.52 -2.094 5.161
302.900 13.800 4.194 -0.523 -2.622 5.001
302.900 13.900 2.937 -1.051 -2.377 3.943
302.900 14.000 1.801 -1.169 -1.639 2.717
302.900 14.100 0.288 -0.832 -0.223 0.91
302.900 14.200 -0.473 0.467 1.069 1.291
302.900 14.300 0.724 1.3 1.753 2.335
302.900 14.400 1.975 0.506 1.982 2.868
302.900 14.500 1.72 -0.612 1.602 2.444
302.900 14.600 0.725 -0.226 0.743 1.077
302.900 14.700 1.064 1.528 -0.226 1.909
302.900 14.800 3.342 2.189 -1.099 4.17
302.900 14.900 5.083 0.154 -1.58 5.343
302.900 15.000 4.044 -2.104 -1.447 4.793
303.000 0.000 -0.654 -1.975 -0.676 2.201
303.000 0.100 -1.366 -3.035 -0.874 3.458
303.000 0.200 -4 -4.009 -0.236 5.689
303.000 0.300 -7.975 -1.982 0.81 8.281
303.000 0.400 -7.196 3.773 1.804 8.349
303.000 0.500 -0.793 6.277 2.594 6.867
303.000 0.600 4.814 4.641 3.028 7.369
303.000 0.700 8.147 1.885 3.426 9.063
303.000 0.800 10.145 -4.301 3.882 11.707
303.000 0.900 4.446 -11.928 3.736 13.288
303.000 1.000 -5.505 -11.965 3.568 13.666
303.000 1.100 -11.011 -6.451 3.015 13.132
303.000 1.200 -12.562 -2.519 1.705 12.942
303.000 1.300 -12.856 1.505 0.661 12.978
303.000 1.400 -9.163 3.775 0.184 9.929
303.000 1.500 -6.222 2.762 -0.077 6.827
303.000 1.600 -4.926 1.199 -0.081 5.089
303.000 1.700 -4.979 -0.171 0.06 5
303.000 1.800 -5.249 -0.505 0.212 5.297
303.000 1.900 -5.334 -0.96 0.253 5.444
303.000 2.000 -5.824 -0.752 0.106 5.893
303.000 2.100 -5.538 -0.467 0.013 5.578
303.000 2.200 -5.667 -0.3 -0.22 5.7
303.000 2.300 -5.145 0.307 -0.416 5.192
303.000 2.400 -4.528 0.217 -0.49 4.582
303.000 2.500 -4.052 0.335 -0.13 4.094
303.000 2.600 -3.262 -0.024 0.873 3.41
303.000 2.700 -3.049 -0.768 2.21 3.886
303.000 2.800 -3.405 -1.438 3.816 5.36
303.000 2.900 -4.165 -1.517 5.429 7.062
303.000 3.000 -4.303 -0.979 6.59 7.991
303.000 3.100 -4.008 -0.676 7.3 8.42
303.000 3.200 -3.608 -0.202 7.09 8.027
303.000 3.300 -2.896 0.081 5.765 6.526
303.000 3.400 -2.173 -0.025 4.143 4.756
303.000 3.500 -1.397 -0.376 2.279 2.778
303.000 3.600 -0.837 -1.441 0.507 1.796
303.000 3.700 -1.699 -3.076 -0.979 3.677
303.000 3.800 -3.852 -3.708 -2.323 5.857
303.000 3.900 -5.602 -3.125 -3.059 7.136
303.000 4.000 -6.773 -2.668 -2.966 7.896
303.000 4.100 -7.846 -1.296 -2.812 8.476
303.000 4.200 -6.628 0.03 -2.664 7.186
303.000 4.300 -5.292 -0.533 -2.369 5.865
303.000 4.400 -4.9 -1.614 -1.737 5.498
303.000 4.500 -5.422 -2.83 -0.843 6.25
303.000 4.600 -6.661 -3.567 0.17 7.655
303.000 4.700 -8.543 -3.901 1.454 9.622
303.000 4.800 -10.46 -2.049 2.402 11.056
303.000 4.900 -9.178 0.431 1.831 9.498
303.000 5.000 -7.155 1.014 0.605 7.379
303.000 5.100 -4.517 1.553 -0.521 4.923
303.000 5.200 -0.949 0.133 -1.443 1.812
303.000 5.300 0.235 -3.795 -1.97 4.537
303.000 5.400 -2.534 -6.674 -2.006 7.739
303.000 5.500 -6.042 -6.701 -1.491 9.515
303.000 5.600 -8.599 -5.653 -0.717 10.814
303.000 5.700 -11.205 -3.262 0.26 12.482
303.000 5.800 -9.594 1.361 0.45 10.993
303.000 5.900 -3.96 1.621 -0.355 6.811
303.000 6.000 -0.645 -2.152 -1.939 7.332
303.000 6.100 -0.657 -5.81 -4.478 10.677
303.000 6.200 -2.514 -8.595 -6.591 13.328
303.000 6.300 -7.395 -10.044 -6.927 15.589
303.000 6.400 -13.575 -6.53 -5.302 16.796
303.000 6.500 -14.717 0.995 -1.325 15.737
303.000 6.600 -11.116 5.11 4.803 14.039
303.000 6.700 -6.373 7.176 8.833 13.481
303.000 6.800 2.133 6.734 7.096 11.337
303.000 6.900 9.647 -0.813 2.784 13.634
303.000 7.000 5.182 -10.344 -4.851 17.844
303.000 7.100 -5.118 -11.562 -14.556 25.014
303.000 7.200 -15.115 -7.919 -24.744 34.436
303.000 7.300 -26.435 1.183 -34.965 46.179
303.000 7.400 -32.438 20.711 -40.943 57.927
303.000 7.500 -23.647 39.605 -38.704 61.868
303.000 7.600 -9.81 50.147 -32.075 62.64
303.000 7.700 7.336 55.755 -21.139 62.829
303.000 7.800 28.155 50.617 -9.532 62.686
303.000 7.900 39.629 33.124 1.952 57.479
303.000 8.000 40.647 21.272 13.313 53.026
303.000 8.100 41.265 11.417 18.614 49.65
303.000 8.200 34.365 4.49 16.642 40.425
303.000 8.300 29.554 3.116 11.255 34.227
303.000 8.400 27.016 0.468 4.876 31.09
303.000 8.500 25.389 -2.999 -0.764 30.139
303.000 8.600 23.216 -8.363 -2.904 29.279
303.000 8.700 19.331 -12.037 -0.865 25.192
303.000 8.800 15.258 -14.391 3.206 22.321
303.000 8.900 8.567 -14.835 7.818 20.237
303.000 9.000 2.608 -11.2 11.635 18.587
303.000 9.100 0.744 -6.373 13.126 17.009
303.000 9.200 1.331 -4.012 13.014 15.252
303.000 9.300 2.003 -3.381 12.511 13.652
303.000 9.400 2.506 -3.781 12.062 12.949
303.000 9.500 2.113 -5.021 12.314 13.55
303.000 9.600 0.251 -5.874 13.141 14.481
303.000 9.700 -2.02 -4.836 14.024 15.064
303.000 9.800 -3.033 -2.802 13.095 13.888
303.000 9.900 -3.3 -1.696 10.811 11.68
303.000 10.000 -3.259 -1.027 8.53 9.382
303.000 10.100 -3.202 -1.618 6.373 7.378
303.000 10.200 -4.286 -2.142 5.082 7.012
303.000 10.300 -4.513 -2.339 4.49 6.809
303.000 10.400 -5.763 -2.033 4.175 7.447
303.000 10.500 -5.603 0.435 3.671 6.74
303.000 10.600 -3.936 2.149 2.515 5.238
303.000 10.700 -1.528 4.522 0.499 5.059
303.000 10.800 3.325 5.515 -2.331 7.068
303.000 10.900 7.587 2.95 -4.74 9.672
303.000 11.000 8.741 -0.276 -4.602 10.222
303.000 11.100 8.87 -2.018 -3.194 10.097
303.000 11.200 8.192 -3.472 -1.079 9.323
303.000 11.300 7.287 -3.44 1.57 8.379
303.000 11.400 7.361 -3.345 3.738 8.984
303.000 11.500 8.022 -3.836 5.345 10.44
303.000 11.600 8.501 -7.134 6.508 12.908
303.000 11.700 3.7 -11.599 7.573 14.354
303.000 11.800 -3.907 -11.465 8.366 14.788
303.000 11.900 -8.518 -7.953 7.847 14.151
303.000 12.000 -11.37 -4.749 6.091 13.819
303.000 12.100 -11.934 1.741 4.419 12.869
303.000 12.200 -5.224 5.877 3.24 8.534
303.000 12.300 1.021 3.812 2.183 4.581
303.000 12.400 3.091 0.347 1.155 3.374
303.000 12.500 3.413 -1.647 0.145 3.823
303.000 12.600 2.412 -3.355 -0.25 4.151
303.000 12.700 0.121 -3.464 -0.033 3.47
303.000 12.800 -1.281 -2.334 0.267 2.685
303.000 12.900 -1.544 -1.596 0.72 2.355
303.000 13.000 -1.845 -1.642 1.237 2.787
303.000 13.100 -2.655 -1.889 1.893 3.796
303.000 13.200 -4.14 -1.274 2.661 5.12
303.000 13.300 -4.168 1.1 2.876 5.234
303.000 13.400 -2.135 2.64 2.429 4.24
303.000 13.500 0.053 3.511 1.896 4.059
303.000 13.600 3.112 4.145 1.206 5.383
303.000 13.700 6.609 2.575 0.438 7.152
303.000 13.800 6.382 -0.41 -0.221 6.428
303.000 13.900 4.603 -1.19 -0.647 4.82
303.000 14.000 3.106 -1.773 -0.725 3.664
303.000 14.100 1.011 -1.667 -0.523 2.023
303.000 14.200 -0.252 -0.326 -0.096 0.429
303.000 14.300 0.268 0.668 0.65 1.007
303.000 14.400 0.974 0.365 1.203 1.616
303.000 14.500 0.823 -0.142 1.18 1.463
303.000 14.600 0.257 0.474 0.806 0.998
303.000 14.700 1.08 2.363 0.224 2.643
303.000 14.800 4.153 3.002 -0.58 5.185
303.000 14.900 6.58 0.302 -1.11 6.698
303.000 15.000 5.027 -2.567 -0.862 5.72
303.100 0.000 0.313 -1.441 -0.603 1.603
303.100 0.100 0.085 -2.982 -1.133 3.203
303.100 0.200 -2.57 -4.548 -1.073 5.348
303.100 0.300 -6.403 -2.79 -0.507 7.021
303.100 0.400 -6.511 2.045 0.921 6.91
303.100 0.500 -2.474 4.475 3.374 6.157
303.100 0.600 1.664 3.909 5.356 6.868
303.100 0.700 5.339 1.914 5.68 8.056
303.100 0.800 7.869 -3.947 5.187 10.243
303.100 0.900 2.209 -11.323 4.124 12.272
303.100 1.000 -8.167 -11.217 2.487 14.114
303.100 1.100 -12.948 -4.776 0.712 13.836
303.100 1.200 -11.997 -0.755 -0.994 12.077
303.100 1.300 -10.654 2.221 -2.175 11.112
303.100 1.400 -7.342 3.866 -2.461 8.668
303.100 1.500 -4.506 2.745 -2.461 5.833
303.100 1.600 -3.386 0.912 -2.103 4.099
303.100 1.700 -3.482 -0.371 -1.676 3.891
303.100 1.800 -3.826 -0.796 -1.314 4.135
303.100 1.900 -4.118 -0.992 -0.993 4.365
303.100 2.000 -4.431 -0.699 -0.927 4.595
303.100 2.100 -4.278 -0.323 -0.993 4.42
303.100 2.200 -4.125 -0.05 -1.222 4.318
303.100 2.300 -3.598 0.322 -1.296 3.854
303.100 2.400 -2.901 0.125 -1.233 3.17
303.100 2.500 -2.571 -0.44 -0.829 2.753
303.100 2.600 -2.683 -1.23 0.129 2.978
303.100 2.700 -3.331 -2.183 1.301 4.221
303.100 2.800 -4.748 -3.124 2.736 6.344
303.100 2.900 -6.862 -2.974 4.338 8.687
303.100 3.000 -7.776 -1.876 5.328 9.659
303.100 3.100 -8.51 -1.31 6.066 10.584
303.100 3.200 -8.383 0.641 6.175 10.489
303.100 3.300 -6.091 1.563 5.125 8.175
303.100 3.400 -4.252 1.538 3.945 6.068
303.100 3.500 -2.374 1.397 2.494 3.788
303.100 3.600 -0.675 0.179 0.872 1.197
303.100 3.700 -0.577 -1.63 -0.563 1.846
303.100 3.800 -1.507 -2.397 -1.906 3.431
303.100 3.900 -2.486 -2.604 -2.98 4.691
303.100 4.000 -3.792 -2.41 -3.721 5.853
303.100 4.100 -4.683 -1.311 -4.253 6.48
303.100 4.200 -3.901 -0.379 -3.932 5.57
303.100 4.300 -2.909 -0.993 -3.452 4.641
303.100 4.400 -3.046 -2.404 -2.878 4.866
303.100 4.500 -4.375 -3.624 -2.21 6.153
303.100 4.600 -6.297 -4.307 -1.83 7.92
303.100 4.700 -9.176 -4.726 -1.728 10.551
303.100 4.800 -12.313 -2.223 -1.746 12.722
303.100 4.900 -10.324 1.133 -1.654 10.597
303.100 5.000 -7.286 1.706 -1.554 7.725
303.100 5.100 -4.279 2.119 -1.627 5.128
303.100 5.200 -0.606 0.614 -1.907 2.15
303.100 5.300 0.65 -3.56 -2.176 4.438
303.100 5.400 -2.163 -6.738 -2.27 7.697
303.100 5.500 -5.969 -6.948 -2.458 9.797
303.100 5.600 -8.827 -5.957 -2.62 11.367
303.100 5.700 -11.766 -3.49 -2.951 13.123
303.100 5.800 -10.627 1.324 -2.86 11.643
303.100 5.900 -5.543 2.102 -2.475 7.141
303.100 6.000 -2.159 -0.638 -2.869 5.107
303.100 6.100 -0.928 -3.751 -4.104 7.429
303.100 6.200 -1.394 -7.443 -5.406 10.692
303.100 6.300 -6.443 -10.614 -5.814 14.651
303.100 6.400 -14.117 -8.769 -5.063 18.176
303.100 6.500 -17.718 -2.925 -3.072 19.037
303.100 6.600 -18.629 0.352 -0.189 19.104
303.100 6.700 -18.219 5.471 2.504 19.247
303.100 6.800 -10.379 7.509 4.5 13.588
303.100 6.900 -4.696 3.17 4.491 7.479
303.100 7.000 -4.71 -1.324 -1.224 7.579
303.100 7.100 -8.274 -1.943 -10.045 15.144
303.100 7.200 -12.073 1.94 -18.977 23.775
303.100 7.300 -14.913 9.45 -27.214 33.118
303.100 7.400 -14.434 21.961 -31.224 40.993
303.100 7.500 -6.093 34.667 -28.687 45.658
303.100 7.600 7.237 41.229 -21.273 47.334
303.100 7.700 20.617 43.448 -9.434 49.485
303.100 7.800 39.133 39.717 3.845 57.47
303.100 7.900 46.039 21.066 15.263 56.713
303.100 8.000 35.612 12.47 23.851 49.711
303.100 8.100 30.35 11.212 26.826 45.376
303.100 8.200 27.863 10.861 21.757 38.693
303.100 8.300 29.059 10.872 12.862 36.516
303.100 8.400 31.323 8.058 3.7 37.126
303.100 8.500 34.091 2.08 -4.379 39.867
303.100 8.600 32.816 -9.266 -6.83 39.714
303.100 8.700 25.002 -16.853 -2.238 33.016
303.100 8.800 16.496 -19.276 3.835 27.294
303.100 8.900 6.862 -18.793 8.095 23.367
303.100 9.000 -1.926 -13.505 10.71 19.896
303.100 9.100 -4.103 -6.205 11.174 16.187
303.100 9.200 -2.715 -3.349 10.282 13.002
303.100 9.300 -1.846 -2.732 9.415 10.655
303.100 9.400 -1.226 -3.709 9.091 10.053
303.100 9.500 -2.304 -5.579 9.36 11.333
303.100 9.600 -5.743 -7.082 10.021 13.735
303.100 9.700 -10.833 -5.171 10.946 16.407
303.100 9.800 -11.003 -0.155 9.341 14.691
303.100 9.900 -8.557 1.025 5.95 10.998
303.100 10.000 -6.926 1.649 3.09 8.275
303.100 10.100 -4.443 0.652 0.493 4.8
303.100 10.200 -4.075 -1.28 -1.179 4.565
303.100 10.300 -4.974 -2.658 -0.976 5.834
303.100 10.400 -7.171 -2.268 0.049 7.649
303.100 10.500 -7.311 0.753 0.45 7.474
303.100 10.600 -5.463 3.03 0.346 6.382
303.100 10.700 -2.096 6.342 -0.137 6.922
303.100 10.800 5.583 8.137 -1.582 10.137
303.100 10.900 13.086 3.709 -2.772 14.002
303.100 11.000 12.811 -1.954 -1.582 13.392
303.100 11.100 11.36 -3.771 0.381 12.633
303.100 11.200 8.983 -6.049 2.435 11.56
303.100 11.300 5.622 -5.79 4.714 9.482
303.100 11.400 4.265 -5.057 6.503 9.305
303.100 11.500 3.762 -5.135 7.766 10.085
303.100 11.600 3.384 -7.689 8.557 12.032
303.100 11.700 -1.372 -11.313 7.65 13.743
303.100 11.800 -8.478 -10.662 5.923 14.968
303.100 11.900 -12.203 -6.406 4.147 14.61
303.100 12.000 -13.315 -2.885 2.386 14.034
303.100 12.100 -12.361 2.716 1.215 12.817
303.100 12.200 -5.888 6.276 0.931 8.715
303.100 12.300 0.466 4.159 1.166 4.43
303.100 12.400 2.687 0.628 1.516 3.224
303.100 12.500 3.225 -1.371 1.893 4.035
303.100 12.600 2.502 -3.11 1.776 4.398
303.100 12.700 0.536 -3.258 1.114 3.5
303.100 12.800 -0.647 -2.368 0.627 2.545
303.100 12.900 -1.034 -1.807 0.457 2.145
303.100 13.000 -1.485 -1.926 0.404 2.479
303.100 13.100 -2.587 -2.317 0.434 3.518
303.100 13.200 -4.618 -1.722 0.508 4.986
303.100 13.300 -4.914 0.912 0.932 5.135
303.100 13.400 -2.796 2.534 1.757 4.228
303.100 13.500 -0.667 3.522 2.43 4.401
303.100 13.600 2.181 4.217 2.879 5.614
303.100 13.700 5.17 2.951 3.09 6.755
303.100 13.800 5.678 0.602 2.328 6.2
303.100 13.900 5.039 -0.43 1.018 5.186
303.100 14.000 3.989 -1.525 0.158 4.292
303.100 14.100 2.028 -1.68 -0.167 2.649
303.100 14.200 0.782 -0.689 -0.226 1.076
303.100 14.300 0.698 0.091 0.049 0.732
303.100 14.400 0.825 0.094 0.371 0.932
303.100 14.500 0.567 -0.02 0.468 0.754
303.100 14.600 0.015 0.73 0.356 0.849
303.100 14.700 0.969 2.779 0.22 2.987
303.100 14.800 4.427 3.326 0.252 5.572
303.100 14.900 6.982 0.356 0.392 7.019
303.100 15.000 5.381 -2.724 0.315 6.049
303.200 0.000 1.128 -0.8 0.251 1.427
303.200 0.100 1.887 -2.504 -0.344 3.17
303.200 0.200 -0.92 -4.716 -0.824 4.889
303.200 0.300 -5.446 -3.558 -0.936 6.587
303.200 0.400 -6.587 0.178 0.004 6.608
303.200 0.500 -4.783 1.798 2.261 5.612
303.200 0.600 -2.797 2.409 4.63 5.952
303.200 0.700 0.801 1.481 6.077 6.337
303.200 0.800 3.075 -3.233 6.616 8.009
303.200 0.900 -0.849 -8.71 4.473 9.85
303.200 1.000 -8.076 -8.396 0.863 11.697
303.200 1.100 -11.276 -3.151 -1.714 11.845
303.200 1.200 -10.3 0.326 -2.989 10.742
303.200 1.300 -8.722 2.744 -3.624 9.847
303.200 1.400 -5.16 3.933 -3.678 7.468
303.200 1.500 -2.062 2.471 -3.37 4.666
303.200 1.600 -1.385 0.239 -2.704 3.051
303.200 1.700 -1.982 -0.875 -1.99 2.946
303.200 1.800 -2.594 -1.236 -1.464 3.233
303.200 1.900 -3.198 -1.243 -1.099 3.613
303.200 2.000 -3.6 -0.735 -0.934 3.804
303.200 2.100 -3.36 -0.191 -0.941 3.509
303.200 2.200 -2.98 0.096 -1.04 3.173
303.200 2.300 -2.408 0.297 -1.073 2.667
303.200 2.400 -1.68 -0.02 -0.989 1.961
303.200 2.500 -1.494 -1.003 -0.739 1.957
303.200 2.600 -2.161 -2.047 -0.296 3.01
303.200 2.700 -3.344 -3.105 0.212 4.59
303.200 2.800 -5.516 -4.245 0.685 7.02
303.200 2.900 -8.793 -3.966 1.102 9.739
303.200 3.000 -9.99 -2.334 1.497 10.4
303.200 3.100 -10.909 -1.737 1.718 11.215
303.200 3.200 -11.029 0.748 1.975 11.27
303.200 3.300 -8.505 1.876 2.57 9.127
303.200 3.400 -6.651 2.279 2.847 7.638
303.200 3.500 -3.899 2.655 2.27 5.293
303.200 3.600 -1.196 1.418 1.494 2.451
303.200 3.700 -0.376 -0.411 0.543 0.852
303.200 3.800 -0.574 -1.233 -0.553 1.496
303.200 3.900 -0.865 -1.659 -1.522 2.429
303.200 4.000 -1.29 -1.5 -2.442 3.154
303.200 4.100 -1.249 -1.099 -3.079 3.507
303.200 4.200 -1.111 -0.852 -2.942 3.266
303.200 4.300 -0.577 -1.275 -2.714 3.065
303.200 4.400 -1.211 -2.819 -2.663 4.097
303.200 4.500 -3.154 -3.713 -2.861 5.698
303.200 4.600 -5.067 -3.975 -3.492 7.38
303.200 4.700 -7.239 -3.992 -4.523 9.481
303.200 4.800 -9.223 -2.069 -5.399 10.941
303.200 4.900 -8.27 0.317 -4.907 9.672
303.200 5.000 -6.63 1.01 -3.794 7.763
303.200 5.100 -4.079 1.779 -2.732 5.292
303.200 5.200 -0.275 0.523 -1.782 1.952
303.200 5.300 1.093 -3.462 -1.407 4.095
303.200 5.400 -1.804 -6.306 -1.909 7.054
303.200 5.500 -5.276 -6.399 -2.788 9.009
303.200 5.600 -7.999 -5.477 -3.618 10.659
303.200 5.700 -10.553 -3.135 -4.15 12.096
303.200 5.800 -9.748 1.015 -4.305 10.994
303.200 5.900 -5.795 1.873 -4.155 7.652
303.200 6.000 -3.008 -0.286 -3.983 5.48
303.200 6.100 -1.899 -3.102 -3.939 6.116
303.200 6.200 -2.436 -6.679 -4.131 8.922
303.200 6.300 -6.947 -9.916 -5.256 13.79
303.200 6.400 -13.838 -8.927 -6.433 18.206
303.200 6.500 -17.778 -4.386 -6.56 19.888
303.200 6.600 -19.499 -1.307 -5.867 20.659
303.200 6.700 -20.04 3.241 -4.608 20.979
303.200 6.800 -16.509 5.414 -2.697 17.672
303.200 6.900 -14.712 4.706 -2.142 15.901
303.200 7.000 -12.175 5.031 -4.881 14.791
303.200 7.100 -10.764 5.357 -9.998 16.586
303.200 7.200 -9.971 9.179 -15.653 21.418
303.200 7.300 -7.557 14.633 -20.514 26.689
303.200 7.400 -3.848 21.632 -21.967 31.231
303.200 7.500 3.623 28.522 -17.654 33.961
303.200 7.600 13.565 30.602 -8.32 34.857
303.200 7.700 20.772 28.897 5.111 36.163
303.200 7.800 28.646 25.183 21.497 44.255
303.200 7.900 30.016 14.116 32.054 47.863
303.200 8.000 21.733 10.033 33.454 44.113
303.200 8.100 17.756 13.863 31.562 41.143
303.200 8.200 20.945 18.697 25.847 39.409
303.200 8.300 29.427 20.346 17.454 42.841
303.200 8.400 38.846 18.306 7.362 47.417
303.200 8.500 51.33 10.115 -3.884 55.605
303.200 8.600 52.237 -11.877 -7.515 56.56
303.200 8.700 34.675 -24.098 -0.801 44.311
303.200 8.800 18.941 -24.282 5.231 33.446
303.200 8.900 6.259 -21.354 8.199 25.931
303.200 9.000 -3.658 -14.183 8.883 19.892
303.200 9.100 -6.117 -5.434 8.098 14.287
303.200 9.200 -4.393 -2.004 6.453 9.771
303.200 9.300 -3.35 -1.904 4.846 6.835
303.200 9.400 -3.596 -3.708 4.125 6.857
303.200 9.500 -5.828 -5.545 3.881 9.188
303.200 9.600 -9.409 -6.88 2.763 12.162
303.200 9.700 -15.257 -4.561 1.179 16.087
303.200 9.800 -14.136 2.384 -0.197 14.446
303.200 9.900 -8.619 3.89 -2.077 9.948
303.200 10.000 -5.146 3.688 -3.985 7.82
303.200 10.100 -1.9 2.262 -5.006 5.993
303.200 10.200 -0.801 -0.714 -5.804 6.072
303.200 10.300 -2.852 -3.468 -5.8 7.527
303.200 10.400 -7.043 -3.249 -5.225 9.62
303.200 10.500 -7.834 0.27 -4.229 9.201
303.200 10.600 -6.044 2.43 -2.89 7.436
303.200 10.700 -3.021 5.876 -1.243 7.234
303.200 10.800 4.692 7.641 1.176 9.32
303.200 10.900 11.921 2.849 3.697 12.885
303.200 11.000 10.842 -3.369 4.699 12.405
303.200 11.100 7.824 -5.433 5.794 11.435
303.200 11.200 4.459 -7.377 6.629 11.059
303.200 11.300 0.078 -7.333 7.304 10.379
303.200 11.400 -2.444 -5.769 7.899 10.101
303.200 11.500 -3.277 -5.576 7.421 9.914
303.200 11.600 -4.765 -7.118 6.784 11.019
303.200 11.700 -7.709 -9.075 4.586 12.767
303.200 11.800 -12.936 -8.684 2.138 15.791
303.200 11.900 -15.054 -4.196 -0.24 15.872
303.200 12.000 -14.493 -1.541 -2.402 15.106
303.200 12.100 -13.123 3.02 -2.911 13.982
303.200 12.200 -6.195 5.648 -1.956 8.697
303.200 12.300 -0.4 3.17 -0.244 3.296
303.200 12.400 1.371 -0.211 1.255 1.959
303.200 12.500 1.168 -1.959 2.408 3.379
303.200 12.600 0.564 -2.627 2.686 3.848
303.200 12.700 -0.125 -2.482 2.06 3.264
303.200 12.800 -0.51 -1.834 1.314 2.341
303.200 12.900 -0.532 -1.387 0.579 1.61
303.200 13.000 -0.636 -1.618 -0.125 1.747
303.200 13.100 -1.463 -2.137 -0.545 2.655
303.200 13.200 -2.898 -1.738 -0.729 3.479
303.200 13.300 -3.444 -0.09 -0.165 3.492
303.200 13.400 -2.853 1.259 1.298 3.435
303.200 13.500 -1.791 2.646 2.737 4.271
303.200 13.600 0.576 3.68 3.688 5.303
303.200 13.700 3.207 3.016 4.137 6.092
303.200 13.800 4.227 1.572 3.807 5.941
303.200 13.900 4.793 0.741 2.871 5.669
303.200 14.000 4.521 -0.753 1.765 4.934
303.200 14.100 2.802 -1.16 0.69 3.126
303.200 14.200 1.763 -0.55 -0.005 1.865
303.200 14.300 1.596 -0.058 -0.162 1.629
303.200 14.400 1.613 -0.048 -0.13 1.64
303.200 14.500 1.27 -0.079 0.024 1.293
303.200 14.600 0.853 0.803 0.145 1.214
303.200 14.700 1.807 2.619 0.318 3.231
303.200 14.800 4.755 3.078 0.623 5.726
303.200 14.900 6.943 0.248 0.771 7.008
303.200 15.000 5.379 -2.733 0.978 6.122
303.300 0.000 0.445 -0.917 1.957 2.238
303.300 0.100 1.093 -1.866 2.168 3.09
303.300 0.200 -0.611 -3.256 0.465 3.363
303.300 0.300 -3.375 -2.81 -1.89 4.79
303.300 0.400 -4.594 -1.269 -2.151 5.238
303.300 0.500 -4.813 -0.577 -0.342 4.874
303.300 0.600 -4.65 0.368 1.7 4.987
303.300 0.700 -2.912 -0.029 3.569 4.635
303.300 0.800 -2.409 -2.762 4.263 5.647
303.300 0.900 -4.434 -5.533 2.499 7.537
303.300 1.000 -8.522 -5.304 -0.419 10.059
303.300 1.100 -9.943 -1.108 -2.816 10.404
303.300 1.200 -7.818 1.511 -4.473 9.141
303.300 1.300 -5.701 2.815 -5.054 8.129
303.300 1.400 -2.83 3.24 -4.278 6.073
303.300 1.500 -0.422 1.71 -3.18 3.64
303.300 1.600 -0.224 -0.51 -2.347 2.412
303.300 1.700 -1.239 -1.496 -1.674 2.568
303.300 1.800 -2.123 -1.666 -1.165 2.947
303.300 1.900 -2.868 -1.508 -0.824 3.356
303.300 2.000 -3.313 -0.832 -0.611 3.483
303.300 2.100 -3.034 -0.151 -0.581 3.108
303.300 2.200 -2.544 0.147 -0.606 2.635
303.300 2.300 -1.933 0.272 -0.609 2.061
303.300 2.400 -1.255 -0.121 -0.599 1.408
303.300 2.500 -1.132 -1.158 -0.598 1.738
303.300 2.600 -1.849 -2.231 -0.656 2.985
303.300 2.700 -3.066 -3.179 -0.846 4.513
303.300 2.800 -4.925 -4.077 -1.276 6.537
303.300 2.900 -7.431 -3.859 -1.846 8.594
303.300 3.000 -8.762 -2.661 -1.928 9.38
303.300 3.100 -9.791 -1.879 -1.67 10.133
303.300 3.200 -10.066 0.121 -1.293 10.177
303.300 3.300 -8.902 1.095 -0.711 9.028
303.300 3.400 -8.04 1.997 -0.117 8.32
303.300 3.500 -5.252 2.72 0.578 5.985
303.300 3.600 -2.7 1.654 1.153 3.424
303.300 3.700 -1.474 0.413 1.066 1.93
303.300 3.800 -0.823 -0.378 0.489 1.094
303.300 3.900 -0.614 -0.993 -0.004 1.214
303.300 4.000 -0.7 -0.986 -0.231 1.274
303.300 4.100 -0.462 -0.902 -0.338 1.108
303.300 4.200 -0.62 -0.956 -0.544 1.301
303.300 4.300 -0.528 -1.189 -0.706 1.521
303.300 4.400 -1.058 -2.197 -1.465 2.888
303.300 4.500 -2.457 -2.776 -2.837 4.708
303.300 4.600 -3.675 -2.782 -4.288 6.332
303.300 4.700 -4.753 -2.758 -5.748 7.991
303.300 4.800 -5.851 -1.753 -6.634 9.056
303.300 4.900 -5.198 -0.445 -6.445 8.326
303.300 5.000 -4.152 -0.155 -5.506 6.943
303.300 5.100 -2.779 0.07 -3.747 4.739
303.300 5.200 -0.931 -0.893 -1.607 2.222
303.300 5.300 -0.55 -3.388 -0.65 3.706
303.300 5.400 -2.601 -5.232 -1.409 6.209
303.300 5.500 -5.263 -5.167 -2.866 8.124
303.300 5.600 -7.338 -4.346 -4.474 9.874
303.300 5.700 -9.653 -2.53 -5.905 11.853
303.300 5.800 -8.952 1.016 -6.339 11.264
303.300 5.900 -5.414 1.509 -5.851 8.405
303.300 6.000 -3.339 -0.569 -5.362 6.731
303.300 6.100 -3.249 -3.297 -5.116 7.328
303.300 6.200 -4.904 -6.021 -5.378 9.852
303.300 6.300 -8.491 -8.276 -6.852 14.04
303.300 6.400 -14.318 -7.879 -8.518 18.622
303.300 6.500 -17.634 -3.875 -9.856 20.714
303.300 6.600 -18.977 -1.721 -10.68 22.127
303.300 6.700 -20.252 2.145 -10.338 23.262
303.300 6.800 -17.294 4.525 -9.503 20.356
303.300 6.900 -15.693 5.241 -9.025 18.929
303.300 7.000 -13.107 7.315 -9.287 17.927
303.300 7.100 -10.341 9.032 -10.603 17.877
303.300 7.200 -7.133 13.02 -12.767 20.135
303.300 7.300 -1.493 17.184 -14.864 23.127
303.300 7.400 4.366 19.491 -14.436 24.903
303.300 7.500 9.508 21.381 -9.205 25.485
303.300 7.600 15.408 19.729 -0.736 25.593
303.300 7.700 15.37 14.102 11.262 24.076
303.300 7.800 11.458 11.122 24.758 29.557
303.300 7.900 8.142 9.507 33.551 36.181
303.300 8.000 5.196 10.518 36.066 38.853
303.300 8.100 5.318 17.331 35.2 40.501
303.300 8.200 13.582 25.43 30.522 42.731
303.300 8.300 27.578 28.093 24.061 47.775
303.300 8.400 43.221 26.906 18.693 56.065
303.300 8.500 65.872 17.75 14.608 70.673
303.300 8.600 69.585 -13.491 12.02 72.455
303.300 8.700 42.074 -28.578 11.177 53.193
303.300 8.800 20.688 -26.522 10.911 37.237
303.300 8.900 5.723 -21.91 10.232 26.545
303.300 9.000 -5.462 -13.218 8.988 18.754
303.300 9.100 -7.486 -2.935 6.015 11.884
303.300 9.200 -4.619 0.59 2.21 6.212
303.300 9.300 -2.928 0.098 -0.986 3.454
303.300 9.400 -3.092 -2.648 -3.468 5.392
303.300 9.500 -5.729 -4.598 -5.075 8.97
303.300 9.600 -7.717 -5.32 -5.968 11.125
303.300 9.700 -10.746 -3.22 -6.665 13.122
303.300 9.800 -9.322 2.819 -6.734 11.872
303.300 9.900 -3.882 5.156 -6.826 9.41
303.300 10.000 0.207 4.513 -7.372 8.679
303.300 10.100 2.74 2.97 -7.972 8.95
303.300 10.200 3.743 -0.153 -8.836 9.754
303.300 10.300 1.598 -3.336 -9.351 10.303
303.300 10.400 -2.114 -3.62 -9.609 10.883
303.300 10.500 -4.011 -1.652 -8.305 9.899
303.300 10.600 -4.377 0.192 -5.505 7.71
303.300 10.700 -3.19 2.989 -2.353 6.08
303.300 10.800 0.921 3.999 1.399 5.087
303.300 10.900 4.289 0.718 4.703 6.467
303.300 11.000 3.469 -3.759 5.755 7.738
303.300 11.100 0.245 -6.02 5.852 8.444
303.300 11.200 -3.031 -7.089 5.251 9.352
303.300 11.300 -7.416 -7.582 4.336 11.498
303.300 11.400 -10.497 -4.877 3.403 12.157
303.300 11.500 -9.375 -4.165 1.462 10.521
303.300 11.600 -10.037 -5.325 -0.638 11.581
303.300 11.700 -10.696 -6.155 -3.263 12.833
303.300 11.800 -13.566 -6.203 -6.422 16.275
303.300 11.900 -13.78 -2.172 -8.395 16.444
303.300 12.000 -10.852 -0.372 -9.191 14.492
303.300 12.100 -8.525 1.847 -8.669 12.446
303.300 12.200 -3.768 3.023 -5.51 7.365
303.300 12.300 0.041 0.908 -2.229 2.435
303.300 12.400 0.621 -1.889 0.158 2.032
303.300 12.500 -0.483 -2.972 1.748 3.534
303.300 12.600 -1.208 -2.625 2.482 3.867
303.300 12.700 -1.277 -1.989 2.519 3.512
303.300 12.800 -1.057 -1.111 2.094 2.656
303.300 12.900 -0.263 -0.438 1.166 1.332
303.300 13.000 0.577 -0.871 0.109 1.063
303.300 13.100 0.036 -1.845 -0.493 1.911
303.300 13.200 -1.291 -1.833 -0.663 2.348
303.300 13.300 -2.203 -1.09 -0.2 2.491
303.300 13.400 -2.788 -0.234 1.007 3.014
303.300 13.500 -2.847 1.303 2.482 4.049
303.300 13.600 -1.302 2.595 4.016 5.011
303.300 13.700 0.637 2.649 5.217 5.935
303.300 13.800 1.874 2.204 5.144 5.946
303.300 13.900 2.973 1.679 4.28 5.513
303.300 14.000 3.48 0.557 3.123 4.739
303.300 14.100 3.196 0.077 1.643 3.62
303.300 14.200 3.086 -0.027 0.577 3.164
303.300 14.300 2.95 -0.009 0.341 2.993
303.300 14.400 3.075 -0.11 0.34 3.116
303.300 14.500 2.497 -0.383 0.583 2.609
303.300 14.600 1.778 0.554 0.969 2.123
303.300 14.700 2.522 2.236 1.401 3.679
303.300 14.800 5.193 2.786 1.949 6.232
303.300 14.900 7.386 0.09 2.322 7.759
303.300 15.000 5.426 -2.779 2.226 6.498
303.400 0.000 -1.722 -1.855 2.515 3.593
303.400 0.100 -2.468 -1.242 2.893 4.026
303.400 0.200 -1.949 -0.406 1.009 2.254
303.400 0.300 -0.966 -0.761 -1.704 2.105
303.400 0.400 -1.4 -2.018 -2.578 3.564
303.400 0.500 -3.336 -2.366 -1.512 4.369
303.400 0.600 -4.571 -1.282 -0.113 4.763
303.400 0.700 -4.219 -1.044 0.732 4.425
303.400 0.800 -4.45 -2.149 0.578 4.992
303.400 0.900 -5.396 -3.151 -0.839 6.317
303.400 1.000 -7.348 -2.759 -3.143 8.463
303.400 1.100 -7.479 0.322 -4.707 8.85
303.400 1.200 -4.796 2.19 -5.019 7.285
303.400 1.300 -2.385 2.396 -4.758 5.84
303.400 1.400 -0.621 2.097 -3.842 4.424
303.400 1.500 0.799 0.747 -2.899 3.1
303.400 1.600 0.452 -1.267 -2.093 2.49
303.400 1.700 -1.023 -2.082 -1.464 2.748
303.400 1.800 -2.165 -2.019 -1.081 3.161
303.400 1.900 -3.045 -1.813 -0.814 3.648
303.400 2.000 -3.683 -0.979 -0.56 3.867
303.400 2.100 -3.241 -0.173 -0.422 3.289
303.400 2.200 -2.662 0.097 -0.28 2.696
303.400 2.300 -1.983 0.269 -0.185 2.028
303.400 2.400 -1.167 -0.054 -0.201 1.203
303.400 2.500 -0.93 -1.001 -0.383 1.432
303.400 2.600 -1.507 -1.868 -0.832 2.553
303.400 2.700 -2.403 -2.624 -1.551 3.893
303.400 2.800 -3.836 -3.36 -2.408 5.651
303.400 2.900 -5.825 -3.288 -3.274 7.46
303.400 3.000 -6.981 -2.539 -3.891 8.399
303.400 3.100 -8.26 -2.083 -4.159 9.495
303.400 3.200 -8.777 -0.257 -3.971 9.655
303.400 3.300 -7.454 0.613 -3.385 8.229
303.400 3.400 -6.549 1.149 -2.567 7.149
303.400 3.500 -4.944 1.54 -1.289 5.363
303.400 3.600 -3.586 0.92 -0.048 3.739
303.400 3.700 -2.634 0.336 0.763 2.811
303.400 3.800 -1.791 -0.229 1.257 2.263
303.400 3.900 -1.558 -0.837 1.401 2.327
303.400 4.000 -2.055 -0.975 1.277 2.678
303.400 4.100 -2.399 -0.651 1.081 2.778
303.400 4.200 -2.297 -0.491 0.429 2.449
303.400 4.300 -2.298 -0.631 -0.265 2.449
303.400 4.400 -2.066 -0.694 -1.452 2.65
303.400 4.500 -1.793 -1.046 -3.27 3.893
303.400 4.600 -1.731 -1.181 -5.012 5.45
303.400 4.700 -1.562 -1.312 -6.582 6.911
303.400 4.800 -1.626 -1.416 -7.673 7.994
303.400 4.900 -1.416 -1.422 -6.993 7.308
303.400 5.000 -1.1 -1.673 -5.367 5.783
303.400 5.100 -1.219 -2.183 -3.348 4.277
303.400 5.200 -1.618 -2.645 -1.298 3.513
303.400 5.300 -2.265 -3.406 -0.446 4.287
303.400 5.400 -3.702 -3.904 -1.221 5.689
303.400 5.500 -5.266 -3.385 -2.924 7.081
303.400 5.600 -6.15 -2.403 -5.002 8.468
303.400 5.700 -6.811 -1.12 -6.987 10.025
303.400 5.800 -6.084 0.753 -7.697 10.064
303.400 5.900 -4.104 0.857 -7.242 8.642
303.400 6.000 -2.987 -0.787 -6.941 7.929
303.400 6.100 -3.408 -3.007 -7.301 8.927
303.400 6.200 -5.252 -4.82 -8.466 11.359
303.400 6.300 -7.803 -6.089 -10.5 14.665
303.400 6.400 -11.988 -5.773 -13.305 18.909
303.400 6.500 -14.118 -2.474 -15.385 21.095
303.400 6.600 -14.298 -0.905 -16.602 22.206
303.400 6.700 -15.019 1.344 -16.98 23.08
303.400 6.800 -13.921 2.839 -15.138 20.875
303.400 6.900 -13.988 4.245 -13.057 19.698
303.400 7.000 -11.993 7.142 -11.76 18.429
303.400 7.100 -9.481 9.365 -10.771 17.456
303.400 7.200 -5.671 13.729 -9.8 18.141
303.400 7.300 1.865 17.028 -8.307 19.309
303.400 7.400 8.69 16.071 -5.355 19.283
303.400 7.500 11.306 14.633 -0.255 18.79
303.400 7.600 14.14 10.87 7.017 19.598
303.400 7.700 9.594 3.448 14.753 18.255
303.400 7.800 0.184 1.529 22.401 22.526
303.400 7.900 -6.024 4.102 28.824 29.74
303.400 8.000 -9.749 7.9 33.535 35.875
303.400 8.100 -9.692 18.483 36.26 41.943
303.400 8.200 4.01 29.945 35.335 46.78
303.400 8.300 23.882 31.932 33.737 53.313
303.400 8.400 39.454 27.963 33.494 59.778
303.400 8.500 56.109 17.913 34.402 68.316
303.400 8.600 58.489 -8.897 31.859 67.25
303.400 8.700 38.146 -23.676 24.324 51.572
303.400 8.800 19.759 -23.204 17.45 36.061
303.400 8.900 5.26 -19.005 12.141 23.762
303.400 9.000 -5.915 -9.752 6.904 13.951
303.400 9.100 -6.573 1.508 1.829 7.858
303.400 9.200 -1.441 4.946 -3.333 6.338
303.400 9.300 1.969 3.502 -7.945 8.993
303.400 9.400 3.369 0.047 -11.362 12.133
303.400 9.500 2.351 -3.558 -13.58 14.619
303.400 9.600 -0.582 -5.835 -13.088 14.505
303.400 9.700 -4.798 -3.994 -11.471 13.083
303.400 9.800 -4.02 1.95 -9.612 10.643
303.400 9.900 1.01 4.772 -7.871 9.336
303.400 10.000 4.945 4.782 -7.123 9.956
303.400 10.100 7.907 4.135 -7.834 12.016
303.400 10.200 10.018 0.768 -9.345 13.954
303.400 10.300 7.349 -3.112 -9.824 12.938
303.400 10.400 3.557 -3.811 -9.949 11.671
303.400 10.500 0.339 -3.721 -9.195 10.561
303.400 10.600 -2.922 -2.73 -7.101 9.039
303.400 10.700 -4.263 -0.296 -4.249 7.421
303.400 10.800 -2.755 0.48 -0.911 4.871
303.400 10.900 -1.825 -1.251 1.799 3.806
303.400 11.000 -2.828 -3.744 2.388 6.095
303.400 11.100 -5.545 -5.22 1.395 8.346
303.400 11.200 -7.764 -5.349 -0.559 9.806
303.400 11.300 -10.431 -5.718 -3.324 12.57
303.400 11.400 -12.21 -3.267 -5.733 14.037
303.400 11.500 -9.996 -2.422 -7.026 12.68
303.400 11.600 -8.953 -3.29 -8.47 12.99
303.400 11.700 -7.788 -3.547 -10.314 13.478
303.400 11.800 -7.194 -3.745 -12.437 14.886
303.400 11.900 -6.112 -2.104 -12.891 14.503
303.400 12.000 -3.552 -0.869 -11.641 12.31
303.400 12.100 -1.345 -0.632 -9.63 9.797
303.400 12.200 0.041 -0.734 -6.204 6.25
303.400 12.300 1.078 -1.97 -2.874 3.652
303.400 12.400 0.333 -3.844 -0.519 3.924
303.400 12.500 -1.543 -4.207 1.147 4.672
303.400 12.600 -2.587 -3.128 2.117 4.639
303.400 12.700 -2.749 -2.075 2.547 4.351
303.400 12.800 -2.418 -0.596 2.59 3.675
303.400 12.900 -0.705 0.53 1.969 2.259
303.400 13.000 1.047 -0.024 1.183 1.653
303.400 13.100 0.976 -1.277 0.364 1.664
303.400 13.200 -0.034 -1.679 -0.319 1.709
303.400 13.300 -1.158 -1.813 -0.278 2.177
303.400 13.400 -2.693 -1.539 0.685 3.201
303.400 13.500 -3.775 -0.121 1.997 4.313
303.400 13.600 -3.453 1.051 3.346 4.967
303.400 13.700 -3.019 1.823 4.719 5.936
303.400 13.800 -1.335 2.833 4.906 5.867
303.400 13.900 0.996 2.551 4.288 5.131
303.400 14.000 2.403 1.648 3.6 4.667
303.400 14.100 3.33 1.224 2.801 4.552
303.400 14.200 4.151 0.487 2.163 4.731
303.400 14.300 3.862 -0.023 1.965 4.355
303.400 14.400 3.817 -0.215 2.052 4.358
303.400 14.500 3.092 -0.624 2.149 3.832
303.400 14.600 2.205 0.22 2.318 3.225
303.400 14.700 2.651 1.675 2.762 4.203
303.400 14.800 4.582 2.136 3.418 6.124
303.400 14.900 6.042 0.012 3.785 7.145
303.400 15.000 4.542 -2.292 3.46 6.16
303.500 0.000 -3.427 -2.502 1.647 4.569
303.500 0.100 -4.93 -0.585 1.482 5.199
303.500 0.200 -2.97 1.85 0.251 3.524
303.500 0.300 0.256 0.991 -1.395 1.735
303.500 0.400 0.569 -2.012 -2.234 3.062
303.500 0.500 -2.041 -3.301 -2.099 4.418
303.500 0.600 -4.089 -2.109 -1.59 4.876
303.500 0.700 -4.052 -1.208 -1.214 4.408
303.500 0.800 -4.072 -1.336 -1.559 4.569
303.500 0.900 -4.328 -1.452 -2.707 5.313
303.500 1.000 -4.846 -1.011 -4.142 6.46
303.500 1.100 -4.423 0.676 -4.819 6.58
303.500 1.200 -2.502 1.734 -4.362 5.322
303.500 1.300 -0.682 1.586 -3.412 3.826
303.500 1.400 0.51 1.163 -2.472 2.782
303.500 1.500 1.572 0.029 -1.665 2.294
303.500 1.600 0.914 -1.733 -1.32 2.367
303.500 1.700 -0.746 -2.318 -1.356 2.793
303.500 1.800 -1.971 -2.212 -1.367 3.271
303.500 1.900 -2.952 -2.027 -1.211 3.79
303.500 2.000 -3.685 -1.22 -0.997 4.02
303.500 2.100 -3.432 -0.454 -0.648 3.536
303.500 2.200 -3.028 -0.161 -0.254 3.06
303.500 2.300 -2.445 0.102 0.079 2.468
303.500 2.400 -1.717 -0.063 0.306 1.768
303.500 2.500 -1.372 -0.603 0.162 1.529
303.500 2.600 -1.441 -1.079 -0.539 1.892
303.500 2.700 -1.702 -1.612 -1.587 2.839
303.500 2.800 -2.488 -2.15 -2.935 4.414
303.500 2.900 -3.592 -2.21 -4.444 6.132
303.500 3.000 -4.246 -1.922 -5.431 7.162
303.500 3.100 -4.903 -1.722 -6.065 7.993
303.500 3.200 -5.279 -0.893 -6.014 8.06
303.500 3.300 -5.004 -0.446 -4.915 7.038
303.500 3.400 -4.873 -0.035 -3.676 6.116
303.500 3.500 -4.116 0.2 -2.377 4.774
303.500 3.600 -3.602 -0.237 -1.077 3.792
303.500 3.700 -3.481 -0.669 0.146 3.586
303.500 3.800 -3.749 -0.972 1.317 4.142
303.500 3.900 -4.053 -0.688 1.726 4.515
303.500 4.000 -4.157 -0.504 1.057 4.372
303.500 4.100 -4.387 0.005 0.208 4.439
303.500 4.200 -3.605 0.419 -0.732 3.739
303.500 4.300 -3.026 0.235 -1.697 3.502
303.500 4.400 -1.975 0.569 -2.443 3.204
303.500 4.500 -0.202 0.491 -3.278 3.324
303.500 4.600 1.141 0.117 -4.227 4.389
303.500 4.700 2.388 0.102 -5.184 5.724
303.500 4.800 3.766 -1.173 -6.079 7.278
303.500 4.900 2.522 -2.998 -5.352 6.686
303.500 5.000 0.747 -3.498 -3.766 5.274
303.500 5.100 -1.009 -4.165 -2.113 4.897
303.500 5.200 -3.189 -4.168 -0.438 5.4
303.500 5.300 -4.703 -3.221 0.18 5.836
303.500 5.400 -5.428 -2.392 -1.031 6.15
303.500 5.500 -5.982 -1.41 -2.917 6.927
303.500 5.600 -5.468 -0.244 -5.001 7.542
303.500 5.700 -4.689 0.366 -6.809 8.423
303.500 5.800 -3.707 0.939 -7.714 8.783
303.500 5.900 -2.466 0.639 -7.894 8.502
303.500 6.000 -1.805 -0.566 -8.091 8.55
303.500 6.100 -2.005 -1.998 -8.825 9.518
303.500 6.200 -2.93 -3.074 -10.315 11.386
303.500 6.300 -4.328 -3.593 -12.366 13.786
303.500 6.400 -6.093 -2.987 -14.961 16.587
303.500 6.500 -6.913 -1.094 -17.002 18.544
303.500 6.600 -6.663 0.177 -18.198 19.618
303.500 6.700 -6.658 0.759 -18.692 20.124
303.500 6.800 -7.501 1.058 -17.944 19.682
303.500 6.900 -8.997 2.483 -16.755 19.408
303.500 7.000 -8.331 5.069 -14.259 17.534
303.500 7.100 -6.953 7.353 -11.184 15.383
303.500 7.200 -4.311 11.105 -7.876 14.555
303.500 7.300 0.918 13.378 -3.625 14.091
303.500 7.400 5.407 12.054 0.764 13.38
303.500 7.500 6.954 9.31 4.686 12.662
303.500 7.600 6.793 4.575 9.391 12.599
303.500 7.700 1.427 -2.173 13.777 14.139
303.500 7.800 -8.693 -4.369 18.421 20.899
303.500 7.900 -15.9 -0.404 22.874 27.925
303.500 8.000 -19.867 4.092 26.281 33.372
303.500 8.100 -20.778 15.505 30.461 40.194
303.500 8.200 -7.444 27.352 36.673 46.362
303.500 8.300 10.282 29.806 43.105 53.762
303.500 8.400 25.458 27.801 45.763 59.566
303.500 8.500 42.563 19.517 44.743 64.852
303.500 8.600 46.559 -3.388 40.726 62.225
303.500 8.700 30.488 -15.652 33.464 48.374
303.500 8.800 16.637 -15.769 24.542 34.431
303.500 8.900 4.972 -12.214 15.854 20.997
303.500 9.000 -3.026 -3.259 7.908 9.205
303.500 9.100 -1.65 7.336 0.719 7.798
303.500 9.200 6.056 10.81 -6.177 14.075
303.500 9.300 11.964 7.595 -11.794 18.904
303.500 9.400 14.504 3.061 -15.427 22.223
303.500 9.500 15.127 -2.893 -17.373 24.494
303.500 9.600 10.808 -7.48 -16.36 21.641
303.500 9.700 5.487 -6.154 -14.146 16.555
303.500 9.800 3.997 -1.27 -10.509 11.567
303.500 9.900 5.986 2.511 -6.656 9.584
303.500 10.000 8.416 4.112 -4.595 10.687
303.500 10.100 11.24 4.944 -3.912 13.244
303.500 10.200 14.159 2.021 -4.601 15.392
303.500 10.300 10.854 -2.181 -6.637 13.216
303.500 10.400 6.484 -3.244 -8.604 11.766
303.500 10.500 2.675 -4.318 -9.513 11.812
303.500 10.600 -1.666 -4.415 -9.155 11.924
303.500 10.700 -4.662 -3.016 -7.574 11.442
303.500 10.800 -6.045 -2.696 -4.882 10.267
303.500 10.900 -7.668 -2.695 -2.534 10.013
303.500 11.000 -8.277 -2.912 -2.812 10.478
303.500 11.100 -9.694 -3.479 -4.348 12.128
303.500 11.200 -10.042 -2.473 -6.958 13.106
303.500 11.300 -9.782 -2.678 -10.343 14.843
303.500 11.400 -9.459 -1.463 -12.854 16.089
303.500 11.500 -6.914 -1.447 -14.349 16.206
303.500 11.600 -5.57 -2.381 -14.914 16.44
303.500 11.700 -3.065 -2.46 -14.924 15.68
303.500 11.800 -0.567 -3.341 -14.384 14.884
303.500 11.900 0.662 -3.596 -12.757 13.321
303.500 12.000 1.871 -3.047 -10.109 10.765
303.500 12.100 2.898 -3.325 -7.34 8.598
303.500 12.200 2.533 -3.666 -4.892 6.636
303.500 12.300 2.061 -4.304 -2.822 5.568
303.500 12.400 0.373 -5.565 -1.194 5.732
303.500 12.500 -2.424 -5.491 0.069 6.04
303.500 12.600 -3.805 -3.742 0.98 5.479
303.500 12.700 -3.827 -2.48 1.621 4.903
303.500 12.800 -3.547 -0.588 2.096 4.25
303.500 12.900 -1.4 0.96 2.275 2.954
303.500 13.000 0.741 0.608 1.989 2.306
303.500 13.100 1.247 -0.429 1.334 1.928
303.500 13.200 1.038 -1.01 0.428 1.531
303.500 13.300 0.033 -2 -0.205 2.011
303.500 13.400 -2.414 -2.346 -0.264 3.391
303.500 13.500 -4.409 -1.031 0.076 4.561
303.500 13.600 -4.486 -0.043 0.772 4.591
303.500 13.700 -4.866 0.882 1.656 5.257
303.500 13.800 -3.093 2.636 2.686 4.921
303.500 13.900 -0.266 2.589 3.567 4.462
303.500 14.000 1.451 1.929 3.986 4.697
303.500 14.100 2.676 1.586 4.022 5.116
303.500 14.200 3.635 0.791 3.909 5.422
303.500 14.300 3.591 0.114 3.664 5.153
303.500 14.400 3.513 -0.266 3.527 5.004
303.500 14.500 2.867 -0.713 3.615 4.682
303.500 14.600 2.136 -0.059 3.882 4.446
303.500 14.700 2.389 1.103 4.378 5.127
303.500 14.800 3.855 1.695 4.957 6.523
303.500 14.900 5.183 0.087 5.074 7.268
303.500 15.000 3.656 -1.729 4.597 6.131
303.600 0.000 -4.26 -2.674 0.838 5.113
303.600 0.100 -5.727 0.044 0.794 5.796
303.600 0.200 -3.038 3.32 -0.226 4.52
303.600 0.300 1.502 2.274 -1.699 3.219
303.600 0.400 2.371 -1.844 -2.267 3.767
303.600 0.500 -0.383 -3.555 -2.001 4.102
303.600 0.600 -2.565 -2.441 -1.827 3.99
303.600 0.700 -3.147 -1.173 -1.875 3.853
303.600 0.800 -3.309 -0.525 -2.503 4.187
303.600 0.900 -3.033 -0.148 -3.624 4.731
303.600 1.000 -2.824 -0.058 -4.728 5.51
303.600 1.100 -2.329 0.459 -4.912 5.458
303.600 1.200 -1.23 0.647 -3.927 4.167
303.600 1.300 -0.316 0.441 -2.55 2.608
303.600 1.400 0.42 0.194 -1.364 1.441
303.600 1.500 1.021 -0.524 -0.567 1.287
303.600 1.600 0.596 -1.574 -0.478 1.758
303.600 1.700 -0.414 -1.963 -0.955 2.228
303.600 1.800 -1.419 -2.147 -1.406 2.94
303.600 1.900 -2.703 -2.18 -1.52 3.799
303.600 2.000 -3.737 -1.466 -1.403 4.264
303.600 2.100 -3.702 -0.875 -1.123 3.978
303.600 2.200 -3.679 -0.654 -0.547 3.791
303.600 2.300 -3.307 -0.252 -0.039 3.335
303.600 2.400 -2.81 -0.266 0.338 2.863
303.600 2.500 -2.463 -0.232 0.389 2.527
303.600 2.600 -1.994 -0.247 -0.098 2.031
303.600 2.700 -1.629 -0.384 -1.02 1.97
303.600 2.800 -1.37 -0.504 -2.493 2.892
303.600 2.900 -1.035 -0.791 -4.11 4.313
303.600 3.000 -1.136 -1.235 -5.102 5.371
303.600 3.100 -1.337 -1.298 -5.578 5.882
303.600 3.200 -1.591 -1.469 -5.566 5.974
303.600 3.300 -2.284 -1.447 -5 5.687
303.600 3.400 -2.79 -1.174 -4.239 5.215
303.600 3.500 -2.942 -1.15 -3.066 4.412
303.600 3.600 -3.374 -1.451 -1.86 4.136
303.600 3.700 -4.095 -1.762 -0.906 4.578
303.600 3.800 -5.571 -1.819 -0.201 5.9
303.600 3.900 -6.413 -0.375 -0.06 6.462
303.600 4.000 -5.505 0.391 -0.595 5.586
303.600 4.100 -4.854 0.908 -1.356 5.15
303.600 4.200 -3.354 1.363 -2.228 4.269
303.600 4.300 -1.79 0.844 -2.86 3.485
303.600 4.400 -0.567 0.487 -2.498 2.61
303.600 4.500 1.053 0.556 -1.484 1.912
303.600 4.600 2.573 0.392 -0.86 2.776
303.600 4.700 3.932 0.695 -0.829 4.119
303.600 4.800 5.741 -0.861 -1.073 5.96
303.600 4.900 3.928 -3.466 -1.738 5.599
303.600 5.000 1.112 -4.358 -2.14 5.077
303.600 5.100 -1.799 -5.424 -1.842 6.118
303.600 5.200 -5.907 -5.44 -0.953 8.202
303.600 5.300 -8.508 -2.62 -0.722 9.031
303.600 5.400 -7.565 -0.535 -2.113 7.96
303.600 5.500 -6.605 0.481 -3.829 7.734
303.600 5.600 -4.96 1.576 -5.449 7.62
303.600 5.700 -3.139 1.67 -6.88 7.847
303.600 5.800 -1.769 1.416 -7.673 8.13
303.600 5.900 -0.593 0.882 -8.022 8.244
303.600 6.000 0.082 -0.15 -8.384 8.564
303.600 6.100 0.026 -1.016 -8.926 9.175
303.600 6.200 -0.229 -1.459 -10.055 10.351
303.600 6.300 -0.781 -1.487 -11.725 12.023
303.600 6.400 -1.219 -0.75 -13.73 13.97
303.600 6.500 -1.1 0.37 -15.466 15.676
303.600 6.600 -0.361 1.145 -16.681 16.911
303.600 6.700 0.131 0.817 -17.303 17.553
303.600 6.800 -0.504 0.557 -17.197 17.483
303.600 6.900 -1.247 0.892 -16.406 16.785
303.600 7.000 -2.593 1.573 -13.695 14.367
303.600 7.100 -4.002 3.76 -9.861 11.622
303.600 7.200 -3.466 7.158 -5.996 10.23
303.600 7.300 -0.918 9.054 -2.04 9.507
303.600 7.400 1.446 8.559 1.451 8.91
303.600 7.500 2.692 6.167 3.905 7.843
303.600 7.600 2.05 1.384 5.86 6.395
303.600 7.700 -3.015 -5.008 7.392 9.645
303.600 7.800 -13.23 -8.016 8.908 18.203
303.600 7.900 -20.738 -4.349 12.271 24.872
303.600 8.000 -24.089 -0.743 18.345 30.713
303.600 8.100 -26.076 8.664 26.116 38.334
303.600 8.200 -18.327 18.622 35.141 43.971
303.600 8.300 -7.907 22.81 44.7 50.867
303.600 8.400 5.038 25.169 51.413 57.5
303.600 8.500 21.21 19.765 55.398 62.533
303.600 8.600 26.62 3.466 52.804 59.295
303.600 8.700 17.391 -5.432 41.977 46.006
303.600 8.800 9.066 -5.683 30.327 32.57
303.600 8.900 2.232 -2.847 19.409 19.91
303.600 9.000 -2.247 4.811 9.712 11.107
303.600 9.100 2.466 14.669 1.702 14.989
303.600 9.200 14.142 17.305 -4.989 23.285
303.600 9.300 23.181 12.3 -10.507 29.14
303.600 9.400 27.896 6.434 -15.182 33.408
303.600 9.500 30.232 -2.903 -17.33 36.194
303.600 9.600 24.378 -10.475 -14.161 31.015
303.600 9.700 17.641 -9.635 -9.383 23.323
303.600 9.800 12.633 -5.886 -4.769 15.916
303.600 9.900 10.201 -0.486 -0.93 10.982
303.600 10.000 10.255 2.85 0.751 11.163
303.600 10.100 10.498 4.81 0.786 12.16
303.600 10.200 11.463 4.033 -0.764 12.799
303.600 10.300 10.068 1.431 -4.808 11.923
303.600 10.400 7.65 -0.682 -9.135 13.356
303.600 10.500 4.209 -3.359 -11.763 16.006
303.600 10.600 -0.85 -4.829 -12.619 18.366
303.600 10.700 -5.095 -4.219 -12.604 19.73
303.600 10.800 -8.44 -4.629 -12.343 19.749
303.600 10.900 -12.688 -3.322 -11.922 20.003
303.600 11.000 -11.874 -1.496 -12.641 18.97
303.600 11.100 -11.875 -1.737 -14.105 19.767
303.600 11.200 -10.049 0.664 -16.249 19.999
303.600 11.300 -6.362 0.24 -19.122 20.672
303.600 11.400 -3.931 0.208 -21.194 21.611
303.600 11.500 0.238 -0.684 -21.706 21.855
303.600 11.600 2.757 -2.899 -21.397 22.122
303.600 11.700 4.498 -4.383 -18.702 20.093
303.600 11.800 5.802 -5.624 -15.098 17.31
303.600 11.900 5.726 -6.546 -11.531 14.506
303.600 12.000 5.052 -6.126 -7.923 11.268
303.600 12.100 4.613 -5.77 -5.065 9.018
303.600 12.200 3.694 -5.487 -3.101 7.362
303.600 12.300 2.956 -5.592 -1.887 6.651
303.600 12.400 1.168 -6.351 -1.399 6.637
303.600 12.500 -1.384 -6.106 -1.331 6.418
303.600 12.600 -2.912 -4.736 -0.602 5.618
303.600 12.700 -3.497 -3.432 0.873 5.027
303.600 12.800 -3.57 -1.338 2.169 4.469
303.600 12.900 -1.951 0.613 3.141 3.86
303.600 13.000 0.145 0.901 3.501 3.72
303.600 13.100 0.818 0.355 2.951 3.161
303.600 13.200 1.041 0.022 1.826 2.164
303.600 13.300 0.641 -1.042 0.383 1.292
303.600 13.400 -0.992 -1.642 -1.228 2.292
303.600 13.500 -2.341 -1.184 -2.116 3.4
303.600 13.600 -2.7 -0.774 -1.702 3.316
303.600 13.700 -2.999 -0.178 -0.721 3.126
303.600 13.800 -2.189 0.991 1.07 2.676
303.600 13.900 -0.644 1.348 3.101 3.482
303.600 14.000 0.559 1.355 4.466 4.733
303.600 14.100 1.744 1.459 5.097 5.611
303.600 14.200 2.808 0.885 5.22 6.018
303.600 14.300 2.886 0.279 5.16 5.939
303.600 14.400 3.027 -0.228 5.08 5.935
303.600 14.500 2.287 -0.981 5.213 5.789
303.600 14.600 1.285 -0.525 5.673 5.852
303.600 14.700 1.142 0.448 6.332 6.465
303.600 14.800 1.872 1.136 7.061 7.409
303.600 14.900 2.696 0.406 7.294 7.799
303.600 15.000 1.832 -0.565 6.12 6.422
303.700 0.000 -4.833 -2.794 -0.412 5.608
303.700 0.100 -6.979 0.35 -0.635 7.029
303.700 0.200 -3.377 4.34 -0.863 5.579
303.700 0.300 2.64 2.975 -0.861 4.081
303.700 0.400 3.733 -2.043 -0.667 4.317
303.700 0.500 0.329 -3.799 -0.461 3.851
303.700 0.600 -2.063 -2.298 -0.538 3.144
303.700 0.700 -2.57 -0.476 -1.282 2.919
303.700 0.800 -2.245 0.65 -2.576 3.483
303.700 0.900 -1.353 1.142 -4.017 4.392
303.700 1.000 -0.326 0.728 -5.219 5.28
303.700 1.100 0.139 -0.218 -5.241 5.247
303.700 1.200 0.05 -0.882 -3.884 3.983
303.700 1.300 -0.091 -1.089 -2.118 2.384
303.700 1.400 -0.017 -0.989 -0.505 1.117
303.700 1.500 0.261 -1.023 0.537 1.203
303.700 1.600 -0.031 -1.245 0.585 1.394
303.700 1.700 -0.485 -1.218 -0.164 1.332
303.700 1.800 -1.033 -1.517 -1.167 2.18
303.700 1.900 -2.157 -1.802 -2.137 3.537
303.700 2.000 -3.2 -1.488 -2.701 4.449
303.700 2.100 -3.436 -1.36 -2.476 4.455
303.700 2.200 -3.991 -1.342 -1.857 4.611
303.700 2.300 -3.967 -0.865 -1.031 4.202
303.700 2.400 -3.773 -0.723 -0.209 3.864
303.700 2.500 -3.6 -0.174 0.189 3.629
303.700 2.600 -3.039 0.258 0.054 3.071
303.700 2.700 -2.413 0.682 -0.561 2.586
303.700 2.800 -1.195 0.985 -1.711 2.314
303.700 2.900 0.187 0.413 -2.858 2.894
303.700 3.000 0.552 -0.629 -3.647 3.742
303.700 3.100 0.482 -1.107 -3.976 4.156
303.700 3.200 0.27 -1.666 -3.945 4.293
303.700 3.300 -0.331 -1.811 -3.787 4.214
303.700 3.400 -0.741 -1.886 -3.466 4.02
303.700 3.500 -1.592 -2.131 -2.878 3.928
303.700 3.600 -2.664 -2.214 -2.388 4.223
303.700 3.700 -3.793 -2.291 -2.038 4.899
303.700 3.800 -5.395 -1.898 -1.996 6.082
303.700 3.900 -6.171 -0.125 -2.337 6.623
303.700 4.000 -5.475 0.859 -2.804 6.229
303.700 4.100 -4.81 1.562 -3.341 6.076
303.700 4.200 -2.451 1.955 -3.73 4.878
303.700 4.300 -0.118 0.521 -3.385 3.429
303.700 4.400 0.456 -1.145 -1.716 2.138
303.700 4.500 0.239 -1.257 0.873 1.637
303.700 4.600 0.551 -0.284 2.746 2.903
303.700 4.700 1.778 0.767 3.085 3.719
303.700 4.800 3.244 -0.052 2.415 4.121
303.700 4.900 2.53 -1.997 0.719 3.394
303.700 5.000 0.77 -3.397 -1.251 3.797
303.700 5.100 -2.08 -5.185 -2.697 6.301
303.700 5.200 -6.794 -5.429 -3.733 9.558
303.700 5.300 -9.746 -2.027 -4.509 11.005
303.700 5.400 -8.414 0.462 -4.839 9.784
303.700 5.500 -7.07 1.645 -5.261 9.03
303.700 5.600 -4.534 2.902 -6.141 8.229
303.700 5.700 -1.657 2.579 -6.937 7.661
303.700 5.800 0.053 1.668 -7.16 7.454
303.700 5.900 1.277 1.114 -7.099 7.418
303.700 6.000 2.143 0.14 -7.201 7.657
303.700 6.100 1.936 -0.337 -7.608 8.012
303.700 6.200 1.996 -0.221 -8.518 8.906
303.700 6.300 2.121 0.182 -9.744 10.125
303.700 6.400 2.775 1.057 -11.342 11.869
303.700 6.500 3.679 1.677 -12.73 13.502
303.700 6.600 5.061 2.216 -13.854 15.067
303.700 6.700 6.184 0.939 -14.602 16.073
303.700 6.800 5.202 -0.146 -13.964 15.143
303.700 6.900 4.307 -0.729 -12.641 13.667
303.700 7.000 1.505 -1.497 -10.624 11.183
303.700 7.100 -1.963 0.29 -7.887 8.496
303.700 7.200 -3.128 3.561 -4.736 6.993
303.700 7.300 -2.245 5.651 -1.499 6.447
303.700 7.400 -0.867 6.308 0.9 6.547
303.700 7.500 0.864 5.065 1.721 5.525
303.700 7.600 1.433 0.757 1.561 2.342
303.700 7.700 -1.768 -5.162 1.163 6.037
303.700 7.800 -8.515 -8.852 0.706 12.867
303.700 7.900 -15.719 -9.478 3.021 19.187
303.700 8.000 -24.418 -8.748 9.453 28.218
303.700 8.100 -32.038 -0.504 18.137 37.569
303.700 8.200 -28.625 8.159 29.321 42.345
303.700 8.300 -24.204 13.343 41.066 49.752
303.700 8.400 -16.119 18.814 49.725 55.652
303.700 8.500 -6.063 17.008 54.764 57.774
303.700 8.600 -0.677 10.743 53.213 54.46
303.700 8.700 0.39 6.356 44.071 44.662
303.700 8.800 -0.153 5.681 32.977 33.552
303.700 8.900 -0.92 8.019 21.722 23.212
303.700 9.000 0.355 13.903 11.313 17.977
303.700 9.100 8.309 21.283 3.778 23.277
303.700 9.200 22.546 22.739 -1.836 32.645
303.700 9.300 34.537 16.388 -5.491 39.793
303.700 9.400 44.237 10.454 -7.739 47.05
303.700 9.500 51.726 -4.23 -8.995 53.259
303.700 9.600 38.691 -17.297 -3.119 43.298
303.700 9.700 24.326 -14.72 3.466 30.295
303.700 9.800 15.343 -9.262 6.658 20.735
303.700 9.900 9.739 -2.22 7.766 13.641
303.700 10.000 8.07 3.528 6.915 11.953
303.700 10.100 8.147 7.018 3.691 12.277
303.700 10.200 9.128 7.925 -0.821 13.343
303.700 10.300 9.788 6.649 -6.416 15.459
303.700 10.400 9.638 3.605 -12.049 19.899
303.700 10.500 6.848 -0.974 -16.24 25.34
303.700 10.600 1.252 -3.759 -18.697 30.828
303.700 10.700 -3.245 -3.299 -20.445 34.088
303.700 10.800 -5.492 -3.462 -22.579 32.943
303.700 10.900 -8.096 -2.739 -24.573 31.152
303.700 11.000 -7.35 -1.235 -24.352 28.716
303.700 11.100 -6.379 -0.563 -24.17 27.38
303.700 11.200 -3.042 2.246 -24.662 26.358
303.700 11.300 3.46 2.468 -25.827 26.856
303.700 11.400 8.615 0.225 -26.201 27.865
303.700 11.500 12.531 -1.54 -24.172 27.506
303.700 11.600 16.212 -5.063 -21.993 28.244
303.700 11.700 14.908 -8.974 -17.545 25.173
303.700 11.800 12.972 -9.627 -12.584 20.748
303.700 11.900 10.558 -10.581 -8.299 17.25
303.700 12.000 7.297 -9.4 -4.483 12.859
303.700 12.100 5.566 -7.851 -1.994 9.98
303.700 12.200 4.049 -6.627 -0.881 7.94
303.700 12.300 3.222 -6.02 -0.589 6.943
303.700 12.400 2.119 -6.172 -0.763 6.622
303.700 12.500 0.844 -6.121 -1.049 6.291
303.700 12.600 -0.78 -6.072 -0.409 6.153
303.700 12.700 -2.995 -5.119 1.258 6.103
303.700 12.800 -4.327 -2.683 2.925 5.947
303.700 12.900 -3.706 -0.416 4.329 5.812
303.700 13.000 -2.603 0.846 5.193 5.968
303.700 13.100 -1.443 1.592 4.363 4.958
303.700 13.200 -0.244 1.579 2.543 3.095
303.700 13.300 0.521 0.863 0.523 1.228
303.700 13.400 0.788 0.041 -1.556 1.793
303.700 13.500 0.729 -0.855 -2.756 3.007
303.700 13.600 0.124 -1.578 -2.478 2.96
303.700 13.700 -0.603 -1.694 -1.173 2.157
303.700 13.800 -0.966 -1.303 1.058 1.945
303.700 13.900 -0.969 -0.683 3.666 3.874
303.700 14.000 -0.698 0.14 5.618 5.686
303.700 14.100 0.066 0.912 6.706 6.793
303.700 14.200 1.013 0.887 7.1 7.249
303.700 14.300 1.262 0.509 6.749 6.904
303.700 14.400 1.413 -0.177 6.408 6.58
303.700 14.500 0.646 -1.224 6.419 6.578
303.700 14.600 -0.761 -1.164 6.929 7.078
303.700 14.700 -1.473 -0.152 7.574 7.73
303.700 14.800 -1.398 0.608 8.001 8.159
303.700 14.900 -1.207 0.982 7.941 8.105
303.700 15.000 -0.817 1.132 6.617 6.776
303.800 0.000 -3.846 -2.058 -1.691 4.686
303.800 0.100 -5.036 0.619 -2.501 5.665
303.800 0.200 -2.232 3.6 -1.942 4.668
303.800 0.300 2.117 2.098 -0.652 3.062
303.800 0.400 2.513 -2.458 0.34 3.543
303.800 0.500 -0.936 -4.063 1.064 4.316
303.800 0.600 -3.405 -1.758 1.131 4.01
303.800 0.700 -3.115 0.936 -0.153 3.269
303.800 0.800 -1.7 2.314 -1.987 3.499
303.800 0.900 0.216 2.724 -3.821 4.701
303.800 1.000 2.311 1.57 -5.226 5.928
303.800 1.100 2.801 -1.048 -5.275 6.066
303.800 1.200 1.473 -2.69 -3.833 4.911
303.800 1.300 0.084 -3.055 -1.77 3.536
303.800 1.400 -1.053 -2.738 0.381 2.971
303.800 1.500 -1.809 -1.763 1.993 3.237
303.800 1.600 -1.835 -0.575 1.929 2.747
303.800 1.700 -1.342 -0.016 0.679 1.524
303.800 1.800 -1.013 -0.178 -0.833 1.329
303.800 1.900 -1.046 -0.57 -2.401 2.681
303.800 2.000 -1.295 -1.129 -3.485 3.886
303.800 2.100 -1.963 -1.779 -3.536 4.421
303.800 2.200 -2.941 -2.059 -3.051 4.717
303.800 2.300 -3.726 -1.986 -2.081 4.716
303.800 2.400 -4.646 -1.648 -0.828 5.014
303.800 2.500 -4.959 -0.343 -0.137 4.99
303.800 2.600 -4.249 0.597 -0.263 4.317
303.800 2.700 -3.385 1.46 -0.744 3.777
303.800 2.800 -1.546 2.027 -1.52 2.979
303.800 2.900 0.355 1.222 -2.325 2.653
303.800 3.000 1.074 -0.188 -2.78 2.988
303.800 3.100 1.164 -1.07 -2.868 3.278
303.800 3.200 0.919 -1.894 -2.649 3.39
303.800 3.300 0.25 -2.158 -2.161 3.073
303.800 3.400 -0.212 -2.213 -1.74 2.835
303.800 3.500 -1.029 -2.296 -1.767 3.089
303.800 3.600 -1.869 -2.26 -2.031 3.584
303.800 3.700 -3.036 -2.336 -2.25 4.461
303.800 3.800 -4.771 -1.596 -2.556 5.662
303.800 3.900 -5.255 0.665 -3.324 6.269
303.800 4.000 -3.683 1.919 -4.72 6.293
303.800 4.100 -2.086 2.039 -5.853 6.542
303.800 4.200 0.23 1.474 -5.467 5.668
303.800 4.300 2.121 -1.003 -4.058 4.702
303.800 4.400 1.17 -4.124 -1.212 4.507
303.800 4.500 -1.754 -4.341 2.641 5.455
303.800 4.600 -3.264 -1.634 5.352 6.559
303.800 4.700 -2.091 1.006 6.056 6.559
303.800 4.800 -0.07 1.509 5.095 5.384
303.800 4.900 0.464 0.627 2.346 2.544
303.800 5.000 0.297 -0.887 -1.166 1.557
303.800 5.100 -1.507 -3.402 -3.967 5.512
303.800 5.200 -5.432 -4.096 -5.801 9.015
303.800 5.300 -7.898 -1.323 -7.025 10.715
303.800 5.400 -7.08 0.798 -7.891 10.687
303.800 5.500 -6.122 1.926 -8.289 10.54
303.800 5.600 -3.404 3.087 -7.866 9.166
303.800 5.700 -0.374 2.452 -7.051 7.541
303.800 5.800 1.15 1.255 -6.233 6.55
303.800 5.900 1.961 0.72 -5.422 5.914
303.800 6.000 2.62 0.199 -4.906 5.684
303.800 6.100 2.895 0.302 -5.068 5.968
303.800 6.200 3.778 0.628 -5.589 6.9
303.800 6.300 4.209 1.154 -6.058 7.589
303.800 6.400 5.714 2.362 -6.745 9.264
303.800 6.500 7.133 2.53 -7.52 10.79
303.800 6.600 8.81 3.193 -8.189 12.568
303.800 6.700 10.654 1.13 -8.81 14.025
303.800 6.800 8.71 -0.822 -9.196 12.898
303.800 6.900 6.922 -1.943 -9.035 11.802
303.800 7.000 3.51 -3.472 -7.844 9.589
303.800 7.100 -0.821 -2.252 -5.828 6.666
303.800 7.200 -3.081 0.777 -3.58 5.103
303.800 7.300 -3.567 3.069 -1.347 5.108
303.800 7.400 -2.876 5.177 0.248 6.078
303.800 7.500 0.458 5.515 0.21 5.72
303.800 7.600 3.58 1.529 -0.718 4.313
303.800 7.700 2.12 -4.58 -1.454 5.753
303.800 7.800 -2.232 -8.967 -1.851 9.921
303.800 7.900 -8.786 -12.988 -0.687 16.154
303.800 8.000 -19.291 -14.546 2.714 24.819
303.800 8.100 -29.397 -10.112 9.001 33.105
303.800 8.200 -35.264 -5.346 20.699 41.824
303.800 8.300 -41.821 1.964 34.439 54.392
303.800 8.400 -37.723 13.025 42.667 58.445
303.800 8.500 -28.915 14.786 46.425 56.796
303.800 8.600 -22.781 15.215 46.367 54.098
303.800 8.700 -16.422 14.933 41.393 47.079
303.800 8.800 -11.695 15.709 33.795 39.137
303.800 8.900 -6.015 18.574 24.089 31.057
303.800 9.000 1.592 22.137 15.336 27.016
303.800 9.100 12.948 26.355 10.141 31.283
303.800 9.200 30.766 26.13 8.011 42.172
303.800 9.300 44.329 15.646 9.255 49.84
303.800 9.400 51.477 8.78 14.472 55.382
303.800 9.500 58.875 -6.905 19.788 62.763
303.800 9.600 41.163 -21.308 20.364 51.015
303.800 9.700 22.361 -16.916 19.4 35.211
303.800 9.800 11.987 -9.271 18.016 24.654
303.800 9.900 5.84 -0.884 15.55 17.34
303.800 10.000 4.344 7.173 11.498 15.029
303.800 10.100 6.597 12.359 5.504 16.216
303.800 10.200 9.726 14.029 -1.542 19.077
303.800 10.300 12.389 13.259 -8.968 23.964
303.800 10.400 14.266 9.638 -16.683 31.078
303.800 10.500 12.177 3.023 -23.07 38.797
303.800 10.600 5.627 -1.519 -26.958 47.521
303.800 10.700 0.886 -1.24 -29.232 52.423
303.800 10.800 1.243 -1.221 -30.967 49.421
303.800 10.900 1.792 -2.17 -31.591 45.582
303.800 11.000 1.482 -2.286 -30.936 41.396
303.800 11.100 1.516 -1.165 -29.898 36.18
303.800 11.200 5.503 1.669 -28.125 31.318
303.800 11.300 14.41 2.109 -25.477 30.262
303.800 11.400 21.33 -2.321 -22.118 31.49
303.800 11.500 22.989 -4.804 -17.981 30.174
303.800 11.600 25.77 -8.576 -13.948 31.252
303.800 11.700 21.774 -13.775 -9.993 28.299
303.800 11.800 16.67 -13.918 -5.793 22.97
303.800 11.900 12.157 -14.082 -2.363 19.173
303.800 12.000 7.102 -12.105 0.129 14.397
303.800 12.100 4.342 -9.017 1.635 10.449
303.800 12.200 3.405 -6.624 1.603 7.855
303.800 12.300 3.41 -5.725 1.026 6.916
303.800 12.400 2.856 -5.871 0.58 6.669
303.800 12.500 2.12 -6.206 0.488 6.648
303.800 12.600 0.27 -7.158 1.013 7.28
303.800 12.700 -3.064 -6.633 2.164 7.67
303.800 12.800 -5.463 -4.028 3.416 7.672
303.800 12.900 -6.115 -1.572 4.366 7.763
303.800 13.000 -6.423 0.792 4.823 8.167
303.800 13.100 -4.321 3.255 3.89 6.769
303.800 13.200 -1.329 3.526 2.067 4.406
303.800 13.300 0.884 2.911 0.12 3.14
303.800 13.400 2.813 1.766 -1.804 3.837
303.800 13.500 3.847 -0.463 -2.899 4.869
303.800 13.600 3.161 -2.447 -2.489 4.725
303.800 13.700 1.889 -3.525 -1.07 4.146
303.800 13.800 0.027 -4.108 1.54 4.388
303.800 13.900 -2.13 -3.296 4.723 6.15
303.800 14.000 -3.152 -1.304 6.9 7.714
303.800 14.100 -2.906 0.184 7.853 8.396
303.800 14.200 -2.307 1.038 8.093 8.501
303.800 14.300 -1.225 1.22 7.408 7.627
303.800 14.400 -0.404 0.178 6.653 6.683
303.800 14.500 -1.142 -1.415 6.437 6.699
303.800 14.600 -3.17 -1.788 6.753 7.681
303.800 14.700 -4.43 -0.562 7.239 8.518
303.800 14.800 -4.477 0.426 7.557 8.807
303.800 14.900 -4.404 1.649 7.359 8.747
303.800 15.000 -3.14 2.692 6.245 7.505
303.900 0.000 -2.549 -1.185 -1.515 3.199
303.900 0.100 -2.84 0.796 -1.945 3.539
303.900 0.200 -0.739 2.653 -1.628 3.206
303.900 0.300 2.422 1.06 -0.824 2.778
303.900 0.400 1.766 -3.516 0.088 3.945
303.900 0.500 -3.301 -4.952 1.067 6.058
303.900 0.600 -6.657 -1.126 1.336 6.896
303.900 0.700 -4.764 2.734 0.122 5.507
303.900 0.800 -1.751 4.224 -1.569 4.843
303.900 0.900 1.601 4.645 -3.535 6.058
303.900 1.000 5.144 2.613 -5.401 7.908
303.900 1.100 5.793 -1.918 -5.565 8.263
303.900 1.200 3.182 -4.694 -3.83 6.847
303.900 1.300 0.303 -5.291 -1.634 5.554
303.900 1.400 -2.535 -4.92 0.578 5.578
303.900 1.500 -5.087 -2.748 2.282 6.233
303.900 1.600 -4.688 0.361 2.304 5.255
303.900 1.700 -2.743 1.486 1.123 3.335
303.900 1.800 -1.334 1.462 -0.427 2.036
303.900 1.900 -0.252 0.964 -2.084 2.312
303.900 2.000 0.338 -0.413 -3.333 3.375
303.900 2.100 -0.465 -1.879 -3.826 4.289
303.900 2.200 -1.794 -2.626 -3.699 4.881
303.900 2.300 -3.259 -3.029 -3.083 5.419
303.900 2.400 -5.325 -2.69 -2.25 6.386
303.900 2.500 -6.242 -0.665 -1.588 6.489
303.900 2.600 -5.317 0.682 -1.174 5.502
303.900 2.700 -4.274 1.925 -1.125 4.836
303.900 2.800 -1.936 2.782 -1.659 3.785
303.900 2.900 0.557 1.739 -2.181 2.849
303.900 3.000 1.387 -0.157 -2.266 2.664
303.900 3.100 1.31 -1.317 -1.937 2.691
303.900 3.200 0.819 -2.346 -1.474 2.903
303.900 3.300 -0.388 -2.727 -1.002 2.95
303.900 3.400 -1.322 -2.377 -0.625 2.814
303.900 3.500 -1.653 -1.952 -0.781 2.697
303.900 3.600 -1.859 -1.846 -1.183 2.895
303.900 3.700 -2.639 -1.807 -1.81 3.693
303.900 3.800 -3.904 -0.787 -2.8 4.883
303.900 3.900 -3.64 1.784 -3.854 5.601
303.900 4.000 -0.587 3.355 -4.875 5.948
303.900 4.100 2.691 2.317 -5.632 6.661
303.900 4.200 4.275 0.25 -4.845 6.478
303.900 4.300 5.472 -3.114 -3.135 7.064
303.900 4.400 2.103 -8.234 0.092 8.558
303.900 4.500 -5.051 -8.328 4.578 10.835
303.900 4.600 -9.067 -3.358 7.576 12.352
303.900 4.700 -8.546 1.03 8.133 11.904
303.900 4.800 -6.616 3.595 7.183 10.459
303.900 4.900 -3.358 4.856 3.411 6.851
303.900 5.000 0.003 3.103 -1.408 3.407
303.900 5.100 0.067 -0.666 -5.27 5.351
303.900 5.200 -3.249 -2.272 -8.188 9.15
303.900 5.300 -5.315 -0.175 -9.984 11.358
303.900 5.400 -3.569 1.448 -10.513 11.241
303.900 5.500 -1.843 1.595 -10.321 10.657
303.900 5.600 -0.317 1.671 -8.894 9.115
303.900 5.700 1.246 1.124 -7.076 7.344
303.900 5.800 1.889 0.07 -5.497 5.904
303.900 5.900 1.9 -0.29 -4.109 4.642
303.900 6.000 2.019 -0.341 -3.064 3.8
303.900 6.100 2.211 0.111 -2.232 3.251
303.900 6.200 2.997 0.646 -1.543 3.524
303.900 6.300 3.357 1.323 -1.36 3.935
303.900 6.400 4.507 2.641 -1.214 5.429
303.900 6.500 6.007 3.274 -1.565 7.091
303.900 6.600 7.92 3.777 -2.428 9.19
303.900 6.700 9.763 2.017 -3.262 10.608
303.900 6.800 9.407 0.131 -4.521 10.598
303.900 6.900 8.983 -1.961 -5.389 10.865
303.900 7.000 5.155 -4.72 -5.281 9.036
303.900 7.100 -0.247 -3.926 -4.496 6.304
303.900 7.200 -3.152 -0.921 -3.35 5
303.900 7.300 -4.046 1.506 -2.146 5.069
303.900 7.400 -3.548 4.429 -1.232 6.007
303.900 7.500 0.626 5.721 -0.63 5.995
303.900 7.600 4.959 2.17 -0.594 5.729
303.900 7.700 4.856 -3.784 -1.301 6.649
303.900 7.800 1.998 -8.771 -2.207 9.617
303.900 7.900 -3.819 -14.544 -2.107 15.493
303.900 8.000 -14.463 -18 -0.426 23.519
303.900 8.100 -26.237 -16.863 2.965 32.021
303.900 8.200 -38.275 -15.784 8.239 42.71
303.900 8.300 -54.489 -8.164 14.902 57.295
303.900 8.400 -54.219 6.31 23.419 59.466
303.900 8.500 -48.426 9.988 32.786 59.335
303.900 8.600 -43.552 16.954 36.506 59.345
303.900 8.700 -33.857 19.945 33.25 51.795
303.900 8.800 -26.572 22.848 28.857 45.939
303.900 8.900 -14.045 26.901 22.595 38.09
303.900 9.000 -0.803 27.31 17.75 32.63
303.900 9.100 12.216 27.489 16.661 34.517
303.900 9.200 28.191 23.68 19.628 42.417
303.900 9.300 38.221 10.712 25.252 48.402
303.900 9.400 38.961 0.977 32.551 51.741
303.900 9.500 37.696 -9.974 39.04 55.394
303.900 9.600 25.393 -18.14 38.402 49.546
303.900 9.700 12.534 -13.757 34.556 39.849
303.900 9.800 4.646 -5.412 29.515 31.004
303.900 9.900 0.548 4.045 23.048 23.684
303.900 10.000 1.289 13.303 16.088 21.515
303.900 10.100 6.496 19.853 8.378 23.606
303.900 10.200 12.901 22.049 -0.346 27.816
303.900 10.300 17.769 21.767 -9.542 34.61
303.900 10.400 22.67 18.58 -19.869 44.301
303.900 10.500 22.632 10.338 -30.672 53.634
303.900 10.600 16.227 3.156 -40.225 65.589
303.900 10.700 10.685 -0.145 -44.383 72.6
303.900 10.800 9.653 -2.975 -40.908 71.669
303.900 10.900 8.531 -3.614 -35.948 72.661
303.900 11.000 8.761 -2.308 -35.331 65.131
303.900 11.100 10.844 -2.436 -35.88 51.916
303.900 11.200 14.618 -3.054 -31.505 39.47
303.900 11.300 20.658 -4.107 -22.585 32.195
303.900 11.400 25.245 -7.412 -14.203 30.995
303.900 11.500 26.761 -8.675 -9.111 30.698
303.900 11.600 28.904 -12.163 -5.827 32.853
303.900 11.700 23.893 -17.376 -2.324 30.516
303.900 11.800 16.992 -17.076 0.573 25.182
303.900 11.900 11.229 -16.242 2.436 21.113
303.900 12.000 5.326 -13.661 3.735 15.946
303.900 12.100 2.045 -9.242 4.178 10.853
303.900 12.200 2.102 -5.905 3.549 7.575
303.900 12.300 2.995 -5.037 2.646 6.714
303.900 12.400 2.966 -5.449 1.95 6.688
303.900 12.500 2.365 -6.281 1.597 7.003
303.900 12.600 0.204 -7.858 1.8 8.124
303.900 12.700 -4.067 -7.792 2.619 9.234
303.900 12.800 -7.423 -4.705 3.369 9.492
303.900 12.900 -7.92 -1.693 3.278 8.826
303.900 13.000 -7.969 1.151 2.826 8.634
303.900 13.100 -5.312 4.351 2.303 7.36
303.900 13.200 -1.266 5.035 1.386 5.486
303.900 13.300 2.143 4.539 0.219 5.101
303.900 13.400 5.781 3.367 -1.141 6.824
303.900 13.500 8.194 -0.381 -1.948 8.452
303.900 13.600 6.755 -3.624 -0.908 7.734
303.900 13.700 4.915 -5.36 0.594 7.308
303.900 13.800 1.085 -7.138 2.926 7.791
303.900 13.900 -3.963 -5.964 5.596 9.094
303.900 14.000 -6.365 -2.478 7.251 9.978
303.900 14.100 -6.163 -0.202 7.784 9.95
303.900 14.200 -5.586 1.384 7.667 9.608
303.900 14.300 -3.707 2.052 7.025 8.226
303.900 14.400 -2.21 0.73 6.325 6.756
303.900 14.500 -2.702 -1.287 5.873 6.602
303.900 14.600 -4.746 -2.025 5.772 7.752
303.900 14.700 -6.332 -1.05 6.088 8.857
303.900 14.800 -7.078 0.061 6.718 9.771
303.900 14.900 -7.338 2.213 6.878 10.314
303.900 15.000 -5.321 4.146 5.715 8.859
304.000 0.000 -1.947 -0.733 -0.836 2.248
304.000 0.100 -1.983 0.889 -1.072 2.43
304.000 0.200 -0.231 2.165 -1.015 2.411
304.000 0.300 2.061 0.367 -0.669 2.205
304.000 0.400 0.83 -3.986 -0.432 4.103
304.000 0.500 -4.496 -5.224 -0.503 6.919
304.000 0.600 -7.976 -0.777 -0.713 8.055
304.000 0.700 -5.73 3.672 -0.92 6.878
304.000 0.800 -2.099 5.603 -1.514 6.181
304.000 0.900 2.849 6.598 -2.703 7.686
304.000 1.000 9.112 4.01 -4.113 10.78
304.000 1.100 10.191 -3.025 -4.215 11.443
304.000 1.200 5.343 -6.66 -2.877 9.018
304.000 1.300 0.896 -7.267 -1.357 7.455
304.000 1.400 -3.411 -6.748 0.288 7.578
304.000 1.500 -7.145 -3.585 1.422 8.134
304.000 1.600 -6.929 0.793 1.659 7.185
304.000 1.700 -4.598 2.623 1.126 5.429
304.000 1.800 -2.427 3.146 -0.191 3.992
304.000 1.900 -0.203 2.602 -2.038 3.317
304.000 2.000 1.169 0.584 -3.488 3.725
304.000 2.100 0.762 -1.53 -4.223 4.557
304.000 2.200 -0.468 -2.826 -4.439 5.285
304.000 2.300 -2.225 -3.642 -4.123 5.939
304.000 2.400 -4.561 -3.258 -3.588 6.662
304.000 2.500 -5.809 -1.246 -3.129 6.724
304.000 2.600 -5.733 0.232 -2.743 6.369
304.000 2.700 -5.24 2.027 -2.561 6.185
304.000 2.800 -2.311 3.216 -2.629 4.761
304.000 2.900 0.577 1.83 -2.636 3.263
304.000 3.000 1.337 -0.482 -2.306 2.712
304.000 3.100 0.758 -1.904 -1.672 2.655
304.000 3.200 -0.147 -2.743 -1.141 2.991
304.000 3.300 -1.44 -3.081 -0.876 3.533
304.000 3.400 -2.589 -2.498 -0.692 3.687
304.000 3.500 -2.707 -1.774 -0.628 3.32
304.000 3.600 -2.736 -1.485 -0.692 3.212
304.000 3.700 -2.932 -0.961 -1.173 3.321
304.000 3.800 -3.042 0.237 -1.979 3.65
304.000 3.900 -1.959 2.457 -2.567 4.063
304.000 4.000 1.395 3.857 -2.721 4.926
304.000 4.100 5.048 2.127 -2.489 6.031
304.000 4.200 5.885 -1.04 -1.876 6.29
304.000 4.300 5.653 -5.262 -0.412 7.779
304.000 4.400 0.102 -11.567 1.491 11.723
304.000 4.500 -11.267 -12.15 4.126 17.137
304.000 4.600 -18.14 -4.283 5.97 19.625
304.000 4.700 -16.623 1.542 5.376 17.585
304.000 4.800 -14.788 5.748 4.228 16.457
304.000 4.900 -7.912 9.455 1.225 12.407
304.000 5.000 -0.456 7.343 -2.649 7.82
304.000 5.100 2.279 2.948 -6.23 7.275
304.000 5.200 1.806 0.751 -9.713 9.94
304.000 5.300 1.375 0.545 -11.725 11.852
304.000 5.400 1.873 0.808 -11.019 11.245
304.000 5.500 2.792 0.408 -9.642 10.098
304.000 5.600 2.758 -0.304 -7.887 8.428
304.000 5.700 2.764 -0.68 -5.906 6.637
304.000 5.800 2.323 -1.525 -4.189 5.129
304.000 5.900 1.349 -1.629 -2.708 3.556
304.000 6.000 0.758 -1.381 -1.458 2.284
304.000 6.100 0.16 -0.91 -0.447 1.182
304.000 6.200 -0.14 -0.046 0.553 0.628
304.000 6.300 0.143 1.095 1.108 1.568
304.000 6.400 0.898 2.413 1.523 2.995
304.000 6.500 2.521 3.956 1.511 4.943
304.000 6.600 5.533 4.702 0.837 7.352
304.000 6.700 8.149 3.048 -0.094 8.782
304.000 6.800 8.477 1.137 -1.127 8.743
304.000 6.900 8.448 -1.372 -2.056 8.963
304.000 7.000 5.33 -4.489 -2.867 7.762
304.000 7.100 0.654 -4.272 -3.274 5.706
304.000 7.200 -2.162 -1.858 -2.957 4.399
304.000 7.300 -3.192 0.602 -2.135 4.134
304.000 7.400 -2.505 3.593 -1.226 4.737
304.000 7.500 1.432 5.238 -0.465 5.631
304.000 7.600 6.057 2.317 -0.248 6.714
304.000 7.700 6.825 -3.044 -0.304 7.72
304.000 7.800 5.8 -7.788 -1.098 10.013
304.000 7.900 1.017 -14.778 -2.024 15.16
304.000 8.000 -9.905 -18.891 -2.65 21.814
304.000 8.100 -21.413 -18.753 -3.329 29.152
304.000 8.200 -32.828 -18.158 -3.351 38.157
304.000 8.300 -46.432 -12.513 -2.828 48.841
304.000 8.400 -52.552 -3.249 1.997 53.247
304.000 8.500 -59.868 1.606 9.127 60.793
304.000 8.600 -59.746 16.642 13.56 63.598
304.000 8.700 -44.575 22.452 14.697 52.574
304.000 8.800 -34.508 25.626 14.585 46.198
304.000 8.900 -19.129 29.678 15.074 38.763
304.000 9.000 -3.976 27.877 16.29 32.599
304.000 9.100 8.804 25.002 19.325 32.857
304.000 9.200 22.646 18.517 24.336 38.323
304.000 9.300 28.837 3.414 31.309 43.317
304.000 9.400 23.364 -6.92 39.841 47.286
304.000 9.500 16.986 -13.259 45.815 51.047
304.000 9.600 5.276 -16.437 46.775 49.921
304.000 9.700 -6.149 -9.918 44.901 46.461
304.000 9.800 -9.877 1.851 38.881 40.244
304.000 9.900 -7.796 11.832 30.179 33.49
304.000 10.000 -2.891 20.93 22.12 31.1
304.000 10.100 5.722 28.28 13.885 32.929
304.000 10.200 15.571 31.448 4.648 37.628
304.000 10.300 23.661 32.577 -6.516 46.364
304.000 10.400 32.64 31.111 -20.149 58.91
304.000 10.500 38.723 24.131 -35.98 70.702
304.000 10.600 41.527 14.658 -52.956 86.371
304.000 10.700 38.476 -0.793 -61.467 97.555
304.000 10.800 24.136 -12.042 -54.266 105.572
304.000 10.900 10.97 -8.19 -44.562 115.758
304.000 11.000 14.378 -0.591 -43.353 101.075
304.000 11.100 24.404 -4.314 -43.226 74.471
304.000 11.200 27.314 -12.933 -34.777 52.54
304.000 11.300 26.111 -15.87 -20.347 38.134
304.000 11.400 25.795 -16.206 -7.277 32.786
304.000 11.500 26.339 -13.683 2.057 31.697
304.000 11.600 30.05 -15.224 7.268 35.92
304.000 11.700 23.567 -19.762 9.006 33.611
304.000 11.800 15.608 -17.949 8.662 27.998
304.000 11.900 9.747 -16.718 7.841 23.747
304.000 12.000 3.568 -13.779 7.086 17.473
304.000 12.100 0.414 -8.714 6.261 11.447
304.000 12.200 1.102 -4.873 5.182 7.672
304.000 12.300 2.778 -4.121 3.99 6.764
304.000 12.400 3.049 -4.913 3.238 6.881
304.000 12.500 2.671 -5.978 2.783 7.233
304.000 12.600 0.406 -8.007 2.394 8.416
304.000 12.700 -4.474 -8.107 1.968 9.524
304.000 12.800 -8.2 -4.806 1.631 9.728
304.000 12.900 -8.49 -1.572 1.763 8.909
304.000 13.000 -8.218 1.376 1.981 8.674
304.000 13.100 -5.319 4.76 1.925 7.518
304.000 13.200 -0.699 5.63 1.812 6.07
304.000 13.300 3.212 4.985 1.982 6.318
304.000 13.400 7.533 3.889 2.495 8.863
304.000 13.500 10.704 -0.82 3.133 11.197
304.000 13.600 7.981 -4.919 3.858 10.149
304.000 13.700 5.107 -6.794 4.968 9.854
304.000 13.800 0.124 -8.91 5.87 10.672
304.000 13.900 -6.194 -7.433 6.695 11.773
304.000 14.000 -9.237 -3.123 7.227 12.154
304.000 14.100 -9.143 -0.229 7.24 11.686
304.000 14.200 -8.34 1.869 6.941 11.034
304.000 14.300 -5.936 2.85 6.094 8.996
304.000 14.400 -3.955 1.359 5.223 6.71
304.000 14.500 -4.138 -0.97 4.676 6.331
304.000 14.600 -6.22 -2.129 4.549 8.004
304.000 14.700 -8.129 -1.394 4.686 9.498
304.000 14.800 -9.588 -0.438 4.882 10.782
304.000 14.900 -10.664 2.63 4.918 12.05
304.000 15.000 -7.489 5.519 4.178 10.219
304.100 0.000 -1.997 -0.621 -0.032 2.101
304.100 0.100 -2.05 1.082 -0.096 2.331
304.100 0.200 -0.239 2.418 -0.626 2.519
304.100 0.300 2.137 0.558 -1.433 2.638
304.100 0.400 0.852 -3.96 -1.902 4.479
304.100 0.500 -4.661 -5.252 -1.785 7.252
304.100 0.600 -8.199 -0.651 -1.611 8.39
304.100 0.700 -5.855 3.958 -1.893 7.325
304.100 0.800 -2.02 5.958 -1.968 6.6
304.100 0.900 3.286 6.961 -1.54 7.86
304.100 1.000 9.76 4.049 -0.685 10.599
304.100 1.100 10.905 -3.34 -0.257 11.418
304.100 1.200 6.226 -7.264 -0.431 9.586
304.100 1.300 1.513 -8.362 -0.239 8.511
304.100 1.400 -4.186 -8.072 0.549 9.121
304.100 1.500 -9.293 -4.114 1.298 10.258
304.100 1.600 -9.254 1.267 0.865 9.393
304.100 1.700 -6.915 3.46 -0.044 7.746
304.100 1.800 -4.149 4.828 -1.19 6.487
304.100 1.900 -0.165 4.362 -2.77 5.177
304.100 2.000 2.411 1.582 -3.964 4.905
304.100 2.100 2.249 -1.105 -4.529 5.178
304.100 2.200 1.258 -2.783 -4.806 5.697
304.100 2.300 -0.8 -4.106 -4.684 6.284
304.100 2.400 -3.791 -3.735 -4.333 6.869
304.100 2.500 -5.272 -1.403 -4.161 6.868
304.100 2.600 -4.811 0.281 -4.3 6.464
304.100 2.700 -3.951 1.88 -4.329 6.16
304.100 2.800 -1.351 2.899 -3.785 4.958
304.100 2.900 1.411 1.497 -3.204 3.811
304.100 3.000 1.745 -1.113 -2.636 3.357
304.100 3.100 0.443 -2.521 -2.079 3.307
304.100 3.200 -0.839 -3.083 -1.686 3.628
304.100 3.300 -2.145 -3.297 -1.395 4.191
304.100 3.400 -3.308 -2.639 -1.159 4.408
304.100 3.500 -3.524 -1.851 -1.084 4.145
304.100 3.600 -3.718 -1.422 -1.031 4.133
304.100 3.700 -3.615 -0.546 -1.019 3.816
304.100 3.800 -3.153 0.611 -1.024 3.388
304.100 3.900 -1.842 2.549 -0.917 3.287
304.100 4.000 1.285 3.632 -0.709 3.928
304.100 4.100 4.384 1.813 -0.51 4.793
304.100 4.200 5.063 -1.539 -0.391 5.339
304.100 4.300 4.106 -6.055 -0.52 7.38
304.100 4.400 -1.941 -12.244 -1.01 12.49
304.100 4.500 -13.903 -13.002 -2.071 19.196
304.100 4.600 -21.337 -4.422 -2.749 22.002
304.100 4.700 -19.134 2.104 -2.372 19.427
304.100 4.800 -16.397 6.935 -2.584 18.014
304.100 4.900 -8.516 11.581 -2.835 14.661
304.100 5.000 0.897 10.032 -3.862 10.787
304.100 5.100 5.344 5.54 -5.375 9.4
304.100 5.200 7.162 3.415 -7.13 10.689
304.100 5.300 8.302 0.895 -8.423 11.89
304.100 5.400 6.693 -0.366 -8.255 10.671
304.100 5.500 5.9 -0.954 -7.522 9.661
304.100 5.600 4.563 -2.086 -6.22 8.065
304.100 5.700 3.06 -2.459 -4.588 6.128
304.100 5.800 1.636 -2.91 -3.233 4.759
304.100 5.900 -0.109 -2.963 -2.042 3.727
304.100 6.000 -1.44 -2.319 -0.987 3.031
304.100 6.100 -2.158 -1.738 -0.334 2.908
304.100 6.200 -2.907 -0.881 0.428 3.158
304.100 6.300 -2.833 0.443 1.343 3.22
304.100 6.400 -2.386 1.856 2.272 3.804
304.100 6.500 -0.899 3.937 2.901 4.973
304.100 6.600 2.226 5.015 3.209 6.362
304.100 6.700 5.106 4.037 2.932 7.17
304.100 6.800 6.661 2.621 1.441 7.367
304.100 6.900 7.913 -0.161 -0.3 8.04
304.100 7.000 5.428 -3.787 -1.411 6.951
304.100 7.100 1.148 -4.067 -2.032 4.926
304.100 7.200 -1.502 -2.302 -2.106 3.718
304.100 7.300 -2.718 -0.308 -1.513 3.346
304.100 7.400 -2.396 2.497 -0.372 3.626
304.100 7.500 1.359 4.281 1.198 4.755
304.100 7.600 6.111 1.779 2.746 7.042
304.100 7.700 6.645 -3.135 3.428 8.207
304.100 7.800 5.715 -6.999 3.45 9.758
304.100 7.900 1.92 -13.054 1.893 13.393
304.100 8.000 -6.917 -16.45 -1.674 18.025
304.100 8.100 -15.876 -16.804 -5.419 23.936
304.100 8.200 -25.64 -16.781 -8.68 32.395
304.100 8.300 -37.47 -12.826 -11.016 42.435
304.100 8.400 -43.617 -5.812 -11.936 46.832
304.100 8.500 -49.821 -0.723 -12.467 51.979
304.100 8.600 -50.63 11.86 -9.709 53.35
304.100 8.700 -41.303 18.379 -2.421 45.91
304.100 8.800 -33.289 22.887 3.689 41.192
304.100 8.900 -20 26.725 8.195 34.636
304.100 9.000 -6.611 23.919 13.257 28.184
304.100 9.100 3.683 18.971 20.07 27.875
304.100 9.200 13.583 10.999 29.064 33.989
304.100 9.300 15.323 -4.31 37.491 40.937
304.100 9.400 4.203 -14.285 44.075 46.829
304.100 9.500 -7.222 -15.958 48.943 52.386
304.100 9.600 -17.819 -14.691 47.55 53.215
304.100 9.700 -29.218 -6.575 44.087 53.591
304.100 9.800 -28.367 9.415 39.249 49.541
304.100 9.900 -18.831 19.208 33.363 43.11
304.100 10.000 -9.589 28.043 27.753 41.097
304.100 10.100 2.992 36.512 20.98 43.276
304.100 10.200 16.943 41.354 12.232 49.269
304.100 10.300 29.954 45.467 1.053 61.549
304.100 10.400 46.807 47.135 -14.289 80.225
304.100 10.500 61.402 41.829 -32.094 94.469
304.100 10.600 77.135 32.087 -51.498 114.218
304.100 10.700 80.562 2.232 -65.985 130.673
304.100 10.800 50.718 -19.438 -69.276 142.883
304.100 10.900 23.327 -13.248 -67.632 158.655
304.100 11.000 28.373 -2.637 -62.339 136.019
304.100 11.100 42.58 -11.897 -52.274 98.309
304.100 11.200 40.814 -28.64 -36.093 68.582
304.100 11.300 28.918 -33.135 -15.388 46.931
304.100 11.400 20.427 -29.206 2.726 38.301
304.100 11.500 15.702 -22.599 14.702 34.472
304.100 11.600 15.19 -18.671 22.105 35.531
304.100 11.700 12.3 -17.393 20.965 33.779
304.100 11.800 9.31 -15.31 16.1 30.257
304.100 11.900 5.836 -14.888 12.672 25.818
304.100 12.000 0.835 -12.521 10.63 19.1
304.100 12.100 -1.726 -7.418 9.029 12.836
304.100 12.200 -0.257 -3.476 7.314 8.683
304.100 12.300 2.1 -3.042 5.913 7.592
304.100 12.400 2.51 -4.293 4.926 7.416
304.100 12.500 1.885 -5.476 4.235 7.33
304.100 12.600 -0.185 -7.171 3.315 7.937
304.100 12.700 -4.11 -7.164 2.067 8.559
304.100 12.800 -7.105 -4.414 1.062 8.516
304.100 12.900 -7.858 -1.667 0.509 8.151
304.100 13.000 -8.152 1.104 0.417 8.352
304.100 13.100 -5.369 4.297 1.233 7.113
304.100 13.200 -1.035 4.873 2.7 5.773
304.100 13.300 2.248 3.991 4.221 6.288
304.100 13.400 5.181 2.539 5.844 8.239
304.100 13.500 6.838 -1.452 7.141 10.005
304.100 13.600 4.512 -5.297 7.295 10.087
304.100 13.700 1.01 -7.297 7.305 10.378
304.100 13.800 -3.79 -8.921 6.831 11.862
304.100 13.900 -10.255 -7.764 6.422 14.388
304.100 14.000 -13.366 -2.754 5.966 14.914
304.100 14.100 -12.523 0.081 5.167 13.571
304.100 14.200 -11.719 2.438 4.778 12.915
304.100 14.300 -8.147 3.789 4.146 9.923
304.100 14.400 -5.275 2.034 3.546 6.697
304.100 14.500 -5.059 -0.491 2.945 5.889
304.100 14.600 -6.974 -1.941 2.321 7.614
304.100 14.700 -8.915 -1.474 2.121 9.295
304.100 14.800 -10.349 -0.498 2.348 10.638
304.100 14.900 -11.227 2.816 2.378 11.834
304.100 15.000 -8.202 6.012 2.275 10.442
304.200 0.000 -2.649 -0.807 0.625 2.849
304.200 0.100 -2.966 1.434 0.615 3.363
304.200 0.200 -0.636 3.479 -0.306 3.561
304.200 0.300 2.644 1.681 -1.782 3.611
304.200 0.400 1.853 -3.3 -3.169 4.939
304.200 0.500 -3.838 -5.122 -4.275 7.701
304.200 0.600 -7.73 -0.742 -4.584 9.023
304.200 0.700 -5 3.608 -3.626 7.158
304.200 0.800 -1.087 5.161 -2.225 5.731
304.200 0.900 3.453 5.761 -0.653 6.759
304.200 1.000 8.75 3.032 0.657 9.296
304.200 1.100 9.469 -3.618 1.496 10.258
304.200 1.200 5.112 -7.217 1.925 9.064
304.200 1.300 0.527 -8.187 1.55 8.361
304.200 1.400 -5.349 -7.871 0.213 9.53
304.200 1.500 -11.013 -3.657 -1.34 11.692
304.200 1.600 -10.418 2.286 -2.382 10.938
304.200 1.700 -7.306 4.392 -3.265 9.136
304.200 1.800 -4.089 5.765 -3.915 8.086
304.200 1.900 0.387 5.174 -4.13 6.637
304.200 2.000 3.268 2.115 -4.301 5.804
304.200 2.100 3.362 -0.807 -4.482 5.664
304.200 2.200 2.539 -2.665 -4.564 5.867
304.200 2.300 0.521 -4.094 -4.748 6.294
304.200 2.400 -2.317 -3.684 -5.104 6.712
304.200 2.500 -3.669 -1.468 -5.235 6.562
304.200 2.600 -3.149 0.225 -4.983 5.901
304.200 2.700 -2.177 1.463 -4.591 5.29
304.200 2.800 -0.205 2.101 -3.876 4.415
304.200 2.900 1.84 0.844 -3.044 3.659
304.200 3.000 1.892 -1.503 -2.593 3.55
304.200 3.100 0.53 -2.763 -2.491 3.767
304.200 3.200 -0.853 -3.29 -2.474 4.216
304.200 3.300 -2.48 -3.561 -2.422 4.984
304.200 3.400 -4.021 -2.784 -2.307 5.423
304.200 3.500 -4.006 -1.903 -2.159 4.948
304.200 3.600 -4.011 -1.632 -1.827 4.717
304.200 3.700 -4.052 -0.928 -1.254 4.362
304.200 3.800 -3.941 0.123 -0.413 3.986
304.200 3.900 -2.922 2.108 0.444 3.651
304.200 4.000 0.115 3.335 1.087 3.53
304.200 4.100 3.273 1.782 1.403 4.011
304.200 4.200 3.791 -1.125 0.889 4.092
304.200 4.300 3.189 -4.931 -0.439 5.933
304.200 4.400 -1.782 -10.331 -2.862 10.912
304.200 4.500 -11.282 -10.816 -5.843 16.726
304.200 4.600 -17.176 -4.229 -7.593 19.282
304.200 4.700 -16.635 1.341 -7.379 18.272
304.200 4.800 -14.779 6.214 -5.942 17.117
304.200 4.900 -7.792 10.867 -4.25 14.038
304.200 5.000 0.99 10 -2.435 10.341
304.200 5.100 5.558 6.312 -1.788 8.608
304.200 5.200 7.805 4.373 -2.121 9.212
304.200 5.300 9.331 1.655 -2.655 9.867
304.200 5.400 8.566 0.078 -3.738 9.384
304.200 5.500 8.395 -1.283 -4.47 9.649
304.200 5.600 6.036 -3.275 -4.213 8.131
304.200 5.700 3.206 -3.533 -3.664 6.108
304.200 5.800 1.117 -3.722 -3.285 5.196
304.200 5.900 -1.2 -3.832 -2.939 5.092
304.200 6.000 -3.065 -3.008 -2.449 5.054
304.200 6.100 -3.727 -2.468 -1.671 4.88
304.200 6.200 -4.705 -1.849 -0.604 5.188
304.200 6.300 -5.192 -0.724 0.545 5.349
304.200 6.400 -5.697 0.684 1.992 6.13
304.200 6.500 -4.718 3.354 3.091 6.587
304.200 6.600 -1.881 4.65 3.644 6.204
304.200 6.700 0.779 4.693 3.816 6.101
304.200 6.800 3.719 4.077 3.098 6.349
304.200 6.900 6.232 1.244 2.077 6.752
304.200 7.000 4.754 -2.486 0.484 5.517
304.200 7.100 1.439 -3.289 -1.082 3.943
304.200 7.200 -0.833 -2.477 -1.609 3.288
304.200 7.300 -2.245 -1.183 -1.046 2.936
304.200 7.400 -2.445 0.912 0.239 2.735
304.200 7.500 -0.365 2.076 2.316 3.163
304.200 7.600 2.046 0.188 4.527 4.987
304.200 7.700 2.098 -3.402 5.451 6.771
304.200 7.800 0.463 -6.558 5.373 8.496
304.200 7.900 -2.533 -9.833 3.49 10.746
304.200 8.000 -7.388 -11.941 -0.726 14.096
304.200 8.100 -12.886 -12.209 -5.817 18.779
304.200 8.200 -18.971 -11.992 -11.77 25.767
304.200 8.300 -26.427 -9.498 -17.734 34.22
304.200 8.400 -30.677 -4.933 -20.44 38.104
304.200 8.500 -34.847 -1.139 -20.524 41.243
304.200 8.600 -36.36 6.843 -18.266 42.078
304.200 8.700 -33.565 11.331 -13.254 38.47
304.200 8.800 -31.049 16.905 -7.032 36.623
304.200 8.900 -19.779 20.885 0.186 29.028
304.200 9.000 -9.151 16.93 8.118 20.966
304.200 9.100 -3.235 10.308 16.535 19.762
304.200 9.200 -1.09 1.417 25.744 25.81
304.200 9.300 -4.986 -10.122 32.665 34.601
304.200 9.400 -18.088 -19.37 36.232 45.039
304.200 9.500 -33.866 -16.89 38.626 54.37
304.200 9.600 -38.648 -10.541 36.584 54.774
304.200 9.700 -43.789 -3.1 33.662 55.939
304.200 9.800 -40.622 12.145 32.547 53.967
304.200 9.900 -30.341 21.645 32.937 50.197
304.200 10.000 -19.762 31.689 32.931 50.277
304.200 10.100 -3.637 42.182 30.929 53.653
304.200 10.200 14.946 49.56 26.687 62.313
304.200 10.300 32.789 57.706 17.496 77.919
304.200 10.400 57.325 63.312 3.598 101.178
304.200 10.500 81.01 60.79 -14.033 119.096
304.200 10.600 107.277 51.924 -35.753 142.004
304.200 10.700 119.146 16.855 -57.499 159.61
304.200 10.800 95.83 -9.632 -76.702 170.689
304.200 10.900 74.434 -13.29 -89.214 182.644
304.200 11.000 69.729 -15.173 -81.258 159.928
304.200 11.100 71.354 -28.77 -62.999 123.076
304.200 11.200 56.9 -50.932 -40.349 91.746
304.200 11.300 27.391 -56.151 -14.008 66.781
304.200 11.400 5.984 -43.958 6.461 49.958
304.200 11.500 -2.195 -31.802 17.451 41.307
304.200 11.600 -6.789 -22.004 23.988 37.681
304.200 11.700 -4.158 -13.082 23.792 34.004
304.200 11.800 0.94 -10.763 19.902 32.072
304.200 11.900 0.973 -12.032 16.286 27.796
304.200 12.000 -3.048 -10.465 13.326 20.775
304.200 12.100 -4.882 -5.529 10.928 14.582
304.200 12.200 -2.331 -1.763 8.993 10.123
304.200 12.300 0.751 -1.795 7.378 8.654
304.200 12.400 1.372 -3.421 6.291 7.997
304.200 12.500 0.744 -4.542 5.266 7.24
304.200 12.600 -0.983 -5.876 3.89 7.148
304.200 12.700 -4.241 -5.854 2.278 7.615
304.200 12.800 -6.64 -3.402 0.862 7.601
304.200 12.900 -6.466 -0.977 -0.103 6.655
304.200 13.000 -5.84 0.811 -0.395 6.03
304.200 13.100 -4.156 2.558 0.9 5.081
304.200 13.200 -1.796 2.919 3.133 4.731
304.200 13.300 0.126 2.28 5.232 5.757
304.200 13.400 1.859 1.027 6.985 7.327
304.200 13.500 2.595 -1.955 7.931 8.581
304.200 13.600 0.361 -4.975 7.673 9.155
304.200 13.700 -3.002 -6.529 6.589 9.753
304.200 13.800 -6.898 -7.539 4.771 11.286
304.200 13.900 -12.311 -6.663 2.525 14.241
304.200 14.000 -14.796 -1.982 1.162 14.999
304.200 14.100 -13.309 0.557 0.857 13.376
304.200 14.200 -12.164 2.575 0.741 12.484
304.200 14.300 -8.861 3.784 1.236 9.744
304.200 14.400 -6.198 2.291 1.582 6.821
304.200 14.500 -5.585 0.176 1.24 5.742
304.200 14.600 -6.602 -1.337 0.542 6.773
304.200 14.700 -8.293 -1.637 0.266 8.472
304.200 14.800 -10.575 -0.973 0.682 10.657
304.200 14.900 -12.091 2.746 1.176 12.473
304.200 15.000 -8.814 6.337 0.982 10.922
304.300 0.000 -3.907 -1.336 1.092 4.282
304.300 0.100 -4.766 1.855 1.49 5.339
304.300 0.200 -1.473 5.267 0.131 5.481
304.300 0.300 3.667 3.682 -2.368 5.717
304.300 0.400 4.228 -1.793 -4.316 6.305
304.300 0.500 0.051 -3.905 -5.655 6.874
304.300 0.600 -2.849 -1.375 -6.066 6.843
304.300 0.700 -2.213 1.576 -4.332 5.115
304.300 0.800 -0.176 3.061 -1.858 3.59
304.300 0.900 2.933 3.661 0.779 4.768
304.300 1.000 7.115 1.587 3.34 8.033
304.300 1.100 7.147 -4.107 4.364 9.341
304.300 1.200 2.107 -6.902 3.697 8.124
304.300 1.300 -2.41 -6.602 2.186 7.373
304.300 1.400 -6.084 -5.344 -0.513 8.124
304.300 1.500 -9.161 -1.746 -3.172 9.858
304.300 1.600 -8.196 3.083 -4.673 9.932
304.300 1.700 -5.035 5.071 -5.389 8.955
304.300 1.800 -1.771 5.816 -5.566 8.247
304.300 1.900 2.1 5.071 -5.311 7.641
304.300 2.000 4.753 2.004 -5.032 7.21
304.300 2.100 4.557 -0.938 -4.619 6.56
304.300 2.200 3.566 -2.621 -4.473 6.298
304.300 2.300 1.718 -3.811 -4.577 6.203
304.300 2.400 -0.602 -3.338 -4.837 5.911
304.300 2.500 -1.724 -1.525 -5.02 5.524
304.300 2.600 -1.477 -0.062 -4.948 5.165
304.300 2.700 -0.746 0.884 -4.579 4.723
304.300 2.800 0.698 1.269 -3.81 4.076
304.300 2.900 2.199 0.212 -3.094 3.805
304.300 3.000 2.038 -1.723 -2.688 3.794
304.300 3.100 0.768 -2.671 -2.686 3.873
304.300 3.200 -0.421 -3.051 -3.043 4.34
304.300 3.300 -1.757 -3.262 -3.638 5.203
304.300 3.400 -3 -2.83 -4.076 5.808
304.300 3.500 -3.389 -2.43 -3.691 5.58
304.300 3.600 -4.026 -2.327 -2.893 5.491
304.300 3.700 -4.54 -1.78 -2.026 5.298
304.300 3.800 -5.23 -1.048 -0.925 5.435
304.300 3.900 -5.116 1.045 0.409 5.261
304.300 4.000 -2.873 2.29 1.891 4.159
304.300 4.100 -0.776 1.851 2.804 3.483
304.300 4.200 0.528 0.449 1.543 1.734
304.300 4.300 0.896 -2.476 -1.079 2.882
304.300 4.400 -1.959 -6.547 -4.939 8.465
304.300 4.500 -8.594 -7.612 -9.507 14.935
304.300 4.600 -13.103 -3.077 -12.329 18.277
304.300 4.700 -12.43 0.48 -12.433 17.607
304.300 4.800 -11.855 3.98 -10.764 16.516
304.300 4.900 -6.886 7.691 -6.926 12.439
304.300 5.000 -1.023 7.354 -2.598 7.866
304.300 5.100 2.619 5.748 -0.124 6.322
304.300 5.200 5.448 4.472 0.551 7.083
304.300 5.300 7.26 2.223 0.527 7.638
304.300 5.400 7.307 0.797 0.267 7.39
304.300 5.500 7.604 -0.744 -0.171 7.691
304.300 5.600 5.609 -2.801 -1.4 6.494
304.300 5.700 3.07 -3.205 -2.722 5.293
304.300 5.800 1.21 -3.488 -3.613 5.262
304.300 5.900 -0.723 -3.723 -4.242 5.794
304.300 6.000 -2.421 -3.445 -4.446 6.229
304.300 6.100 -3.868 -3.453 -3.944 6.621
304.300 6.200 -5.877 -2.944 -3.084 7.361
304.300 6.300 -6.74 -1.899 -2.067 7.394
304.300 6.400 -8.127 -0.8 -0.822 8.289
304.300 6.500 -7.757 2.336 0.661 8.182
304.300 6.600 -5 3.837 2.16 6.691
304.300 6.700 -2.611 4.611 3.079 6.138
304.300 6.800 0.564 4.636 3.115 5.617
304.300 6.900 3.21 2.332 2.459 4.694
304.300 7.000 3.071 -0.719 1.156 3.441
304.300 7.100 1.538 -2.039 -0.322 2.726
304.300 7.200 -0.162 -2.512 -0.995 2.888
304.300 7.300 -2.162 -2.107 -0.587 3.23
304.300 7.400 -3.228 -0.601 0.485 3.423
304.300 7.500 -2.428 0.088 1.959 3.166
304.300 7.600 -1.708 -1.28 3.451 4.071
304.300 7.700 -2.286 -3.654 4.144 5.995
304.300 7.800 -4.279 -5.758 3.797 8.141
304.300 7.900 -6.63 -6.884 2.009 9.807
304.300 8.000 -9.214 -7.621 -1.262 12.076
304.300 8.100 -11.995 -6.677 -5.795 14.991
304.300 8.200 -13.329 -5.27 -12.045 18.909
304.300 8.300 -14.825 -4.332 -18.305 24.24
304.300 8.400 -17.114 -3.136 -22.277 28.541
304.300 8.500 -20.768 -1.036 -24.483 32.626
304.300 8.600 -22.42 3.803 -23.921 33.598
304.300 8.700 -21.071 6.806 -20.327 30.39
304.300 8.800 -19.66 10.247 -15.389 27.303
304.300 8.900 -14.297 12.116 -7.158 20.321
304.300 9.000 -9.513 8.707 1.521 13.16
304.300 9.100 -7.943 2.516 8.786 12.244
304.300 9.200 -10.756 -5.419 14.561 19.072
304.300 9.300 -17.306 -12.954 17.64 27.992
304.300 9.400 -28.87 -19.907 17.209 39.152
304.300 9.500 -43.522 -16.855 15.532 49.44
304.300 9.600 -48.297 -10.775 17.062 52.833
304.300 9.700 -55.151 -3.981 20.65 59.61
304.300 9.800 -51.92 11.37 23.001 58.549
304.300 9.900 -42.424 18.846 26.09 53.975
304.300 10.000 -33.835 29.46 31.554 55.307
304.300 10.100 -17.947 40.397 38.068 59.128
304.300 10.200 -0.2 52.513 42.975 71.725
304.300 10.300 25.915 68.487 38.97 92.526
304.300 10.400 63.277 77.209 28.586 119.108
304.300 10.500 97.437 78.145 17.538 142.03
304.300 10.600 141.241 77.551 -2.08 175.425
304.300 10.700 170.988 39.427 -29.891 198.327
304.300 10.800 155.416 12.093 -55.8 204.772
304.300 10.900 147.958 -6.513 -78.013 221.579
304.300 11.000 129.02 -31.137 -74.587 192.372
304.300 11.100 113.304 -48.376 -55.843 152.596
304.300 11.200 82.071 -75.02 -35.517 122.488
304.300 11.300 30.94 -78.023 -16.895 90.263
304.300 11.400 -3.321 -57.694 -2.277 64.091
304.300 11.500 -13.994 -40.306 9.167 49.072
304.300 11.600 -20.602 -26.23 16.8 41.444
304.300 11.700 -17.22 -12.582 20.206 34.945
304.300 11.800 -10.295 -8.564 20.804 32.081
304.300 11.900 -7.857 -8.593 18.643 27.935
304.300 12.000 -8.798 -7.401 14.944 21.9
304.300 12.100 -8.857 -3.417 12.376 16.799
304.300 12.200 -5.324 -0.155 10.694 12.516
304.300 12.300 -1.409 -0.526 9.552 10.76
304.300 12.400 -0.69 -2.344 8.266 9.468
304.300 12.500 -1.269 -3.18 6.761 7.953
304.300 12.600 -2.331 -4.031 4.852 6.816
304.300 12.700 -4.267 -3.949 2.566 6.404
304.300 12.800 -5.523 -2.26 0.852 6.124
304.300 12.900 -5.045 -0.555 0.262 5.198
304.300 13.000 -4.169 0.263 0.495 4.312
304.300 13.100 -3.541 0.695 1.73 4.081
304.300 13.200 -2.961 0.779 3.702 4.856
304.300 13.300 -2.499 0.358 5.689 6.256
304.300 13.400 -2.243 -0.497 7.503 7.867
304.300 13.500 -2.45 -1.988 8.332 8.922
304.300 13.600 -3.911 -3.674 7.087 8.898
304.300 13.700 -6.139 -4.659 5.025 9.211
304.300 13.800 -8.394 -5.033 2.45 10.106
304.300 13.900 -11.291 -4.397 -0.206 12.141
304.300 14.000 -12.671 -1.402 -1.719 12.892
304.300 14.100 -11.913 0.491 -1.891 12.102
304.300 14.200 -11.09 2.184 -1.463 11.428
304.300 14.300 -8.648 3.15 -0.901 9.279
304.300 14.400 -6.745 2.127 -0.426 7.112
304.300 14.500 -5.953 0.679 -0.513 6.036
304.300 14.600 -6.355 -0.826 -0.996 6.504
304.300 14.700 -7.807 -1.564 -1.353 8.092
304.300 14.800 -10.292 -1.214 -1.518 10.489
304.300 14.900 -12.113 2.552 -1.541 12.494
304.300 15.000 -8.834 6.26 -1.051 10.899
304.400 0.000 -5.453 -2.107 0.346 5.864
304.400 0.100 -7.628 2.051 0.608 7.932
304.400 0.200 -2.94 7.175 -0.019 7.764
304.400 0.300 4.871 5.787 -1.192 7.666
304.400 0.400 6.815 -0.392 -2.567 7.299
304.400 0.500 3.394 -2.844 -3.91 5.91
304.400 0.600 1.027 -1.962 -4.314 4.85
304.400 0.700 0.12 -0.506 -3.226 3.268
304.400 0.800 0.3 0.515 -1.194 1.337
304.400 0.900 1.161 0.636 1.493 2.013
304.400 1.000 2.032 -0.763 4.328 4.86
304.400 1.100 1.231 -3.49 5.022 6.256
304.400 1.200 -1.835 -5.104 3.172 6.299
304.400 1.300 -4.952 -4.137 0.683 6.5
304.400 1.400 -6.505 -2.5 -2.049 7.272
304.400 1.500 -7.968 0.308 -4.48 9.152
304.400 1.600 -6.046 4.193 -5.962 9.474
304.400 1.700 -2.434 5.409 -6.522 8.819
304.400 1.800 0.712 5.451 -6.253 8.329
304.400 1.900 4.127 4.476 -5.358 8.114
304.400 2.000 6.432 1.437 -4.44 7.951
304.400 2.100 5.78 -1.32 -3.862 7.082
304.400 2.200 4.689 -2.634 -3.601 6.479
304.400 2.300 2.84 -3.593 -3.76 5.93
304.400 2.400 0.652 -3.012 -4.199 5.212
304.400 2.500 -0.301 -1.409 -4.512 4.738
304.400 2.600 0.045 -0.195 -4.515 4.521
304.400 2.700 0.721 0.275 -4.175 4.246
304.400 2.800 1.45 0.331 -3.289 3.612
304.400 2.900 2.309 -0.384 -2.365 3.333
304.400 3.000 1.935 -1.776 -2.153 3.405
304.400 3.100 0.803 -2.305 -2.544 3.534
304.400 3.200 0.02 -2.39 -3.201 4.002
304.400 3.300 -0.528 -2.473 -4.051 4.782
304.400 3.400 -1.045 -2.645 -4.68 5.483
304.400 3.500 -1.837 -2.938 -4.672 5.826
304.400 3.600 -3.022 -3.042 -4.313 6.094
304.400 3.700 -4.072 -2.79 -3.498 6.064
304.400 3.800 -5.378 -2.243 -2.342 6.299
304.400 3.900 -6.141 -0.459 -1.068 6.271
304.400 4.000 -5.79 0.719 0.369 5.869
304.400 4.100 -5.414 1.975 1.086 5.887
304.400 4.200 -2.755 2.749 -0.152 3.907
304.400 4.300 -0.214 0.947 -2.914 3.073
304.400 4.400 -0.065 -1.627 -7.115 7.313
304.400 4.500 -1.698 -2.706 -12.562 12.977
304.400 4.600 -3.153 -1.927 -15.927 16.366
304.400 4.700 -3.68 -0.696 -15.284 15.752
304.400 4.800 -3.83 0.911 -13.07 13.666
304.400 4.900 -2.974 2.467 -8.514 9.364
304.400 5.000 -1.687 3.162 -3.372 4.926
304.400 5.100 -0.071 3.643 0.211 3.651
304.400 5.200 2.256 3.591 2.379 4.876
304.400 5.300 3.942 2.274 3.203 5.59
304.400 5.400 3.947 1.276 2.558 4.904
304.400 5.500 4.026 0.353 1.412 4.32
304.400 5.600 3.534 -0.88 -0.427 3.723
304.400 5.700 2.747 -1.653 -2.468 4.117
304.400 5.800 1.781 -2.453 -4.017 5.116
304.400 5.900 0.446 -3.022 -5.097 6.033
304.400 6.000 -0.851 -3.285 -5.762 6.784
304.400 6.100 -2.207 -3.659 -6.068 7.524
304.400 6.200 -3.997 -3.605 -6.042 8.197
304.400 6.300 -5.373 -3.117 -5.057 8.114
304.400 6.400 -7.071 -2.143 -3.654 8.338
304.400 6.500 -7.614 0.313 -1.825 7.913
304.400 6.600 -6.798 1.973 0.535 7.153
304.400 6.700 -5.498 3.864 2.244 7.115
304.400 6.800 -2.212 4.844 2.624 5.947
304.400 6.900 0.921 3.142 2.352 4.037
304.400 7.000 1.512 0.559 1.446 2.192
304.400 7.100 0.911 -0.964 0.336 1.47
304.400 7.200 -0.309 -2.223 -0.413 2.426
304.400 7.300 -2.413 -2.535 -0.647 3.692
304.400 7.400 -3.91 -1.599 -0.265 4.344
304.400 7.500 -3.981 -1.232 0.668 4.307
304.400 7.600 -4.272 -2.203 1.607 5.131
304.400 7.700 -5.383 -3.709 1.874 6.856
304.400 7.800 -7.626 -4.794 1.434 9.179
304.400 7.900 -9.521 -4.355 -0.319 10.545
304.400 8.000 -11.028 -4.071 -3.576 12.367
304.400 8.100 -12.328 -1.818 -7.506 14.655
304.400 8.200 -9.795 0.525 -12.048 15.652
304.400 8.300 -7.239 0.393 -16.448 18.03
304.400 8.400 -6.665 0.117 -19.984 21.085
304.400 8.500 -6.615 0.851 -22.724 23.805
304.400 8.600 -7.021 1.476 -22.771 24.044
304.400 8.700 -8.141 2.83 -19.557 21.485
304.400 8.800 -8.221 4.36 -15.204 17.999
304.400 8.900 -7.698 4.371 -9.358 13.152
304.400 9.000 -7.522 2.023 -3.455 8.841
304.400 9.100 -8.788 -2.567 1.134 9.567
304.400 9.200 -13.025 -8.265 3.803 16.205
304.400 9.300 -19.323 -13.01 3.954 23.765
304.400 9.400 -28.412 -17.519 1.865 33.46
304.400 9.500 -39.491 -15.59 -0.702 42.593
304.400 9.600 -45.69 -12.188 -2.586 47.567
304.400 9.700 -55.521 -6.963 -2.91 56.476
304.400 9.800 -53.991 6.562 2.391 55.166
304.400 9.900 -46.36 11.798 12.241 50.229
304.400 10.000 -41.473 20.364 23.069 52.129
304.400 10.100 -33.252 29.565 35.7 57.498
304.400 10.200 -23.16 45.919 49.23 74.189
304.400 10.300 7.992 68.647 60.656 99.92
304.400 10.400 54.898 78.966 71.949 132.21
304.400 10.500 91.331 82.366 79.707 158.062
304.400 10.600 139.993 95.173 79.854 194.982
304.400 10.700 186.422 71.818 57.602 218.852
304.400 10.800 194.727 51.853 4.086 229.806
304.400 10.900 209.705 11.907 -41.793 260.868
304.400 11.000 182.218 -43.514 -48.368 228.692
304.400 11.100 141.966 -67.603 -31.508 178.489
304.400 11.200 97.111 -87.877 -18.989 140.87
304.400 11.300 43.462 -87.098 -14.396 103.321
304.400 11.400 5.948 -68.374 -9.166 73.451
304.400 11.500 -15.22 -51.241 1.028 56.447
304.400 11.600 -30.012 -32.349 10.46 46.919
304.400 11.700 -28.513 -14.323 13.615 37.277
304.400 11.800 -23.17 -8.844 14.625 32.332
304.400 11.900 -19.371 -5.569 13.965 27.671
304.400 12.000 -16.103 -4.772 11.697 22.295
304.400 12.100 -14.717 -1.982 10.562 18.977
304.400 12.200 -10.514 0.43 10.413 15.289
304.400 12.300 -7.187 0.24 10.602 13.575
304.400 12.400 -5.564 -0.542 9.18 11.452
304.400 12.500 -5.059 -1.376 7.077 9.208
304.400 12.600 -4.979 -1.784 4.992 7.445
304.400 12.700 -5.104 -1.921 2.86 6.257
304.400 12.800 -5.291 -1.25 1.469 5.738
304.400 12.900 -4.792 -0.507 1.03 5.031
304.400 13.000 -4.338 -0.415 1.381 4.649
304.400 13.100 -4.491 -0.717 2.239 5.121
304.400 13.200 -5.3 -0.982 3.607 6.524
304.400 13.300 -6.085 -1.096 4.82 7.87
304.400 13.400 -7.356 -1.819 5.71 9.514
304.400 13.500 -8.837 -1.43 5.92 10.758
304.400 13.600 -8.486 -1.595 4.15 9.605
304.400 13.700 -9.253 -2.404 1.937 9.78
304.400 13.800 -9.609 -2.308 -0.56 9.928
304.400 13.900 -10.567 -2.399 -2.937 11.257
304.400 14.000 -11.137 -0.65 -4.212 11.958
304.400 14.100 -10.397 0.301 -4.388 11.322
304.400 14.200 -10.107 1.597 -3.973 11.008
304.400 14.300 -8.12 2.478 -3.08 9.063
304.400 14.400 -6.62 1.816 -2.365 7.289
304.400 14.500 -5.82 0.925 -2.247 6.333
304.400 14.600 -5.81 -0.382 -2.589 6.393
304.400 14.700 -6.937 -1.354 -2.915 7.664
304.400 14.800 -9.185 -1.123 -2.935 9.724
304.400 14.900 -10.67 2.268 -2.681 11.252
304.400 15.000 -8.01 5.662 -2.279 10.093
304.500 0.000 -5.558 -2.129 -0.96 6.035
304.500 0.100 -7.377 2.126 -1.099 7.762
304.500 0.200 -3.202 7.188 -0.754 7.913
304.500 0.300 3.696 6.206 -0.417 7.244
304.500 0.400 6.107 0.948 -0.914 6.255
304.500 0.500 4.258 -1.81 -1.956 5.028
304.500 0.600 2.448 -2.108 -2.446 4.055
304.500 0.700 1.124 -1.741 -2.001 2.883
304.500 0.800 0.332 -1.397 -0.836 1.665
304.500 0.900 -0.46 -1.732 0.718 1.942
304.500 1.000 -1.935 -2.404 2.094 3.743
304.500 1.100 -3.144 -2.611 2.24 4.676
304.500 1.200 -4.197 -2.893 0.947 5.196
304.500 1.300 -5.418 -1.578 -1.129 5.763
304.500 1.400 -5.218 0.284 -3.766 6.445
304.500 1.500 -4.649 2.286 -6.263 8.13
304.500 1.600 -2.283 4.728 -7.159 8.88
304.500 1.700 1.279 5.326 -7.077 8.951
304.500 1.800 4.036 4.446 -6.292 8.7
304.500 1.900 6.278 3.253 -4.868 8.589
304.500 2.000 7.721 0.514 -3.745 8.603
304.500 2.100 6.524 -1.918 -2.791 7.359
304.500 2.200 4.987 -2.721 -2.389 6.171
304.500 2.300 3.322 -3.12 -2.653 5.281
304.500 2.400 1.713 -2.456 -3.263 4.434
304.500 2.500 1.035 -1.235 -3.709 4.047
304.500 2.600 1.259 -0.338 -3.745 3.967
304.500 2.700 1.704 -0.301 -3.447 3.859
304.500 2.800 1.583 -0.644 -2.797 3.282
304.500 2.900 1.334 -0.977 -2.089 2.669
304.500 3.000 0.986 -1.441 -2.087 2.728
304.500 3.100 0.485 -1.688 -2.649 3.184
304.500 3.200 0.235 -1.592 -3.345 3.717
304.500 3.300 0.414 -1.674 -4.125 4.475
304.500 3.400 0.449 -2.277 -4.693 5.243
304.500 3.500 -0.199 -2.967 -4.91 5.749
304.500 3.600 -1.222 -3.402 -4.87 6.075
304.500 3.700 -2.78 -3.782 -4.36 6.421
304.500 3.800 -5.157 -3.409 -3.425 7.086
304.500 3.900 -6.739 -1.478 -2.555 7.375
304.500 4.000 -6.896 0.012 -2.078 7.219
304.500 4.100 -6.761 2.188 -2.025 7.403
304.500 4.200 -3.735 4.26 -2.528 6.209
304.500 4.300 -0.017 3.775 -4.078 5.557
304.500 4.400 2.673 2.71 -6.816 7.813
304.500 4.500 5.786 1.842 -10.336 11.997
304.500 4.600 7.197 -1.079 -12.608 14.574
304.500 4.700 4.705 -2.195 -12.303 13.374
304.500 4.800 3.063 -2.08 -10.569 11.222
304.500 4.900 0.477 -2.34 -7.268 7.68
304.500 5.000 -2.2 -1.097 -3.182 4.055
304.500 5.100 -2.928 0.802 0.029 3.062
304.500 5.200 -2.547 1.62 2.396 3.878
304.500 5.300 -1.867 2.41 3.504 4.665
304.500 5.400 -0.193 2.642 2.471 3.633
304.500 5.500 1.203 1.959 0.921 2.484
304.500 5.600 2.06 1.142 -0.848 2.528
304.500 5.700 2.694 0.193 -2.742 3.897
304.500 5.800 2.705 -1.035 -4.396 5.329
304.500 5.900 2.14 -1.95 -5.79 6.548
304.500 6.000 1.417 -2.761 -6.702 7.471
304.500 6.100 0.448 -3.446 -6.943 7.859
304.500 6.200 -0.78 -3.995 -6.851 8.072
304.500 6.300 -2.854 -4.408 -6.094 8.153
304.500 6.400 -5.624 -3.671 -4.845 8.384
304.500 6.500 -7.226 -1.64 -3.341 8.217
304.500 6.600 -8.12 -0.137 -1.615 8.356
304.500 6.700 -8.291 2.732 -0.074 8.784
304.500 6.800 -5.009 4.466 0.989 6.817
304.500 6.900 -2.105 3.395 1.539 4.299
304.500 7.000 -0.814 1.651 0.976 2.099
304.500 7.100 -0.544 -0.025 -0.055 0.642
304.500 7.200 -1.247 -1.603 -0.863 2.342
304.500 7.300 -2.984 -2.44 -1.317 4.197
304.500 7.400 -4.587 -1.964 -1.362 5.287
304.500 7.500 -5.167 -1.884 -1.277 5.753
304.500 7.600 -6.353 -2.535 -1.146 7.031
304.500 7.700 -7.642 -3.283 -1.647 8.569
304.500 7.800 -10.35 -3.858 -2.653 11.442
304.500 7.900 -11.749 -1.701 -4.395 12.749
304.500 8.000 -10.653 -0.545 -7.145 12.932
304.500 8.100 -9.71 1.598 -9.986 14.118
304.500 8.200 -5.912 3.859 -12.346 14.311
304.500 8.300 -1.707 3.32 -14.569 15.081
304.500 8.400 0.345 2.159 -15.917 16.073
304.500 8.500 2.251 1.889 -16.257 16.525
304.500 8.600 2.417 -0.021 -15.815 16.032
304.500 8.700 -0.392 -0.134 -14.463 14.545
304.500 8.800 -1.989 0.441 -12.101 12.425
304.500 8.900 -3.448 -0.176 -9.098 9.999
304.500 9.000 -5.192 -1.787 -6.243 8.677
304.500 9.100 -7.653 -4.879 -4.551 10.552
304.500 9.200 -12.485 -8.578 -4.583 16.201
304.500 9.300 -17.726 -10.573 -6.905 22.052
304.500 9.400 -23.655 -13.755 -11.653 29.891
304.500 9.500 -32.052 -12.554 -16.433 38.291
304.500 9.600 -34.214 -10.012 -18.649 40.468
304.500 9.700 -38.335 -8.399 -18.706 44.03
304.500 9.800 -40.947 -3.381 -12.806 43.901
304.500 9.900 -44.684 -0.711 -0.881 45.541
304.500 10.000 -46.958 8.412 12.151 49.81
304.500 10.100 -42.092 15.771 25.479 52.412
304.500 10.200 -37.638 28.482 43.573 67.29
304.500 10.300 -18.488 45.803 71.057 93.191
304.500 10.400 7.576 56.032 105.832 128.77
304.500 10.500 33.109 69.954 133.089 161.095
304.500 10.600 70.398 93.403 149.395 192.337
304.500 10.700 124.749 113.786 137.787 220.305
304.500 10.800 207.155 122.439 76.881 268.671
304.500 10.900 289.622 47.799 9.887 322.244
304.500 11.000 246.49 -53.879 -3.021 281.638
304.500 11.100 171.696 -78.292 2.242 216.331
304.500 11.200 113.458 -90.819 0.514 162.976
304.500 11.300 57.524 -86.916 -3.47 109.861
304.500 11.400 18.858 -71.893 -6.683 75.881
304.500 11.500 -10.099 -58.033 -6.478 59.644
304.500 11.600 -33.343 -36.889 -4.916 50.167
304.500 11.700 -32.47 -15.587 -2.463 37.316
304.500 11.800 -26.921 -9.872 -0.567 30.26
304.500 11.900 -23.282 -5.606 1.378 25.46
304.500 12.000 -19.3 -4.728 3.797 21.245
304.500 12.100 -17.985 -2.376 5.389 19.471
304.500 12.200 -15.294 -0.428 6.444 17.055
304.500 12.300 -13.981 0.391 7.053 16.188
304.500 12.400 -11.114 1.409 6.143 13.286
304.500 12.500 -8.81 0.424 4.545 10.279
304.500 12.600 -7.623 0.02 3.12 8.444
304.500 12.700 -6.573 -0.511 1.957 7.017
304.500 12.800 -6.188 -0.534 1.207 6.448
304.500 12.900 -5.674 -0.494 0.867 5.865
304.500 13.000 -5.677 -0.835 0.966 5.897
304.500 13.100 -6.149 -1.361 1.119 6.455
304.500 13.200 -7.791 -1.853 1.314 8.165
304.500 13.300 -9.032 -1.313 1.267 9.261
304.500 13.400 -10.149 -1.77 0.599 10.362
304.500 13.500 -11.673 -0.476 -0.422 11.735
304.500 13.600 -9.997 0.265 -1.553 10.166
304.500 13.700 -9.356 -0.435 -3.196 9.94
304.500 13.800 -8.512 -0.332 -4.666 9.756
304.500 13.900 -7.974 -0.796 -6.001 10.051
304.500 14.000 -7.944 -0.374 -6.654 10.408
304.500 14.100 -7.722 -0.002 -6.307 10.007
304.500 14.200 -7.702 0.843 -5.695 9.65
304.500 14.300 -6.872 1.442 -4.755 8.512
304.500 14.400 -6.346 1.3 -3.909 7.595
304.500 14.500 -5.591 1.1 -3.759 6.854
304.500 14.600 -5.169 -0.017 -4.064 6.6
304.500 14.700 -6.025 -1.145 -4.394 7.565
304.500 14.800 -8.349 -1.265 -4.608 9.638
304.500 14.900 -10.232 1.895 -4.446 11.336
304.500 15.000 -7.415 5.119 -3.745 9.78
304.600 0.000 -5.368 -2.13 -1.737 6.036
304.600 0.100 -7.417 1.836 -1.411 7.777
304.600 0.200 -3.498 6.749 -0.879 7.66
304.600 0.300 3.233 6.108 -0.315 6.927
304.600 0.400 5.742 1.457 -0.226 5.936
304.600 0.500 4.353 -1.058 -0.764 4.55
304.600 0.600 2.997 -1.97 -1.325 3.828
304.600 0.700 1.416 -2.332 -1.289 3.022
304.600 0.800 0.092 -2.321 -0.867 2.485
304.600 0.900 -1.198 -2.597 -0.486 2.908
304.600 1.000 -2.911 -2.706 -0.426 4.005
304.600 1.100 -4.096 -2.09 -0.771 4.67
304.600 1.200 -5.008 -1.638 -1.556 5.5
304.600 1.300 -5.585 0.4 -2.801 6.267
304.600 1.400 -3.403 2.647 -4.405 6.167
304.600 1.500 -0.716 3.663 -5.678 6.796
304.600 1.600 1.772 4.589 -5.75 7.569
304.600 1.700 5.169 4.789 -5.027 8.66
304.600 1.800 7.374 2.943 -3.789 8.803
304.600 1.900 8.177 1.864 -2.141 8.664
304.600 2.000 9.083 -0.471 -0.935 9.153
304.600 2.100 6.948 -2.462 -0.475 7.399
304.600 2.200 5.141 -2.557 -0.64 5.789
304.600 2.300 3.608 -2.552 -1.223 4.595
304.600 2.400 2.35 -1.778 -2.022 3.581
304.600 2.500 1.928 -0.888 -2.681 3.423
304.600 2.600 2.056 -0.335 -3.017 3.669
304.600 2.700 2.248 -0.579 -3.092 3.871
304.600 2.800 1.699 -1.133 -2.949 3.591
304.600 2.900 0.857 -1.222 -2.826 3.2
304.600 3.000 0.576 -1.073 -2.971 3.214
304.600 3.100 0.539 -1.128 -3.369 3.597
304.600 3.200 0.69 -0.957 -3.834 4.014
304.600 3.300 1.394 -1.051 -4.305 4.65
304.600 3.400 1.844 -1.965 -4.695 5.42
304.600 3.500 1.215 -2.943 -4.737 5.716
304.600 3.600 0.191 -3.508 -4.703 5.881
304.600 3.700 -1.542 -4.129 -4.77 6.508
304.600 3.800 -4.244 -3.854 -4.939 7.582
304.600 3.900 -6.131 -2.009 -4.855 8.088
304.600 4.000 -6.651 -0.466 -4.24 7.914
304.600 4.100 -6.764 2.141 -3.659 7.993
304.600 4.200 -3.575 4.913 -3.69 7.112
304.600 4.300 0.789 5.169 -4.137 6.667
304.600 4.400 4.388 4.647 -4.831 8.015
304.600 4.500 8.464 3.692 -5.558 10.789
304.600 4.600 10.593 -0.095 -6.371 12.381
304.600 4.700 8.532 -2.415 -7.322 11.524
304.600 4.800 6.375 -3.653 -7.365 10.432
304.600 4.900 2.253 -5.185 -6.173 8.411
304.600 5.000 -3.009 -4.101 -4.276 6.69
304.600 5.100 -5.224 -1.239 -2.545 5.978
304.600 5.200 -5.92 -0.071 -1.178 6.069
304.600 5.300 -6.086 2.289 -0.286 6.531
304.600 5.400 -3.095 3.579 -0.093 4.741
304.600 5.500 -0.678 3.205 -0.491 3.315
304.600 5.600 1.277 2.85 -1.631 3.533
304.600 5.700 3.196 1.879 -3.187 4.921
304.600 5.800 4.121 0.338 -4.499 6.16
304.600 5.900 4.508 -0.713 -5.627 7.306
304.600 6.000 4.503 -2.331 -6.46 8.286
304.600 6.100 3.058 -3.557 -6.48 8.086
304.600 6.200 1.543 -4.291 -6.326 7.893
304.600 6.300 -0.812 -5.054 -6.135 8.093
304.600 6.400 -3.834 -4.581 -5.808 8.435
304.600 6.500 -5.964 -3.002 -5.001 8.439
304.600 6.600 -7.565 -1.472 -3.82 8.688
304.600 6.700 -8.248 1.46 -2.716 8.876
304.600 6.800 -6.247 3.371 -1.605 7.335
304.600 6.900 -4.411 3.172 -0.924 5.567
304.600 7.000 -2.673 2.446 -1.083 3.847
304.600 7.100 -1.538 0.814 -1.726 2.559
304.600 7.200 -1.725 -0.918 -2.427 3.251
304.600 7.300 -3.139 -2.027 -3.122 4.998
304.600 7.400 -4.667 -1.713 -3.71 6.326
304.600 7.500 -5.047 -1.6 -4.208 6.886
304.600 7.600 -6.078 -1.961 -5.055 8.263
304.600 7.700 -6.925 -2.098 -6.205 9.645
304.600 7.800 -8.603 -2.173 -8.016 12.061
304.600 7.900 -9.296 -0.143 -9.568 13.438
304.600 8.000 -8.077 1.138 -10.256 13.194
304.600 8.100 -6.709 3.189 -10.934 13.298
304.600 8.200 -2.433 5.233 -11.464 12.899
304.600 8.300 2.504 4.268 -11.595 12.642
304.600 8.400 4.205 2.064 -11.324 12.272
304.600 8.500 4.746 1.255 -10.639 11.731
304.600 8.600 4.528 -0.399 -10.163 11.165
304.600 8.700 2.711 -1.001 -10.094 10.57
304.600 8.800 1.295 -1.273 -9.604 9.912
304.600 8.900 -0.675 -2.125 -8.601 9.124
304.600 9.000 -2.817 -2.964 -7.98 9.301
304.600 9.100 -4.852 -4.414 -8.637 11.251
304.600 9.200 -7.827 -6.106 -11.312 15.507
304.600 9.300 -10.154 -6.349 -15.393 20.025
304.600 9.400 -11.015 -7.615 -20.803 25.39
304.600 9.500 -13.177 -9.072 -26.321 31.639
304.600 9.600 -16.121 -10.26 -27.195 34.184
304.600 9.700 -21.099 -10.778 -25.917 36.198
304.600 9.800 -26.035 -10.411 -22.65 37.156
304.600 9.900 -34.495 -10.825 -17.145 40.949
304.600 10.000 -41.538 -4.856 -7.167 43.447
304.600 10.100 -42.598 -1.993 10.597 45.671
304.600 10.200 -46.89 4.33 33.773 61.566
304.600 10.300 -44.201 11.738 63.008 83.896
304.600 10.400 -46.237 17.594 101.785 121.347
304.600 10.500 -39.525 39.383 144.837 163.207
304.600 10.600 -16.989 73.869 185.541 203.664
304.600 10.700 37.575 133.619 204.535 247.356
304.600 10.800 167.845 175.194 191.712 315.43
304.600 10.900 307.798 89.061 163.36 373.771
304.600 11.000 263.009 -36.189 116.174 313.191
304.600 11.100 179.083 -60.923 69.804 232.008
304.600 11.200 122.231 -76.123 36.488 168.494
304.600 11.300 68.756 -75.851 13.535 108.714
304.600 11.400 32.199 -65.687 -0.908 73.556
304.600 11.500 4.503 -54.415 -9.359 55.682
304.600 11.600 -15.534 -36.41 -14.558 43.018
304.600 11.700 -19.392 -18.805 -13.76 31.598
304.600 11.800 -17.558 -12.051 -10.914 25.134
304.600 11.900 -17.063 -9.243 -7.749 21.927
304.600 12.000 -18.721 -8.181 -3.558 21.552
304.600 12.100 -20.57 -3.843 -0.571 21.549
304.600 12.200 -17.798 -0.816 0.157 18.341
304.600 12.300 -16.336 0.42 0.284 16.789
304.600 12.400 -13.394 2.028 0.465 13.954
304.600 12.500 -10.778 1.292 0.442 11.186
304.600 12.600 -9.258 0.861 0.014 9.53
304.600 12.700 -8.181 -0.035 -0.377 8.365
304.600 12.800 -7.89 -0.153 -0.453 8.047
304.600 12.900 -6.909 -0.27 -0.738 7.074
304.600 13.000 -6.739 -0.808 -0.898 6.942
304.600 13.100 -6.924 -1.111 -1.192 7.192
304.600 13.200 -7.927 -1.401 -1.931 8.348
304.600 13.300 -8.659 -0.705 -2.796 9.193
304.600 13.400 -8.946 -0.611 -3.792 9.797
304.600 13.500 -9.287 0.458 -4.912 10.576
304.600 13.600 -7.795 1.2 -5.648 9.759
304.600 13.700 -6.575 0.721 -6.39 9.251
304.600 13.800 -5.571 0.454 -6.945 8.965
304.600 13.900 -4.816 -0.106 -7.304 8.795
304.600 14.000 -4.748 -0.486 -7.385 8.834
304.600 14.100 -5.274 -0.533 -7.051 8.858
304.600 14.200 -5.843 0.215 -6.582 8.839
304.600 14.300 -5.511 0.772 -6.139 8.319
304.600 14.400 -5.488 0.914 -5.861 8.112
304.600 14.500 -4.764 1.166 -5.698 7.547
304.600 14.600 -4.062 0.26 -5.757 7.077
304.600 14.700 -4.579 -0.816 -6.033 7.641
304.600 14.800 -6.247 -0.968 -6.374 8.997
304.600 14.900 -7.49 1.391 -6.338 9.931
304.600 15.000 -5.629 3.869 -5.188 8.601
304.700 0.000 -4.458 -1.817 -3.184 5.774
304.700 0.100 -6.376 1.331 -3.488 7.392
304.700 0.200 -3.395 5.301 -1.994 6.609
304.700 0.300 1.7 4.94 0.268 5.24
304.700 0.400 3.832 1.738 1.055 4.348
304.700 0.500 3.36 -0.261 0.352 3.398
304.700 0.600 2.611 -1.459 -0.437 3.029
304.700 0.700 1.186 -2.249 -1.066 2.762
304.700 0.800 -0.274 -2.398 -1.404 2.796
304.700 0.900 -1.424 -2.489 -1.742 3.36
304.700 1.000 -2.877 -2.39 -2.154 4.321
304.700 1.100 -3.686 -1.343 -2.769 4.805
304.700 1.200 -3.766 -0.504 -3.787 5.367
304.700 1.300 -3.52 1.301 -4.629 5.961
304.700 1.400 -1.248 3.178 -4.527 5.672
304.700 1.500 1.513 3.669 -4.023 5.653
304.700 1.600 3.56 3.71 -3.129 6.023
304.700 1.700 5.878 3.406 -1.632 6.994
304.700 1.800 7.105 1.502 -0.118 7.273
304.700 1.900 6.846 0.33 1.215 6.974
304.700 2.000 6.616 -1.084 2.254 7.088
304.700 2.100 5.049 -2.17 2.096 5.897
304.700 2.200 3.73 -1.958 1.521 4.495
304.700 2.300 2.85 -1.51 0.484 3.276
304.700 2.400 2.418 -0.789 -0.809 2.678
304.700 2.500 2.456 -0.272 -1.741 3.028
304.700 2.600 2.783 0.032 -2.289 3.609
304.700 2.700 3.117 -0.408 -2.705 4.152
304.700 2.800 2.466 -1.02 -3.08 4.081
304.700 2.900 1.705 -1.01 -3.521 4.044
304.700 3.000 1.435 -0.845 -3.814 4.165
304.700 3.100 1.471 -0.8 -4.015 4.353
304.700 3.200 1.746 -0.731 -4.129 4.545
304.700 3.300 2.497 -0.836 -4.048 4.835
304.700 3.400 3.122 -1.859 -3.981 5.398
304.700 3.500 2.255 -2.932 -4.068 5.51
304.700 3.600 1.066 -3.313 -4.36 5.59
304.700 3.700 -0.432 -3.684 -4.904 6.161
304.700 3.800 -2.464 -3.356 -5.635 7.017
304.700 3.900 -3.998 -2.056 -6.206 7.673
304.700 4.000 -5.043 -0.873 -6.458 8.251
304.700 4.100 -5.682 1.618 -6.266 8.619
304.700 4.200 -2.744 4.342 -5.039 7.197
304.700 4.300 1.295 4.791 -3.5 6.074
304.700 4.400 4.691 4.656 -2.459 7.058
304.700 4.500 8.711 4.014 -2.103 9.833
304.700 4.600 11.114 0.624 -2.301 11.388
304.700 4.700 10.081 -1.469 -2.939 10.628
304.700 4.800 9.147 -3.342 -4.106 10.599
304.700 4.900 4.804 -5.604 -5.044 8.98
304.700 5.000 -0.501 -4.689 -6 7.672
304.700 5.100 -3.175 -2.418 -5.892 7.152
304.700 5.200 -4.489 -0.969 -4.97 6.8
304.700 5.300 -4.924 1.412 -4.135 6.607
304.700 5.400 -3.191 2.966 -3.039 5.327
304.700 5.500 -1.461 3.408 -2.413 4.434
304.700 5.600 0.998 3.791 -2.469 4.643
304.700 5.700 3.9 2.944 -2.871 5.691
304.700 5.800 5.32 1.136 -3.385 6.446
304.700 5.900 5.981 0.067 -3.862 7.169
304.700 6.000 6.327 -1.877 -4.331 7.955
304.700 6.100 4.73 -3.338 -4.99 7.719
304.700 6.200 3.202 -4.165 -5.575 7.747
304.700 6.300 0.874 -5.089 -5.829 7.884
304.700 6.400 -2.007 -4.82 -5.898 7.976
304.700 6.500 -4.363 -3.771 -5.729 8.225
304.700 6.600 -6.773 -2.481 -5.179 8.968
304.700 6.700 -8.149 0.632 -4.478 9.396
304.700 6.800 -6.272 2.795 -4.039 8.038
304.700 6.900 -4.48 2.948 -3.746 6.617
304.700 7.000 -2.764 2.635 -3.586 5.324
304.700 7.100 -1.434 1.308 -3.731 4.315
304.700 7.200 -1.266 -0.288 -4.157 4.482
304.700 7.300 -2.091 -1.28 -4.769 5.492
304.700 7.400 -2.999 -1.141 -5.438 6.44
304.700 7.500 -3.211 -0.862 -6.091 7.064
304.700 7.600 -3.487 -0.826 -7.094 8.07
304.700 7.700 -3.741 -0.65 -8.391 9.327
304.700 7.800 -4.12 -0.306 -10.032 10.959
304.700 7.900 -4.119 0.746 -11.416 12.259
304.700 8.000 -3.617 1.636 -12.221 12.938
304.700 8.100 -2.657 3.134 -12.375 13.114
304.700 8.200 0.503 4.359 -10.991 11.893
304.700 8.300 3.903 3.337 -9.133 10.516
304.700 8.400 5.032 1.454 -7.917 9.516
304.700 8.500 5.358 0.701 -7.193 9.006
304.700 8.600 5.145 -0.518 -6.894 8.634
304.700 8.700 3.892 -0.953 -7.036 8.169
304.700 8.800 3.055 -1.488 -7.293 8.186
304.700 8.900 1.31 -2.303 -7.716 8.38
304.700 9.000 -0.345 -2.429 -8.44 9.104
304.700 9.100 -1.063 -2.407 -9.947 10.708
304.700 9.200 -0.926 -2.478 -12.717 13.516
304.700 9.300 -0.045 -2.394 -16.018 16.85
304.700 9.400 2.576 -2.366 -19.539 20.682
304.700 9.500 5.393 -5.835 -23.271 25.624
304.700 9.600 1.979 -9.776 -25.737 28.875
304.700 9.700 -2.4 -11.159 -27.798 31.566
304.700 9.800 -6.974 -13.385 -27.301 32.691
304.700 9.900 -13.27 -15.329 -24.855 33.384
304.700 10.000 -20.772 -17.226 -18.712 34.434
304.700 10.100 -32.491 -20.694 -5.843 41.32
304.700 10.200 -47.323 -19.121 11.595 55.868
304.700 10.300 -54.598 -19.546 37.336 74.707
304.700 10.400 -71.868 -24.6 72.989 115.728
304.700 10.500 -95.21 -16.283 127.929 173.625
304.700 10.600 -120.695 20.807 201.872 244.152
304.700 10.700 -97.485 115.864 255.649 299.059
304.700 10.800 22.611 176.119 270.71 325.28
304.700 10.900 141.963 122.184 264.95 331.056
304.700 11.000 162.169 37.739 202.497 275.291
304.700 11.100 147.957 -3.229 120.327 204.96
304.700 11.200 119.732 -41.053 65.036 152.852
304.700 11.300 77.993 -52.92 32.585 104.791
304.700 11.400 47.707 -52.035 10.427 74.048
304.700 11.500 20.539 -46.178 -2.595 52.346
304.700 11.600 1.842 -32.613 -10.574 35.813
304.700 11.700 -4.765 -19.812 -13.571 26.103
304.700 11.800 -6.617 -13.935 -13.425 21.98
304.700 11.900 -9.034 -11.96 -12.213 20.637
304.700 12.000 -13.955 -10.792 -10.915 21.818
304.700 12.100 -18.006 -5.622 -9.659 22.069
304.700 12.200 -16.424 -2.041 -7.377 18.793
304.700 12.300 -15.849 -0.199 -5.589 17.299
304.700 12.400 -13.368 1.857 -5.212 14.883
304.700 12.500 -11.483 1.199 -5.177 13.005
304.700 12.600 -10.023 1.249 -5.138 11.618
304.700 12.700 -8.448 -0.008 -5.18 10.139
304.700 12.800 -8.371 -0.344 -4.823 9.848
304.700 12.900 -7.272 -0.537 -3.926 8.426
304.700 13.000 -7.188 -0.87 -3.145 8.006
304.700 13.100 -7.033 -0.537 -3.325 7.894
304.700 13.200 -7.243 -0.488 -4.149 8.446
304.700 13.300 -7.254 0.332 -5.237 9.033
304.700 13.400 -6.863 0.515 -6.545 9.573
304.700 13.500 -6.686 1.276 -7.575 10.254
304.700 13.600 -4.96 1.714 -8.058 9.682
304.700 13.700 -3.677 1.063 -8.236 9.142
304.700 13.800 -2.825 0.527 -8.103 8.651
304.700 13.900 -2.305 -0.121 -7.804 8.185
304.700 14.000 -2.419 -0.648 -7.579 8.024
304.700 14.100 -3.091 -0.755 -7.457 8.145
304.700 14.200 -3.699 -0.099 -7.35 8.264
304.700 14.300 -3.546 0.527 -7.124 8.009
304.700 14.400 -3.344 0.822 -7.044 7.873
304.700 14.500 -2.792 1.026 -6.96 7.6
304.700 14.600 -2.233 0.403 -6.973 7.361
304.700 14.700 -2.548 -0.598 -7.154 7.642
304.700 14.800 -3.92 -0.893 -7.234 8.298
304.700 14.900 -5.012 0.739 -6.843 8.537
304.700 15.000 -3.781 2.514 -5.759 7.356
304.800 0.000 -2.593 -0.979 -3.845 4.741
304.800 0.100 -3.493 0.843 -4.088 5.445
304.800 0.200 -2.235 2.964 -2.708 4.599
304.800 0.300 -0.089 3.009 -0.581 3.072
304.800 0.400 1.255 1.804 0.391 2.242
304.800 0.500 1.782 0.529 0.007 1.867
304.800 0.600 1.715 -0.603 -0.801 1.992
304.800 0.700 1.061 -1.485 -1.765 2.542
304.800 0.800 0.11 -1.854 -2.64 3.229
304.800 0.900 -0.609 -1.948 -3.269 3.855
304.800 1.000 -1.516 -1.816 -3.914 4.575
304.800 1.100 -1.884 -0.814 -4.302 4.768
304.800 1.200 -1.323 0.139 -4.37 4.569
304.800 1.300 -0.533 1.24 -4.255 4.464
304.800 1.400 0.857 2.431 -3.532 4.374
304.800 1.500 2.752 2.732 -2.552 4.645
304.800 1.600 3.966 2.359 -1.278 4.795
304.800 1.700 5.116 1.867 0.134 5.458
304.800 1.800 5.448 0.246 1.372 5.635
304.800 1.900 4.462 -0.786 2.382 5.134
304.800 2.000 3.562 -1.376 2.906 4.815
304.800 2.100 2.421 -1.73 2.734 4.06
304.800 2.200 1.413 -1.233 2.211 2.92
304.800 2.300 1.4 -0.228 1.284 1.932
304.800 2.400 2.214 0.388 0.161 2.266
304.800 2.500 2.864 0.425 -0.709 2.99
304.800 2.600 3.236 0.531 -1.341 3.55
304.800 2.700 3.662 0.121 -1.967 4.166
304.800 2.800 3.37 -0.389 -2.683 4.331
304.800 2.900 3.103 -0.458 -3.424 4.648
304.800 3.000 2.919 -0.59 -3.927 4.933
304.800 3.100 2.87 -0.661 -4.17 5.11
304.800 3.200 2.993 -0.903 -4.101 5.162
304.800 3.300 3.201 -1.201 -3.656 5.013
304.800 3.400 3.312 -1.961 -3.252 5.049
304.800 3.500 2.585 -2.637 -3.306 4.969
304.800 3.600 1.746 -2.732 -3.783 4.994
304.800 3.700 0.662 -2.813 -4.691 5.52
304.800 3.800 -0.775 -2.405 -5.927 6.453
304.800 3.900 -1.674 -1.361 -7.003 7.336
304.800 4.000 -1.8 -0.452 -7.662 7.89
304.800 4.100 -1.643 0.778 -7.514 7.735
304.800 4.200 -0.368 2.111 -5.591 5.99
304.800 4.300 1.567 2.664 -2.859 4.213
304.800 4.400 3.708 3.025 -0.211 4.799
304.800 4.500 6.94 3.033 2.269 7.924
304.800 4.600 9.095 0.762 3.42 9.772
304.800 4.700 8.419 -0.437 2.597 8.849
304.800 4.800 8.302 -1.72 1.082 8.577
304.800 4.900 5.841 -3.378 -1.668 6.987
304.800 5.000 3.193 -3.065 -4.598 6.418
304.800 5.100 0.96 -2.71 -5.905 6.604
304.800 5.200 -1.498 -1.646 -5.815 6.261
304.800 5.300 -2.584 0.564 -5.328 5.976
304.800 5.400 -1.682 2.13 -4.621 5.381
304.800 5.500 -0.46 2.907 -3.938 4.933
304.800 5.600 1.465 3.467 -3.187 4.946
304.800 5.700 3.774 2.888 -2.57 5.425
304.800 5.800 5.09 1.438 -2.412 5.846
304.800 5.900 5.766 0.344 -2.577 6.368
304.800 6.000 6.038 -1.308 -2.915 6.885
304.800 6.100 5.175 -2.562 -3.5 6.819
304.800 6.200 4.321 -3.539 -4.19 7.059
304.800 6.300 2.151 -4.648 -5.002 7.247
304.800 6.400 -0.6 -4.47 -5.837 7.469
304.800 6.500 -2.783 -3.653 -6.484 8.038
304.800 6.600 -5.013 -2.566 -7.012 9.083
304.800 6.700 -6.347 0.17 -7.153 9.646
304.800 6.800 -4.9 2.184 -6.427 8.451
304.800 6.900 -3.421 2.565 -5.711 7.217
304.800 7.000 -1.849 2.537 -5.386 6.323
304.800 7.100 -0.478 1.499 -5.357 5.686
304.800 7.200 -0.147 0.071 -5.504 5.621
304.800 7.300 -0.731 -0.781 -5.784 6.001
304.800 7.400 -1.351 -0.614 -6.162 6.457
304.800 7.500 -1.284 -0.143 -6.64 6.882
304.800 7.600 -1.062 0.243 -7.411 7.607
304.800 7.700 -0.676 0.757 -8.569 8.74
304.800 7.800 -0.105 1.227 -10.037 10.219
304.800 7.900 0.659 1.764 -11.223 11.479
304.800 8.000 1.939 2.322 -11.937 12.402
304.800 8.100 3.371 2.265 -11.836 12.589
304.800 8.200 4.217 2.11 -9.928 11.056
304.800 8.300 5.347 1.485 -7.704 9.548
304.800 8.400 5.237 0.168 -5.978 7.994
304.800 8.500 4.625 -0.09 -4.692 6.633
304.800 8.600 4.237 -0.33 -4.408 6.185
304.800 8.700 3.701 -0.397 -5.181 6.481
304.800 8.800 3.406 -0.803 -6.117 7.201
304.800 8.900 2.657 -1.374 -7.224 8.038
304.800 9.000 1.973 -1.334 -8.386 9.028
304.800 9.100 2.285 -0.781 -9.421 10.16
304.800 9.200 3.972 -0.238 -10.513 11.814
304.800 9.300 6.258 -0.149 -11.812 14.06
304.800 9.400 9.645 -0.035 -13.14 17.117
304.800 9.500 13.527 -3.276 -14.548 21.151
304.800 9.600 13.453 -6.589 -17.079 24.178
304.800 9.700 14.642 -8.974 -20.045 28.265
304.800 9.800 11.31 -14.623 -21.059 29.926
304.800 9.900 5.341 -17.496 -20.528 29.19
304.800 10.000 -1.254 -23.73 -18.416 31.725
304.800 10.100 -14.019 -30.485 -13.822 38.272
304.800 10.200 -28.614 -36.055 -5.103 48.235
304.800 10.300 -46.113 -46.901 13.68 73.475
304.800 10.400 -77.968 -63.857 41.867 126.334
304.800 10.500 -136.249 -80.117 84.481 200.025
304.800 10.600 -240.781 -56.935 148.93 302.534
304.800 10.700 -275.649 81.745 209.354 362.955
304.800 10.800 -141.614 165.517 240.054 326.255
304.800 10.900 -22.643 144.411 251.381 293.218
304.800 11.000 47.959 108.533 216.711 251.144
304.800 11.100 104.224 64.958 155.368 201.172
304.800 11.200 109.493 1.836 100.247 152.88
304.800 11.300 77.32 -23.187 59.085 105.221
304.800 11.400 54.95 -31.885 30.295 74.84
304.800 11.500 31.401 -32.858 9.678 49.082
304.800 11.600 15.574 -25.134 -3.938 31.842
304.800 11.700 8.201 -17.581 -10.076 23.967
304.800 11.800 4.627 -13.462 -12.54 21.095
304.800 11.900 0.78 -12.468 -13.482 20.163
304.800 12.000 -4.648 -10.917 -13.685 19.508
304.800 12.100 -8.714 -6.863 -13.807 18.799
304.800 12.200 -10.337 -3.843 -13.162 17.994
304.800 12.300 -12.059 -1.046 -12.837 18.256
304.800 12.400 -9.724 1.77 -12.297 16.271
304.800 12.500 -7.217 1.161 -12.05 14.505
304.800 12.600 -5.864 0.647 -11.362 13.137
304.800 12.700 -4.735 -0.562 -10.018 11.361
304.800 12.800 -4.873 -1.394 -8.89 10.441
304.800 12.900 -5.475 -1.924 -7.387 9.554
304.800 13.000 -6.875 -1.457 -6.288 9.554
304.800 13.100 -6.498 -0.035 -6.075 9.004
304.800 13.200 -5.838 0.408 -6.634 8.943
304.800 13.300 -5.044 1.491 -7.552 9.293
304.800 13.400 -3.478 1.837 -8.748 9.675
304.800 13.500 -2.34 1.825 -9.733 10.25
304.800 13.600 -0.988 1.657 -9.604 9.863
304.800 13.700 0.056 0.875 -9.293 9.394
304.800 13.800 0.273 -0.042 -8.682 8.738
304.800 13.900 0.017 -0.557 -7.971 8.037
304.800 14.000 -0.429 -0.86 -7.594 7.696
304.800 14.100 -1.115 -0.824 -7.444 7.61
304.800 14.200 -1.625 -0.219 -7.373 7.588
304.800 14.300 -1.545 0.422 -7.314 7.522
304.800 14.400 -1.297 0.815 -7.327 7.519
304.800 14.500 -0.748 1.039 -7.397 7.538
304.800 14.600 -0.132 0.581 -7.579 7.631
304.800 14.700 -0.22 -0.393 -7.848 7.886
304.800 14.800 -1.262 -0.879 -8.087 8.255
304.800 14.900 -2.214 -0.042 -7.827 8.157
304.800 15.000 -1.717 0.985 -6.38 6.702
304.900 0.000 -0.944 -0.266 -4.115 4.231
304.900 0.100 -1.453 0.397 -4.397 4.648
304.900 0.200 -1.098 1.221 -3.38 3.759
304.900 0.300 -0.498 1.464 -1.818 2.388
304.900 0.400 0.256 1.568 -0.972 1.866
304.900 0.500 1.21 1.118 -1.138 2.005
304.900 0.600 1.752 0.247 -1.806 2.531
304.900 0.700 1.891 -0.524 -2.593 3.253
304.900 0.800 1.83 -1.118 -3.379 4.003
304.900 0.900 1.435 -1.471 -3.798 4.319
304.900 1.000 1.085 -1.336 -4.118 4.464
304.900 1.100 0.814 -1.008 -4.076 4.277
304.900 1.200 0.692 -0.269 -3.455 3.534
304.900 1.300 1.052 0.573 -2.678 2.934
304.900 1.400 1.818 1.422 -1.686 2.862
304.900 1.500 3.14 1.587 -0.471 3.557
304.900 1.600 3.572 1.044 0.672 3.792
304.900 1.700 3.875 0.678 1.779 4.33
304.900 1.800 3.673 -0.569 2.535 4.514
304.900 1.900 2.357 -1.284 2.797 3.894
304.900 2.000 1.305 -1.344 2.804 3.391
304.900 2.100 0.488 -1.245 2.361 2.733
304.900 2.200 -0.158 -0.607 1.764 1.893
304.900 2.300 0.265 0.525 1.3 1.446
304.900 2.400 1.497 1.073 0.97 2.096
304.900 2.500 2.49 1.107 0.539 2.79
304.900 2.600 3.373 1.291 -0.171 3.626
304.900 2.700 4.336 0.87 -0.992 4.541
304.900 2.800 4.331 0.412 -1.823 4.724
304.900 2.900 4.474 0.304 -2.771 5.278
304.900 3.000 4.567 -0.106 -3.507 5.765
304.900 3.100 4.678 -0.451 -3.992 6.172
304.900 3.200 4.633 -1.255 -3.976 6.24
304.900 3.300 4.143 -1.794 -3.337 5.623
304.900 3.400 3.699 -2.249 -2.799 5.167
304.900 3.500 2.726 -2.495 -2.643 4.557
304.900 3.600 1.908 -2.054 -2.974 4.098
304.900 3.700 1.485 -1.45 -4.083 4.589
304.900 3.800 1.389 -0.876 -5.799 6.035
304.900 3.900 1.494 -0.536 -7.109 7.291
304.900 4.000 1.727 -0.273 -7.447 7.656
304.900 4.100 2.063 -0.341 -6.897 7.215
304.900 4.200 1.885 -0.479 -4.988 5.364
304.900 4.300 1.777 -0.295 -2.138 2.809
304.900 4.400 1.757 -0.137 1.089 2.098
304.900 4.500 1.77 0.206 4.503 4.873
304.900 4.600 2.177 0.721 6.305 6.737
304.900 4.700 3.229 1.045 5.376 6.384
304.900 4.800 4.265 0.499 3.522 5.579
304.900 4.900 4.371 -0.185 0.86 4.485
304.900 5.000 4.479 -0.6 -1.908 4.932
304.900 5.100 3.458 -1.607 -3.996 5.555
304.900 5.200 1.346 -1.299 -5.401 5.748
304.900 5.300 0.257 0.117 -5.799 5.833
304.900 5.400 0.524 1.315 -5.066 5.285
304.900 5.500 1.259 2.085 -4.135 4.82
304.900 5.600 2.424 2.608 -3.208 4.812
304.900 5.700 4.048 2.363 -2.434 5.304
304.900 5.800 5.035 1.279 -1.962 5.585
304.900 5.900 5.63 0.491 -1.787 5.965
304.900 6.000 5.977 -0.939 -1.961 6.408
304.900 6.100 5.023 -2.029 -2.437 5.998
304.900 6.200 4.116 -2.722 -3.183 5.941
304.900 6.300 2.611 -3.478 -4.365 6.24
304.900 6.400 0.77 -3.407 -5.712 6.78
304.900 6.500 -0.779 -2.856 -6.834 7.534
304.900 6.600 -2.252 -1.928 -7.676 8.314
304.900 6.700 -3.03 -0.019 -8.028 8.663
304.900 6.800 -2.32 1.496 -7.768 8.327
304.900 6.900 -1.412 2.057 -7.367 7.863
304.900 7.000 -0.092 2.234 -6.879 7.321
304.900 7.100 1.208 1.439 -6.557 6.917
304.900 7.200 1.547 0.134 -6.433 6.721
304.900 7.300 1.048 -0.57 -6.408 6.624
304.900 7.400 0.591 -0.397 -6.477 6.623
304.900 7.500 0.647 0.215 -6.499 6.643
304.900 7.600 1.145 1.001 -6.821 7.094
304.900 7.700 2.158 1.969 -7.574 8.218
304.900 7.800 3.953 2.577 -8.792 10.074
304.900 7.900 5.391 2.245 -9.498 11.238
304.900 8.000 6.588 2.333 -9.194 11.629
304.900 8.100 7.919 1.212 -8.469 11.729
304.900 8.200 7.001 0.076 -7.195 10.103
304.900 8.300 6.306 -0.266 -5.63 8.515
304.900 8.400 5.099 -1.076 -4.5 6.942
304.900 8.500 3.441 -0.818 -3.833 5.283
304.900 8.600 2.92 0.214 -3.918 4.984
304.900 8.700 3.632 0.69 -4.883 6.249
304.900 8.800 4.373 0.283 -6.01 7.598
304.900 8.900 4.656 -0.188 -7.109 8.711
304.900 9.000 5.094 -0.414 -8.122 9.885
304.900 9.100 5.639 -0.438 -8.32 10.479
304.900 9.200 6.973 0.101 -7.981 11.185
304.900 9.300 9.201 0.413 -7.693 12.679
304.900 9.400 12.911 0.654 -7.546 15.708
304.900 9.500 17.243 -2.459 -7.598 20.019
304.900 9.600 17.642 -5.65 -6.947 21.508
304.900 9.700 19.599 -7.78 -6.235 24.448
304.900 9.800 18.443 -12.839 -8.098 26.521
304.900 9.900 15.94 -16.415 -11.847 27.925
304.900 10.000 11.956 -25.178 -13.515 32.472
304.900 10.100 1.821 -34.01 -12.156 37.558
304.900 10.200 -10.286 -44.948 -8.854 47.986
304.900 10.300 -32.603 -62.762 -2.341 80.43
304.900 10.400 -71.239 -85.093 5.836 133.314
304.900 10.500 -137.987 -109.527 14.267 202.203
304.900 10.600 -254.124 -96.303 20.281 296.17
304.900 10.700 -314.475 25.357 56.161 340.33
304.900 10.800 -233.88 107.789 145.993 301.326
304.900 10.900 -155.961 133.567 213.005 295.991
304.900 11.000 -67.531 150.39 205.891 263.914
304.900 11.100 21.99 115.593 163.714 201.74
304.900 11.200 59.155 51.043 117.347 142.471
304.900 11.300 56.676 13.339 73.746 97.357
304.900 11.400 48.761 -6.788 42.68 68.654
304.900 11.500 36.044 -14.718 21.578 47.197
304.900 11.600 28.02 -14.454 6.63 34.668
304.900 11.700 20.317 -13.232 -1.382 27.025
304.900 11.800 15.712 -10.52 -6.215 22.699
304.900 11.900 11.012 -11.424 -9.475 20.613
304.900 12.000 3.978 -10.048 -11.382 17.247
304.900 12.100 -0.273 -6.278 -13.002 15.618
304.900 12.200 -1.555 -3.069 -14.473 15.772
304.900 12.300 -1.63 -0.817 -15.872 16.647
304.900 12.400 -0.522 0.747 -15.27 15.807
304.900 12.500 1.341 0.7 -14.26 14.742
304.900 12.600 1.861 -0.905 -13.171 13.655
304.900 12.700 0.851 -1.965 -11.557 12.011
304.900 12.800 -0.279 -2.649 -10.33 10.873
304.900 12.900 -1.97 -3.025 -9.295 10.134
304.900 13.000 -3.735 -2.025 -8.66 9.779
304.900 13.100 -3.799 -0.239 -8.094 9.059
304.900 13.200 -3.034 0.867 -7.885 8.594
304.900 13.300 -1.73 2.194 -8.149 8.707
304.900 13.400 0.732 2.876 -8.725 9.297
304.900 13.500 2.867 1.987 -9.157 9.87
304.900 13.600 3.384 1.178 -8.745 9.513
304.900 13.700 4.04 0.483 -8.306 9.304
304.900 13.800 3.461 -0.751 -7.862 8.671
304.900 13.900 2.315 -0.994 -7.498 7.953
304.900 14.000 1.547 -1.041 -7.35 7.622
304.900 14.100 0.79 -0.881 -7.306 7.439
304.900 14.200 0.316 -0.28 -7.284 7.33
304.900 14.300 0.437 0.41 -7.199 7.258
304.900 14.400 0.856 0.899 -7.253 7.39
304.900 14.500 1.508 1.185 -7.376 7.651
304.900 14.600 2.38 0.896 -7.697 8.134
304.900 14.700 2.65 -0.172 -7.996 8.449
304.900 14.800 2.132 -0.767 -8.04 8.376
304.900 14.900 1.64 -0.921 -7.673 7.92
304.900 15.000 0.871 -0.849 -6.169 6.308
305.000 0.000 0.906 0.611 -4.364 4.499
305.000 0.100 1.133 0.161 -4.897 5.03
305.000 0.200 0.673 -0.316 -3.935 4.005
305.000 0.300 -0.044 0.132 -2.337 2.341
305.000 0.400 0.282 1.317 -1.535 2.044
305.000 0.500 1.746 1.674 -1.811 3.024
305.000 0.600 2.927 0.815 -2.371 3.857
305.000 0.700 3.318 -0.02 -2.577 4.205
305.000 0.800 3.667 -0.725 -2.719 4.625
305.000 0.900 3.244 -1.363 -2.774 4.483
305.000 1.000 2.889 -1.284 -2.687 4.152
305.000 1.100 2.452 -1.399 -2.486 3.764
305.000 1.200 1.664 -0.965 -2.083 2.837
305.000 1.300 1.384 -0.316 -1.395 1.993
305.000 1.400 1.422 0.197 -0.362 1.486
305.000 1.500 1.676 0.389 0.873 1.943
305.000 1.600 1.721 0.203 1.693 2.437
305.000 1.700 1.56 -0.107 2.262 2.767
305.000 1.800 1.151 -0.698 2.469 2.83
305.000 1.900 0.212 -1.217 2.225 2.562
305.000 2.000 -0.733 -1.003 1.93 2.314
305.000 2.100 -0.901 -0.662 1.432 1.836
305.000 2.200 -1.021 -0.219 1.115 1.546
305.000 2.300 -0.512 0.67 1.049 1.362
305.000 2.400 0.504 1.129 1.17 1.718
305.000 2.500 1.463 1.412 1.274 2.414
305.000 2.600 2.692 1.775 1.242 3.469
305.000 2.700 4.04 1.613 0.964 4.469
305.000 2.800 4.784 1.554 -0.016 5.04
305.000 2.900 6.06 1.364 -1.308 6.356
305.000 3.000 6.545 0.458 -2.084 6.893
305.000 3.100 7.012 0.005 -2.604 7.489
305.000 3.200 6.962 -1.662 -2.783 7.69
305.000 3.300 5.239 -2.502 -2.295 6.256
305.000 3.400 3.978 -2.564 -1.903 5.115
305.000 3.500 2.712 -2.397 -1.888 4.096
305.000 3.600 1.802 -1.4 -2.254 3.218
305.000 3.700 2.062 0.004 -3.218 3.828
305.000 3.800 3.497 0.766 -4.633 5.861
305.000 3.900 4.659 0.254 -5.8 7.451
305.000 4.000 4.921 -0.24 -6.369 8.061
305.000 4.100 5.103 -1.451 -6.136 8.123
305.000 4.200 3.746 -2.909 -4.394 6.483
305.000 4.300 1.813 -3.211 -1.806 4.133
305.000 4.400 -0.134 -3.208 0.838 3.356
305.000 4.500 -2.693 -2.509 3.272 4.96
305.000 4.600 -3.774 0.252 4.79 6.13
305.000 4.700 -1.584 2.109 4.993 5.666
305.000 4.800 0.603 2.388 4.153 4.845
305.000 4.900 2.341 2.473 2.121 4.024
305.000 5.000 4.201 1.798 -0.391 4.6
305.000 5.100 4.605 0.236 -2.401 5.221
305.000 5.200 4.051 -0.034 -3.91 5.656
305.000 5.300 3.693 -0.028 -4.631 5.951
305.000 5.400 2.881 0.41 -4.17 5.113
305.000 5.500 2.751 1.21 -3.444 4.596
305.000 5.600 3.262 1.724 -2.647 4.564
305.000 5.700 4.252 1.663 -1.835 4.945
305.000 5.800 4.844 0.895 -1.259 5.114
305.000 5.900 5.11 0.361 -0.953 5.245
305.000 6.000 5.258 -0.554 -1.041 5.429
305.000 6.100 4.668 -1.233 -1.74 5.182
305.000 6.200 4.166 -1.63 -2.812 5.343
305.000 6.300 3.273 -2.091 -4.162 5.76
305.000 6.400 2.232 -2.06 -5.651 6.488
305.000 6.500 1.352 -1.807 -6.931 7.366
305.000 6.600 0.452 -1.244 -7.871 8.06
305.000 6.700 0.003 0.027 -8.272 8.35
305.000 6.800 0.755 1.221 -8.025 8.231
305.000 6.900 1.862 1.654 -7.665 8.14
305.000 7.000 2.742 1.678 -7.08 7.857
305.000 7.100 3.787 1.246 -6.7 7.879
305.000 7.200 3.991 -0.122 -6.46 7.683
305.000 7.300 3.177 -0.69 -6.12 7.022
305.000 7.400 2.685 -0.572 -5.853 6.558
305.000 7.500 2.423 0.064 -5.427 6.038
305.000 7.600 2.938 1.187 -5.108 6.1
305.000 7.700 4.239 2.535 -5.024 7.128
305.000 7.800 7.017 3.384 -5.171 9.425
305.000 7.900 8.845 2.218 -5.35 10.642
305.000 8.000 9.11 1.88 -5.425 10.836
305.000 8.100 9.701 0.505 -5.268 11.112
305.000 8.200 8.309 -0.954 -4.662 9.633
305.000 8.300 6.917 -1.193 -4.07 8.171
305.000 8.400 5.348 -1.532 -3.785 6.789
305.000 8.500 3.638 -0.824 -3.954 5.513
305.000 8.600 3.409 0.794 -4.408 5.735
305.000 8.700 4.94 1.668 -5.068 7.401
305.000 8.800 6.546 1.147 -5.851 9.007
305.000 8.900 7.495 0.576 -6.226 9.948
305.000 9.000 8.878 -0.031 -6.408 11.19
305.000 9.100 9.081 -1.082 -5.932 11.247
305.000 9.200 9.468 -0.698 -4.824 11.161
305.000 9.300 10.951 -0.657 -3.361 12.048
305.000 9.400 13.492 -0.488 -1.298 14.201
305.000 9.500 16.931 -3.374 0.742 18.29
305.000 9.600 15.988 -6.737 1.602 19.357
305.000 9.700 15.847 -8.01 2.269 21.261
305.000 9.800 17.018 -9.885 1.857 23.802
305.000 9.900 21.684 -12.669 -0.283 28.985
305.000 10.000 22.123 -24.455 -2.751 36.382
305.000 10.100 10.95 -34.444 -4.872 39.594
305.000 10.200 -0.37 -45.834 -7.586 53.738
305.000 10.300 -19.175 -63.362 -11.105 84.818
305.000 10.400 -49.243 -83.965 -17.563 127.381
305.000 10.500 -100.832 -104.745 -27.08 180.413
305.000 10.600 -178.418 -96.388 -36.868 247.748
305.000 10.700 -238.819 -38.884 -15.224 284.269
305.000 10.800 -273.489 8.863 60.48 298.046
305.000 10.900 -298.946 93.914 134.73 346.774
305.000 11.000 -188.168 180.132 141.446 298.89
305.000 11.100 -52.33 151.388 118.912 202.154
305.000 11.200 12.384 87.425 95.484 132.195
305.000 11.300 34.857 44.741 70.708 92.338
305.000 11.400 41.747 14.635 49.479 69.783
305.000 11.500 33.934 0.176 34.283 52.237
305.000 11.600 29.684 -3.676 23.136 42.307
305.000 11.700 23.544 -5.87 12.853 32.359
305.000 11.800 19.849 -5.073 4.478 24.852
305.000 11.900 16.189 -7.496 -1.665 20.166
305.000 12.000 10.395 -7.067 -6.532 15.506
305.000 12.100 7.19 -4.512 -9.624 13.888
305.000 12.200 6.516 -1.657 -10.878 13.606
305.000 12.300 7.972 -0.29 -11.599 14.654
305.000 12.400 7.803 -0.29 -11.47 14.305
305.000 12.500 8.228 0 -10.922 14.005
305.000 12.600 7.956 -1.869 -10.545 13.612
305.000 12.700 5.933 -2.793 -10.382 12.505
305.000 12.800 4.262 -3.49 -10.095 11.684
305.000 12.900 1.927 -3.807 -9.341 10.422
305.000 13.000 -0.131 -2.571 -8.679 9.182
305.000 13.100 -0.678 -0.739 -8.178 8.352
305.000 13.200 -0.291 0.694 -7.783 7.917
305.000 13.300 0.987 2.192 -7.412 7.877
305.000 13.400 3.603 2.943 -6.921 8.412
305.000 13.500 5.838 1.771 -6.42 8.917
305.000 13.600 5.965 0.746 -6.1 8.617
305.000 13.700 6.188 0.221 -5.864 8.574
305.000 13.800 5.515 -0.765 -6.013 8.236
305.000 13.900 4.507 -0.874 -6.485 7.984
305.000 14.000 3.79 -1.028 -6.792 7.881
305.000 14.100 3.021 -0.872 -6.814 7.54
305.000 14.200 2.641 -0.416 -6.738 7.282
305.000 14.300 2.6 0.262 -6.421 6.964
305.000 14.400 3.17 0.943 -6.25 7.101
305.000 14.500 3.893 1.331 -6.253 7.514
305.000 14.600 5.206 1.31 -6.513 8.465
305.000 14.700 5.843 -0.171 -6.716 8.926
305.000 14.800 5.141 -0.99 -6.495 8.363
305.000 14.900 4.643 -1.784 -5.932 7.759
305.000 15.000 2.926 -2.374 -4.881 6.182
305.100 0.000 2.853 1.574 -4.117 5.252
305.100 0.100 3.996 0.022 -4.546 6.054
305.100 0.200 2.687 -1.825 -3.706 4.929
305.100 0.300 0.52 -1.216 -2.282 2.638
305.100 0.400 0.437 1.04 -1.388 1.79
305.100 0.500 2.635 2.144 -1.301 3.642
305.100 0.600 4.502 1.052 -1.528 4.874
305.100 0.700 4.515 -0.06 -1.58 4.789
305.100 0.800 4.499 -0.749 -1.551 4.822
305.100 0.900 3.957 -1.457 -1.421 4.455
305.100 1.000 3.359 -1.47 -1.233 3.874
305.100 1.100 2.772 -1.558 -1.121 3.377
305.100 1.200 1.973 -1.308 -1.019 2.582
305.100 1.300 1.443 -0.986 -0.718 1.895
305.100 1.400 0.87 -0.813 -0.108 1.203
305.100 1.500 0.281 -0.51 0.633 0.874
305.100 1.600 0.128 -0.24 1.123 1.172
305.100 1.700 -0.074 -0.332 1.28 1.342
305.100 1.800 -0.34 -0.388 1.04 1.179
305.100 1.900 -0.726 -0.719 0.386 1.106
305.100 2.000 -1.335 -0.599 -0.237 1.491
305.100 2.100 -1.216 -0.45 -0.363 1.354
305.100 2.200 -1.359 -0.294 -0.202 1.415
305.100 2.300 -0.969 0.389 0.246 1.084
305.100 2.400 -0.222 0.728 0.902 1.196
305.100 2.500 0.423 1.11 1.497 1.927
305.100 2.600 1.264 1.545 1.986 2.832
305.100 2.700 2.304 1.916 2.262 3.77
305.100 2.800 3.818 2.433 2.08 4.995
305.100 2.900 6.072 2.21 1.753 6.708
305.100 3.000 6.925 1.066 1.1 7.105
305.100 3.100 7.518 0.483 0.405 7.557
305.100 3.200 7.529 -1.5 -0.11 7.692
305.100 3.300 5.657 -2.544 -0.629 6.249
305.100 3.400 4.208 -2.562 -0.935 5.03
305.100 3.500 2.787 -2.2 -1.121 3.739
305.100 3.600 1.891 -0.817 -1.501 2.559
305.100 3.700 2.52 1.01 -2.176 3.484
305.100 3.800 4.554 1.83 -2.999 5.758
305.100 3.900 6.332 1.079 -3.725 7.434
305.100 4.000 7.585 0.276 -4.282 8.726
305.100 4.100 8.621 -2.173 -4.342 9.91
305.100 4.200 5.832 -4.992 -3.21 8.343
305.100 4.300 2.108 -5.405 -1.625 6.053
305.100 4.400 -1.061 -5.257 -0.051 5.397
305.100 4.500 -4.537 -4.146 1.448 6.347
305.100 4.600 -6.339 -0.752 2.621 6.924
305.100 4.700 -5.177 1.75 3.485 6.5
305.100 4.800 -3.562 3.297 3.79 6.171
305.100 4.900 -0.405 4.635 2.589 5.33
305.100 5.000 3.471 3.801 0.978 5.246
305.100 5.100 4.955 1.596 -0.27 5.229
305.100 5.200 5.084 0.939 -1.134 5.313
305.100 5.300 5.232 0.232 -1.662 5.519
305.100 5.400 4.262 0.217 -2.118 4.79
305.100 5.500 4.011 0.749 -2.235 4.678
305.100 5.600 4.093 0.998 -1.791 4.603
305.100 5.700 4.609 1.025 -1.203 4.898
305.100 5.800 4.831 0.424 -0.672 4.925
305.100 5.900 4.771 0.222 -0.326 4.818
305.100 6.000 4.861 -0.158 -0.464 4.921
305.100 6.100 4.539 -0.333 -1.128 4.729
305.100 6.200 4.512 -0.367 -2.26 5.106
305.100 6.300 4.364 -0.527 -3.738 5.823
305.100 6.400 4.329 -0.543 -5.417 7.014
305.100 6.500 4.17 -0.759 -6.681 7.976
305.100 6.600 3.906 -0.514 -7.46 8.504
305.100 6.700 3.892 -0.157 -7.678 8.679
305.100 6.800 3.97 0.522 -6.816 7.975
305.100 6.900 4.727 1.06 -5.874 7.683
305.100 7.000 5.081 1.127 -5.298 7.495
305.100 7.100 5.837 1.05 -4.995 7.822
305.100 7.200 5.92 -0.329 -4.937 7.788
305.100 7.300 4.819 -0.925 -4.936 7.037
305.100 7.400 4.12 -1.018 -4.629 6.358
305.100 7.500 3.422 -0.619 -3.89 5.297
305.100 7.600 3.427 0.587 -2.895 4.597
305.100 7.700 4.423 2.101 -2.028 5.362
305.100 7.800 6.659 3.021 -1.22 7.467
305.100 7.900 8.47 2.452 -0.858 8.909
305.100 8.000 9.89 2.319 -1.167 10.276
305.100 8.100 11.305 0.419 -1.511 11.461
305.100 8.200 9.277 -1.332 -1.645 9.562
305.100 8.300 7.588 -1.244 -1.88 7.965
305.100 8.400 6.209 -1.227 -2.384 6.82
305.100 8.500 5.243 -0.232 -3.11 6.175
305.100 8.600 5.603 1.167 -3.566 6.841
305.100 8.700 7.521 2.284 -3.755 8.828
305.100 8.800 9.936 1.439 -4.03 10.949
305.100 8.900 10.355 0.361 -3.796 11.188
305.100 9.000 11.198 -0.393 -3.392 11.901
305.100 9.100 10.978 -1.966 -2.725 11.735
305.100 9.200 10.488 -2.127 -1.547 11.162
305.100 9.300 10.676 -2.61 0.191 11.392
305.100 9.400 10.984 -3.078 2.555 12.194
305.100 9.500 11.788 -4.908 4.737 14.53
305.100 9.600 11.236 -7.272 5.736 16.442
305.100 9.700 11.171 -9.023 6.952 19.496
305.100 9.800 11.357 -11.109 9.52 23.331
305.100 9.900 13.84 -13.264 13.57 30.309
305.100 10.000 14.717 -20.692 13.345 37.694
305.100 10.100 10.332 -27.95 5.1 40.714
305.100 10.200 5.802 -40.234 -3.833 54.937
305.100 10.300 -8.702 -56.993 -10.897 85.035
305.100 10.400 -29.973 -73.68 -20.112 124.275
305.100 10.500 -68.395 -91.991 -33.593 161.755
305.100 10.600 -127.447 -91.251 -47.423 211.497
305.100 10.700 -186.965 -66.683 -50.248 255.728
305.100 10.800 -258.206 -40.066 -42.059 293.778
305.100 10.900 -323.348 58.818 -28.509 343.571
305.100 11.000 -222.326 166.625 12.755 286.943
305.100 11.100 -87.517 150.074 51.496 187.946
305.100 11.200 -19.164 98.315 64.431 122.658
305.100 11.300 11.113 59.408 60.551 86.089
305.100 11.400 23.54 28.742 51.618 66.586
305.100 11.500 20.503 11.139 40.982 54.808
305.100 11.600 16.8 6.093 31.84 47.245
305.100 11.700 16.334 4.912 21.198 36.865
305.100 11.800 18.623 2.932 10.912 27.215
305.100 11.900 17.976 -1.945 3.999 20.507
305.100 12.000 14.732 -2.957 -0.415 15.759
305.100 12.100 13.058 -2.655 -3.346 14.462
305.100 12.200 11.043 -1.228 -4.413 12.602
305.100 12.300 11.317 0.024 -4.786 12.717
305.100 12.400 11.199 0.032 -5.539 12.807
305.100 12.500 11.815 0.123 -6.463 13.718
305.100 12.600 11.674 -1.736 -6.925 13.897
305.100 12.700 10.406 -2.4 -7.317 13.123
305.100 12.800 9.341 -3.728 -7.84 12.901
305.100 12.900 5.927 -4.402 -7.683 10.786
305.100 13.000 3.23 -2.916 -7.638 8.906
305.100 13.100 2.376 -1.132 -7.434 7.987
305.100 13.200 2.639 0.277 -7.03 7.601
305.100 13.300 3.622 1.432 -6.248 7.435
305.100 13.400 5.528 2.107 -5.109 7.877
305.100 13.500 7.233 1.168 -4.17 8.478
305.100 13.600 7.257 0.472 -3.493 8.11
305.100 13.700 7.581 0.321 -3.476 8.382
305.100 13.800 7.108 -0.292 -3.883 8.139
305.100 13.900 6.699 -0.195 -4.651 8.192
305.100 14.000 6.311 -0.819 -5.318 8.325
305.100 14.100 5.317 -0.884 -5.504 7.734
305.100 14.200 4.87 -0.72 -5.338 7.29
305.100 14.300 4.348 -0.232 -4.768 6.484
305.100 14.400 4.586 0.716 -4.175 6.269
305.100 14.500 5.286 1.422 -4.068 6.845
305.100 14.600 6.744 1.528 -4.273 8.151
305.100 14.700 7.549 -0.094 -4.452 8.783
305.100 14.800 6.942 -1.22 -4.531 8.397
305.100 14.900 6.246 -2.438 -4.258 7.958
305.100 15.000 4.162 -3.37 -3.476 6.398
305.200 0.000 4.526 2.36 -3.741 6.331
305.200 0.100 6.064 -0.206 -4.124 7.339
305.200 0.200 4.271 -3.151 -3.182 6.191
305.200 0.300 1.185 -2.548 -1.552 3.213
305.200 0.400 0.571 0.409 -0.442 0.833
305.200 0.500 2.633 2.053 -0.047 3.346
305.200 0.600 4.546 1.173 0.026 4.702
305.200 0.700 4.906 0.084 -0.089 4.914
305.200 0.800 5.192 -0.788 -0.134 5.26
305.200 0.900 4.355 -1.727 0.077 4.693
305.200 1.000 3.449 -1.571 0.268 3.808
305.200 1.100 2.826 -1.502 0.154 3.211
305.200 1.200 2.088 -1.249 -0.188 2.447
305.200 1.300 1.602 -1.202 -0.393 2.048
305.200 1.400 0.861 -1.274 -0.246 1.565
305.200 1.500 0.085 -0.961 0.024 0.975
305.200 1.600 -0.243 -0.497 0.299 0.642
305.200 1.700 -0.396 -0.193 0.325 0.561
305.200 1.800 -0.303 0.197 -0.105 0.383
305.200 1.900 0.126 0.192 -0.975 1.002
305.200 2.000 0.343 -0.24 -1.726 1.776
305.200 2.100 0.143 -0.651 -1.677 1.806
305.200 2.200 -0.247 -0.706 -1.319 1.519
305.200 2.300 -0.483 -0.48 -0.541 0.876
305.200 2.400 -0.665 -0.153 0.535 0.884
305.200 2.500 -0.593 0.478 1.394 1.605
305.200 2.600 -0.108 1.01 2.02 2.277
305.200 2.700 0.561 1.592 2.615 3.129
305.200 2.800 1.808 2.225 3.169 4.289
305.200 2.900 3.441 2.305 3.595 5.5
305.200 3.000 4.799 1.966 3.212 6.115
305.200 3.100 6.326 1.279 2.219 6.839
305.200 3.200 6.788 -0.842 1.377 6.992
305.200 3.300 5.395 -2.039 0.824 5.842
305.200 3.400 4.176 -2.235 0.375 4.769
305.200 3.500 2.756 -1.903 -0.013 3.368
305.200 3.600 1.91 -0.348 -0.364 1.989
305.200 3.700 2.794 1.707 -0.853 3.389
305.200 3.800 5.362 2.554 -1.492 6.131
305.200 3.900 7.47 1.329 -1.805 7.81
305.200 4.000 8.447 0.112 -1.397 8.576
305.200 4.100 9.175 -2.544 -0.874 9.58
305.200 4.200 6.342 -5.53 -1.04 8.502
305.200 4.300 2.505 -6.17 -1.266 6.808
305.200 4.400 -1.155 -6.298 -1.068 6.523
305.200 4.500 -5.729 -5.279 -0.534 7.837
305.200 4.600 -8.446 -1.364 -0.083 8.577
305.200 4.700 -7.645 1.192 0.092 7.754
305.200 4.800 -7.032 3.345 0.375 7.808
305.200 4.900 -3.131 5.458 0.556 6.32
305.200 5.000 1.217 4.379 0.844 4.624
305.200 5.100 3.155 2.344 0.797 4.02
305.200 5.200 3.775 1.34 0.513 4.054
305.200 5.300 4.112 0.748 0.271 4.208
305.200 5.400 4.166 0.73 -0.203 4.255
305.200 5.500 4.613 0.731 -0.453 4.714
305.200 5.600 4.542 0.524 -0.306 4.606
305.200 5.700 4.736 0.519 0.127 4.79
305.200 5.800 4.66 -0.012 0.555 4.72
305.200 5.900 4.278 0.069 0.83 4.384
305.200 6.000 4.324 0.26 0.754 4.423
305.200 6.100 4.483 0.678 0.001 4.561
305.200 6.200 5.236 0.942 -1.186 5.484
305.200 6.300 5.801 0.98 -2.46 6.415
305.200 6.400 6.956 0.97 -3.856 8.055
305.200 6.500 7.408 -0.053 -4.811 8.883
305.200 6.600 7.27 -0.103 -5.117 8.943
305.200 6.700 7.449 -0.667 -4.95 9.025
305.200 6.800 6.196 -0.621 -4.123 7.526
305.200 6.900 5.774 0.329 -3.288 6.708
305.200 7.000 5.875 0.944 -3.023 6.728
305.200 7.100 6.585 1.091 -3.256 7.481
305.200 7.200 6.786 -0.098 -3.629 7.755
305.200 7.300 6.075 -0.867 -3.925 7.348
305.200 7.400 5.404 -1.566 -3.804 6.857
305.200 7.500 4.053 -1.758 -2.814 5.302
305.200 7.600 3.142 -0.635 -1.39 3.552
305.200 7.700 3.583 1.053 0.004 3.777
305.200 7.800 5.325 2.15 1.236 5.908
305.200 7.900 6.811 2.061 2.145 7.464
305.200 8.000 8.002 2.163 2.794 8.779
305.200 8.100 9.218 0.862 2.863 9.723
305.200 8.200 8.222 -0.411 1.617 8.423
305.200 8.300 7.392 -0.488 0.234 7.454
305.200 8.400 6.711 -0.534 -0.593 6.808
305.200 8.500 6.572 0.277 -1.001 6.716
305.200 8.600 7.257 1.095 -0.958 7.478
305.200 8.700 8.847 2.045 -0.406 9.184
305.200 8.800 11.159 1.312 0.208 11.344
305.200 8.900 11.821 0.386 0.171 11.955
305.200 9.000 13.25 -0.616 -0.076 13.423
305.200 9.100 12.626 -2.986 0.548 13.167
305.200 9.200 11.33 -3.356 1.642 12.161
305.200 9.300 10.566 -4.433 2.83 12.083
305.200 9.400 8.926 -5.136 4.385 11.564
305.200 9.500 8.207 -6.187 5.617 12.394
305.200 9.600 7.166 -8.189 6.346 13.99
305.200 9.700 5.885 -11.029 7.514 17.123
305.200 9.800 2.599 -15.191 10.247 22.718
305.200 9.900 -3.446 -17.652 14.764 31.592
305.200 10.000 -5.815 -16.089 15.462 37.908
305.200 10.100 -0.207 -19.025 9.345 39.164
305.200 10.200 2.275 -32.396 2.323 49.465
305.200 10.300 -8.973 -48.88 -6.339 72.368
305.200 10.400 -27.897 -62.192 -16.697 101.648
305.200 10.500 -56.94 -75.016 -32.716 128.762
305.200 10.600 -100.323 -76.1 -51.902 162.73
305.200 10.700 -143.343 -56.244 -71.017 197.074
305.200 10.800 -182.171 -27.959 -93.59 231.322
305.200 10.900 -207.715 38.801 -99.603 257.779
305.200 11.000 -159.252 107.564 -56.884 220.187
305.200 11.100 -88.502 110.368 0.368 155.167
305.200 11.200 -40.408 87.386 33.038 108.875
305.200 11.300 -9.09 61.086 42.928 77.34
305.200 11.400 5.866 35.542 42.438 59.992
305.200 11.500 6.354 19.191 36.865 55.71
305.200 11.600 4.439 14.52 29.47 52.559
305.200 11.700 8.677 14.324 21.868 41.628
305.200 11.800 16.305 10.415 15.259 30.593
305.200 11.900 17.861 2.712 10.081 22.355
305.200 12.000 14.665 0.067 6.514 16.49
305.200 12.100 13.061 -0.559 4.155 14.169
305.200 12.200 11.405 0.046 1.887 12.023
305.200 12.300 11.788 0.788 0.425 12.132
305.200 12.400 12.053 0.823 -0.181 12.3
305.200 12.500 13.859 0.928 -0.604 14.08
305.200 12.600 14.039 -1.547 -1.042 14.317
305.200 12.700 12.31 -1.913 -1.453 12.664
305.200 12.800 11.594 -3.077 -2.227 12.306
305.200 12.900 8.494 -3.655 -3.829 10.107
305.200 13.000 6.522 -2.47 -5.27 8.832
305.200 13.100 5.582 -1.417 -5.568 8.091
305.200 13.200 5.665 -0.303 -5.111 7.705
305.200 13.300 6.157 0.128 -3.993 7.395
305.200 13.400 7.024 0.76 -2.221 7.448
305.200 13.500 8.164 0.125 -0.655 8.223
305.200 13.600 7.476 -0.051 0.262 7.507
305.200 13.700 7.735 0.608 0.485 7.798
305.200 13.800 7.632 0.636 -0.469 7.698
305.200 13.900 7.877 0.881 -2.064 8.218
305.200 14.000 8.017 -0.184 -3.248 8.678
305.200 14.100 7.247 -0.739 -3.806 8.245
305.200 14.200 6.669 -1.132 -3.756 7.762
305.200 14.300 5.524 -1.027 -2.968 6.377
305.200 14.400 5.02 0.233 -2.135 5.481
305.200 14.500 5.754 1.597 -1.933 6.297
305.200 14.600 7.811 1.876 -2.315 8.379
305.200 14.700 8.932 -0.062 -2.516 9.296
305.200 14.800 8.418 -1.284 -2.26 8.824
305.200 14.900 7.965 -2.849 -2.055 8.716
305.200 15.000 5.17 -4.111 -1.664 6.821
305.300 0.000 6.564 3.345 -3.085 7.991
305.300 0.100 9.307 -0.416 -3.625 10
305.300 0.200 6.328 -5.01 -2.384 8.42
305.300 0.300 1.202 -4.253 -0.408 4.444
305.300 0.400 -0.154 -0.211 0.758 0.813
305.300 0.500 2.207 1.985 1 3.14
305.300 0.600 4.318 1.111 1.02 4.581
305.300 0.700 4.494 -0.117 1.331 4.698
305.300 0.800 4.448 -1 1.755 4.894
305.300 0.900 3.462 -1.862 1.871 4.364
305.300 1.000 2.334 -1.569 1.875 3.391
305.300 1.100 1.883 -0.973 1.493 2.604
305.300 1.200 1.937 -0.609 0.631 2.136
305.300 1.300 1.99 -1.006 0.013 2.237
305.300 1.400 1.206 -1.414 -0.105 1.87
305.300 1.500 0.366 -1.162 -0.005 1.229
305.300 1.600 -0.114 -0.648 0.126 0.682
305.300 1.700 -0.352 -0.003 0.092 0.374
305.300 1.800 0.041 0.859 -0.311 0.918
305.300 1.900 1.291 1.086 -1.022 1.975
305.300 2.000 2.224 0.066 -1.559 2.721
305.300 2.100 1.741 -0.915 -1.544 2.506
305.300 2.200 1.105 -1.191 -1.213 2.033
305.300 2.300 0.226 -1.385 -0.655 1.556
305.300 2.400 -0.93 -1.075 0.025 1.433
305.300 2.500 -1.443 -0.22 0.697 1.632
305.300 2.600 -1.254 0.28 1.477 1.974
305.300 2.700 -1.033 0.869 2.373 2.746
305.300 2.800 -0.238 1.544 3.182 3.56
305.300 2.900 0.847 2.002 3.876 4.46
305.300 3.000 2.416 2.478 4.054 5.346
305.300 3.100 4.782 2.079 3.773 6.451
305.300 3.200 5.846 -0.112 3.14 6.653
305.300 3.300 4.689 -1.367 2.156 5.356
305.300 3.400 3.686 -1.731 1.351 4.309
305.300 3.500 2.409 -1.573 0.942 3.049
305.300 3.600 1.564 -0.059 0.716 1.738
305.300 3.700 2.542 2.058 0.555 3.326
305.300 3.800 5.291 2.8 0.574 6.024
305.300 3.900 7.359 1.239 0.674 7.506
305.300 4.000 7.776 -0.273 0.671 7.825
305.300 4.100 7.926 -2.533 0.602 8.363
305.300 4.200 5.801 -4.898 0.162 7.617
305.300 4.300 3.01 -5.575 -0.731 6.405
305.300 4.400 -0.182 -5.899 -1.792 6.197
305.300 4.500 -4.332 -4.828 -3.142 7.232
305.300 4.600 -6.715 -1.32 -4.101 7.997
305.300 4.700 -6.065 1.13 -4.118 7.431
305.300 4.800 -5.251 2.942 -4.005 7.24
305.300 4.900 -2.559 4.379 -2.855 5.824
305.300 5.000 0.26 3.515 -1.356 3.777
305.300 5.100 1.764 2.076 -0.295 2.745
305.300 5.200 2.523 1.181 0.435 2.832
305.300 5.300 2.97 0.856 0.841 3.219
305.300 5.400 3.421 0.96 0.85 3.669
305.300 5.500 4.071 0.748 0.79 4.233
305.300 5.600 4.154 0.315 0.873 4.279
305.300 5.700 4.198 0.107 1.123 4.371
305.300 5.800 3.93 -0.35 1.491 4.244
305.300 5.900 3.378 -0.136 1.838 3.87
305.300 6.000 3.323 0.548 1.914 3.891
305.300 6.100 3.897 1.461 1.595 4.472
305.300 6.200 5.208 1.991 0.966 5.677
305.300 6.300 6.315 2.171 -0.059 6.701
305.300 6.400 8.015 1.993 -1.068 8.357
305.300 6.500 8.807 0.465 -1.728 9.024
305.300 6.600 8.625 -0.159 -1.922 8.878
305.300 6.700 8.412 -1.166 -1.57 8.679
305.300 6.800 6.827 -1.319 -0.95 7.061
305.300 6.900 6.067 -0.057 -0.457 6.123
305.300 7.000 6.073 1.134 -0.506 6.236
305.300 7.100 7.244 1.712 -1.117 7.566
305.300 7.200 7.873 0.414 -1.944 8.165
305.300 7.300 7.374 -0.558 -2.63 7.9
305.300 7.400 6.87 -2.039 -2.725 7.72
305.300 7.500 4.812 -3.035 -1.93 6.059
305.300 7.600 2.969 -2.209 -0.471 3.774
305.300 7.700 2.489 -0.629 1.405 2.946
305.300 7.800 3.163 0.695 3.433 4.731
305.300 7.900 3.981 1.354 4.664 6.293
305.300 8.000 4.781 1.887 4.85 7.085
305.300 8.100 5.811 1.576 4.472 7.522
305.300 8.200 6.336 1.119 3.377 7.294
305.300 8.300 7.171 0.657 2.153 7.552
305.300 8.400 7.059 -0.08 1.427 7.243
305.300 8.500 6.968 0.275 1.236 7.13
305.300 8.600 7.518 0.568 1.678 7.782
305.300 8.700 8.612 1.169 2.639 9.157
305.300 8.800 10.325 0.682 3.616 11.047
305.300 8.900 11.138 0.113 4.624 12.167
305.300 9.000 12.938 -0.931 5.566 14.248
305.300 9.100 12.04 -3.629 5.874 14.029
305.300 9.200 10.085 -4.086 6.046 12.644
305.300 9.300 8.818 -5.122 6.245 12.214
305.300 9.400 6.703 -5.797 6.074 11.077
305.300 9.500 5.454 -6.48 5.848 10.786
305.300 9.600 4.39 -8.285 5.349 11.702
305.300 9.700 2.717 -11.774 4.841 14.539
305.300 9.800 -2.418 -17.085 4.509 20.667
305.300 9.900 -12.471 -19.403 3.796 30.394
305.300 10.000 -17.047 -14.033 2.803 36.217
305.300 10.100 -10.31 -14.95 1.886 35.98
305.300 10.200 -8.085 -25.629 -1.784 40.326
305.300 10.300 -15.785 -38.648 -10.908 53.37
305.300 10.400 -32.376 -48.428 -24.366 72.946
305.300 10.500 -52.767 -54.574 -44.084 94.082
305.300 10.600 -84.303 -56.25 -67.779 129.769
305.300 10.700 -112.142 -34.06 -89.863 160.948
305.300 10.800 -118.276 -10.91 -107.456 183.248
305.300 10.900 -124.217 22.095 -106.295 199.04
305.300 11.000 -102.741 56.958 -73.125 167.788
305.300 11.100 -74.741 65.32 -26.886 121.52
305.300 11.200 -48.539 64.365 8.256 90.75
305.300 11.300 -22.917 52.881 27.948 68.588
305.300 11.400 -8.274 36.781 34.67 57.419
305.300 11.500 -3.888 25.572 31.317 54.094
305.300 11.600 -1.361 21.224 24.773 50.329
305.300 11.700 4.22 19.482 19.908 40.518
305.300 11.800 11.231 14.661 16.361 29.886
305.300 11.900 13.313 6.787 12.733 21.285
305.300 12.000 10.924 2.693 9.508 15.25
305.300 12.100 9.206 1.626 7.232 12.205
305.300 12.200 8.813 1.676 5.64 10.953
305.300 12.300 9.74 1.467 5.091 11.358
305.300 12.400 9.805 0.943 4.841 11.183
305.300 12.500 10.604 0.86 5.112 11.953
305.300 12.600 10.756 -0.666 4.702 11.869
305.300 12.700 9.831 -1.017 3.255 10.488
305.300 12.800 9.47 -1.539 1.777 9.83
305.300 12.900 8.527 -1.661 -0.162 8.757
305.300 13.000 8.416 -1.347 -1.782 8.77
305.300 13.100 7.792 -1.42 -2.531 8.372
305.300 13.200 7.567 -1.023 -2.361 8.041
305.300 13.300 7.336 -1.473 -1.177 7.612
305.300 13.400 6.636 -1.282 0.867 6.839
305.300 13.500 6.266 -1.179 2.782 6.973
305.300 13.600 5.271 -0.614 3.699 6.479
305.300 13.700 5.078 0.942 3.891 6.477
305.300 13.800 6.174 2.436 2.683 7.175
305.300 13.900 8.711 2.73 0.521 9.165
305.300 14.000 9.967 0.61 -0.925 10.049
305.300 14.100 9.317 -0.425 -1.359 9.445
305.300 14.200 8.912 -1.569 -1.392 9.173
305.300 14.300 6.617 -2.045 -0.606 6.967
305.300 14.400 5.139 -0.359 0.227 5.17
305.300 14.500 5.684 1.59 0.585 5.946
305.300 14.600 8.117 2.096 0.702 8.427
305.300 14.700 9.357 -0.198 0.758 9.402
305.300 14.800 8.243 -1.608 0.872 8.453
305.300 14.900 7.338 -2.924 1.026 7.973
305.300 15.000 4.822 -3.963 0.551 6.272
305.400 0.000 7.873 3.851 -1.457 8.889
305.400 0.100 11.021 -0.848 -1.175 11.122
305.400 0.200 7.297 -6.537 -0.294 9.807
305.400 0.300 0.975 -5.696 1.018 5.874
305.400 0.400 -1.004 -0.866 1.961 2.378
305.400 0.500 1.289 1.859 2.3 3.236
305.400 0.600 3.445 1.046 2.354 4.311
305.400 0.700 3.398 -0.368 2.257 4.105
305.400 0.800 2.842 -1.222 2.314 3.873
305.400 0.900 1.808 -1.861 2.359 3.519
305.400 1.000 0.537 -1.464 2.327 2.815
305.400 1.100 0.369 -0.204 1.899 1.96
305.400 1.200 1.431 0.248 1.052 1.804
305.400 1.300 2.067 -0.606 0.427 2.205
305.400 1.400 1.431 -1.388 0.23 2.015
305.400 1.500 0.553 -1.27 0.28 1.423
305.400 1.600 -0.024 -0.708 0.379 0.817
305.400 1.700 -0.265 0.203 0.329 0.481
305.400 1.800 0.346 1.387 -0.013 1.435
305.400 1.900 1.989 1.695 -0.593 2.685
305.400 2.000 3.164 0.274 -1.018 3.341
305.400 2.100 2.559 -1.165 -0.897 2.958
305.400 2.200 1.57 -1.557 -0.545 2.286
305.400 2.300 0.492 -1.695 -0.411 1.822
305.400 2.400 -0.692 -1.389 -0.44 1.623
305.400 2.500 -1.388 -0.776 -0.308 1.63
305.400 2.600 -1.85 -0.577 0.176 1.957
305.400 2.700 -2.403 -0.074 0.998 2.617
305.400 2.800 -2.046 0.522 2.177 3.048
305.400 2.900 -1.631 1.212 3.521 4.081
305.400 3.000 -0.308 2.336 4.178 4.812
305.400 3.100 1.831 2.198 4.314 5.192
305.400 3.200 3.09 0.782 3.978 5.114
305.400 3.300 3.265 -0.287 3.026 4.479
305.400 3.400 3.106 -1.115 2.256 4.016
305.400 3.500 1.893 -1.336 1.855 2.988
305.400 3.600 0.95 0.078 1.71 1.977
305.400 3.700 1.829 2.094 1.613 3.225
305.400 3.800 4.207 2.619 1.605 5.22
305.400 3.900 5.968 1.154 1.775 6.346
305.400 4.000 6.577 -0.313 2.071 6.92
305.400 4.100 6.871 -2.293 2.199 7.59
305.400 4.200 5.02 -4.135 1.607 6.724
305.400 4.300 2.874 -4.392 0.526 5.303
305.400 4.400 0.732 -4.254 -1.1 4.483
305.400 4.500 -1.551 -3.001 -3.176 4.659
305.400 4.600 -2.677 -0.662 -4.735 5.495
305.400 4.700 -2.395 1.226 -5.327 5.978
305.400 4.800 -1.558 2.462 -5.348 6.099
305.400 4.900 0.046 3.012 -4.594 5.5
305.400 5.000 1.62 2.144 -3.4 4.343
305.400 5.100 2.184 0.708 -1.814 2.942
305.400 5.200 1.977 0.052 -0.011 1.998
305.400 5.300 1.937 0.408 1.182 2.322
305.400 5.400 2.643 0.969 1.539 3.222
305.400 5.500 3.659 0.716 1.615 4.08
305.400 5.600 3.752 0.104 1.786 4.176
305.400 5.700 3.761 -0.19 2.065 4.316
305.400 5.800 3.298 -0.778 2.436 4.197
305.400 5.900 2.375 -0.464 2.863 3.77
305.400 6.000 2.132 0.554 3.126 3.837
305.400 6.100 2.672 1.752 3.053 4.426
305.400 6.200 3.976 2.635 2.729 5.504
305.400 6.300 5.752 3.218 2.043 6.914
305.400 6.400 8.372 2.829 1.138 8.931
305.400 6.500 9.492 0.684 0.783 9.576
305.400 6.600 9.283 -0.273 0.983 9.368
305.400 6.700 8.909 -1.805 1.358 9.223
305.400 6.800 6.233 -2.208 2.291 7.028
305.400 6.900 4.562 -0.271 2.951 5.458
305.400 7.000 4.72 1.814 2.398 5.613
305.400 7.100 6.363 2.67 1.196 7.027
305.400 7.200 7.7 1.597 -0.149 7.898
305.400 7.300 8.285 0.258 -1.547 8.473
305.400 7.400 8.196 -2.267 -2.133 8.812
305.400 7.500 5.724 -4.227 -1.315 7.279
305.400 7.600 3.046 -3.916 0.207 4.999
305.400 7.700 1.277 -2.765 2.119 3.723
305.400 7.800 0.024 -1.232 4.232 4.408
305.400 7.900 0.028 0.867 5.458 5.529
305.400 8.000 1.519 2.101 5.519 6.107
305.400 8.100 3.074 2.264 5.165 6.439
305.400 8.200 4.397 2.133 4.378 6.586
305.400 8.300 5.865 1.392 3.695 7.1
305.400 8.400 6.388 0.308 3.367 7.26
305.400 8.500 6.943 0.079 3.53 7.826
305.400 8.600 7.345 -0.533 4.474 8.657
305.400 8.700 7.449 -0.188 6.148 9.712
305.400 8.800 8.494 -0.462 7.73 11.561
305.400 8.900 8.24 -0.982 8.633 12.063
305.400 9.000 8.561 -1.602 9.244 12.821
305.400 9.100 7.898 -3.312 9.177 12.703
305.400 9.200 6.596 -3.916 8.636 11.759
305.400 9.300 5.526 -4.603 7.954 11.02
305.400 9.400 4.165 -5.039 6.921 9.919
305.400 9.500 3.384 -5.548 5.6 9.038
305.400 9.600 2.766 -7.059 3.907 9.066
305.400 9.700 1.568 -10.312 1.727 11.272
305.400 9.800 -2.525 -14.958 -1.157 17.023
305.400 9.900 -9.706 -16.699 -4.753 24.831
305.400 10.000 -13.502 -13.476 -7.105 28.758
305.400 10.100 -11.615 -13.888 -7.833 29.541
305.400 10.200 -11.777 -19.471 -11.432 32.508
305.400 10.300 -15.946 -26.312 -21.179 40.579
305.400 10.400 -25.232 -30.511 -37.784 59.062
305.400 10.500 -33.442 -30.127 -60.288 84.587
305.400 10.600 -43.939 -29.479 -89.136 118.212
305.400 10.700 -53.261 -18.286 -110.99 144.333
305.400 10.800 -51.583 -6.21 -114.509 154.863
305.400 10.900 -51.956 4.322 -106.391 158.567
305.400 11.000 -53.635 14.963 -75.132 130.995
305.400 11.100 -56.18 25.874 -34.525 93.608
305.400 11.200 -49.128 37.804 -3.167 70.532
305.400 11.300 -35.352 38.15 17.221 58.967
305.400 11.400 -24.876 34.419 27.291 55.886
305.400 11.500 -14.419 30.535 26.832 51.526
305.400 11.600 -5.92 26.231 22.89 45.386
305.400 11.700 0.787 22.885 19.379 37.458
305.400 11.800 7.609 18.049 16.075 28.888
305.400 11.900 10.026 10.121 12.521 20.365
305.400 12.000 7.914 5.407 9.121 13.81
305.400 12.100 6.378 3.407 6.63 10.231
305.400 12.200 5.632 2.167 5.651 8.643
305.400 12.300 5.235 1.439 5.835 8.325
305.400 12.400 5.32 1.043 5.854 8.276
305.400 12.500 5.607 0.624 5.992 8.415
305.400 12.600 5.935 0.344 5.831 8.421
305.400 12.700 6.649 0.348 4.926 8.337
305.400 12.800 7.412 0.017 3.718 8.341
305.400 12.900 7.677 0.003 2.176 8.024
305.400 13.000 8.51 -0.257 0.813 8.594
305.400 13.100 8.676 -0.985 0.134 8.771
305.400 13.200 9.043 -1.461 0.06 9.195
305.400 13.300 8.255 -3.183 1.106 8.943
305.400 13.400 5.746 -3.382 3.157 7.393
305.400 13.500 3.939 -2.506 4.824 6.719
305.400 13.600 2.404 -1.164 5.683 6.281
305.400 13.700 1.879 1.262 5.844 6.269
305.400 13.800 3.842 3.908 5.157 7.535
305.400 13.900 8.008 4.264 4.159 9.994
305.400 14.000 10.168 1.424 3.217 10.773
305.400 14.100 9.601 -0.141 2.465 9.926
305.400 14.200 9.083 -1.785 2.346 9.56
305.400 14.300 6.348 -2.648 2.489 7.322
305.400 14.400 4.233 -0.82 2.857 5.178
305.400 14.500 4.529 1.479 2.972 5.625
305.400 14.600 6.603 1.964 2.904 7.487
305.400 14.700 7.614 -0.104 2.832 8.134
305.400 14.800 6.653 -1.616 2.707 7.369
305.400 14.900 5.574 -2.606 2.421 6.618
305.400 15.000 3.71 -3.235 1.762 5.232
305.500 0.000 8.674 4.045 -0.323 9.581
305.500 0.100 11.938 -1.4 -0.485 12.035
305.500 0.200 7.416 -8.014 0.73 10.948
305.500 0.300 -0.505 -7.091 2.496 7.543
305.500 0.400 -3.057 -1.122 3.169 4.554
305.500 0.500 -0.372 1.963 2.838 3.482
305.500 0.600 1.913 1.257 2.494 3.396
305.500 0.700 2.228 -0.202 2.229 3.168
305.500 0.800 1.765 -1.213 2.099 3.009
305.500 0.900 0.698 -1.846 2.065 2.867
305.500 1.000 -0.601 -1.285 1.985 2.451
305.500 1.100 -0.516 0.386 1.692 1.823
305.500 1.200 1.239 0.995 1.133 1.962
305.500 1.300 2.421 -0.295 0.657 2.535
305.500 1.400 1.658 -1.453 0.675 2.316
305.500 1.500 0.607 -1.397 0.822 1.743
305.500 1.600 -0.151 -0.819 0.982 1.301
305.500 1.700 -0.527 0.311 1.066 1.242
305.500 1.800 0.245 1.851 0.864 2.066
305.500 1.900 2.527 2.363 0.338 3.483
305.500 2.000 4.271 0.422 -0.108 4.3
305.500 2.100 3.049 -1.497 -0.037 3.406
305.500 2.200 1.473 -1.684 0.03 2.248
305.500 2.300 0.421 -1.489 -0.232 1.575
305.500 2.400 -0.444 -1.147 -0.701 1.424
305.500 2.500 -0.903 -0.716 -1.14 1.626
305.500 2.600 -1.17 -0.785 -1.464 2.037
305.500 2.700 -1.795 -0.974 -1.272 2.413
305.500 2.800 -2.657 -1.12 0.014 2.895
305.500 2.900 -4.036 -0.135 1.663 4.381
305.500 3.000 -3.014 2.02 2.578 4.463
305.500 3.100 -0.621 2.115 2.928 3.678
305.500 3.200 0.806 1.231 2.998 3.356
305.500 3.300 1.608 0.3 2.784 3.246
305.500 3.400 1.737 -0.684 2.546 3.176
305.500 3.500 0.828 -1.07 2.257 2.653
305.500 3.600 -0.137 0.157 2.104 2.133
305.500 3.700 0.854 2.225 2.02 3.134
305.500 3.800 3.468 2.58 2.013 4.778
305.500 3.900 5.107 0.812 2.236 5.648
305.500 4.000 4.992 -0.812 2.686 5.744
305.500 4.100 4.546 -2.172 2.979 5.875
305.500 4.200 3.247 -3.207 2.476 5.217
305.500 4.300 1.767 -3.099 1.451 3.877
305.500 4.400 0.68 -2.318 -0.09 2.446
305.500 4.500 0.017 -1.03 -2.012 2.279
305.500 4.600 0.025 0.591 -3.698 3.754
305.500 4.700 0.804 1.871 -4.921 5.333
305.500 4.800 1.949 2.322 -5.509 6.297
305.500 4.900 3.265 2.124 -5.012 6.359
305.500 5.000 4.633 0.894 -3.982 6.19
305.500 5.100 4.13 -1.324 -2.309 4.939
305.500 5.200 1.984 -1.814 -0.213 2.729
305.500 5.300 0.885 -0.5 1.289 1.666
305.500 5.400 1.619 0.629 2.044 2.696
305.500 5.500 2.661 0.511 2.484 3.691
305.500 5.600 2.831 -0.074 2.663 3.905
305.500 5.700 2.71 -0.513 2.856 3.99
305.500 5.800 2.056 -1.157 3.171 3.975
305.500 5.900 0.824 -0.936 3.653 3.879
305.500 6.000 0.257 0.399 4.094 4.132
305.500 6.100 0.968 1.865 4.187 4.69
305.500 6.200 2.448 2.881 4.24 5.684
305.500 6.300 4.494 3.643 4.259 7.19
305.500 6.400 7.608 3.16 4.425 9.364
305.500 6.500 8.75 0.524 4.587 9.91
305.500 6.600 7.978 -0.681 4.876 9.394
305.500 6.700 7.094 -2.254 5.297 9.157
305.500 6.800 3.726 -2.736 5.229 6.997
305.500 6.900 1.119 -0.12 5.077 5.205
305.500 7.000 2.086 3.192 4.025 5.547
305.500 7.100 5.219 4.16 2.416 7.112
305.500 7.200 7.644 2.992 1.017 8.297
305.500 7.300 9.582 1.467 -0.124 9.726
305.500 7.400 10.507 -2.362 -0.704 10.827
305.500 7.500 6.975 -5.441 -0.184 8.883
305.500 7.600 3.182 -5.412 0.879 6.367
305.500 7.700 0.366 -4.515 2.181 5.044
305.500 7.800 -2.206 -2.771 3.459 4.957
305.500 7.900 -2.857 0.285 4.357 5.225
305.500 8.000 -1.285 2.01 4.865 5.429
305.500 8.100 0.344 2.703 4.936 5.653
305.500 8.200 2.527 2.882 4.427 5.88
305.500 8.300 4.727 1.69 4.047 6.475
305.500 8.400 5.306 -0.089 4.442 6.944
305.500 8.500 5.308 -0.95 5.641 7.826
305.500 8.600 4.892 -2.001 7.128 8.898
305.500 8.700 3.637 -2.134 8.845 9.832
305.500 8.800 3.085 -1.584 10.529 11.141
305.500 8.900 3.294 -1.182 10.887 11.52
305.500 9.000 4.041 -1.649 10.847 11.809
305.500 9.100 3.668 -2.894 10.589 11.73
305.500 9.200 2.798 -3.243 10.031 11.134
305.500 9.300 2.187 -3.53 9.054 10.309
305.500 9.400 1.454 -3.591 7.477 8.943
305.500 9.500 1.352 -3.683 5.545 7.481
305.500 9.600 1.792 -4.535 2.909 6.427
305.500 9.700 2.118 -7.137 -0.539 8.397
305.500 9.800 -0.154 -11.149 -4.65 14.135
305.500 9.900 -5.099 -13.115 -9.065 20.569
305.500 10.000 -8.303 -11.873 -12.117 23.107
305.500 10.100 -8.235 -12.067 -13.672 23.362
305.500 10.200 -8.832 -13.372 -17.194 25.594
305.500 10.300 -9.219 -13.918 -25.682 32.768
305.500 10.400 -8.966 -12.446 -39.459 49.974
305.500 10.500 -4.103 -6.914 -56.933 75.46
305.500 10.600 10.077 -3.317 -78.076 105.969
305.500 10.700 18.484 -11.31 -91.635 126.295
305.500 10.800 12.137 -11.006 -88.31 130.408
305.500 10.900 9.868 -12.605 -78.539 133.024
305.500 11.000 -14.213 -18.655 -58.072 109.906
305.500 11.100 -44.461 -5.448 -33.013 80.928
305.500 11.200 -51.379 16.308 -11.499 62.364
305.500 11.300 -44.436 23.632 4.944 53.334
305.500 11.400 -38.23 28.79 15.62 53.852
305.500 11.500 -25.303 30.872 20.698 49.312
305.500 11.600 -14.478 28.49 21.927 43.407
305.500 11.700 -6.156 26.032 19.676 36.832
305.500 11.800 1.542 21.449 16.188 28.872
305.500 11.900 5.481 14.266 12.018 20.353
305.500 12.000 5.789 9.013 7.376 13.484
305.500 12.100 5.532 5.369 4.133 9.13
305.500 12.200 4.481 2.536 2.724 6.274
305.500 12.300 3.028 1.165 2.516 4.691
305.500 12.400 2.93 0.718 3.15 4.831
305.500 12.500 3.051 0.163 4.102 5.373
305.500 12.600 3.201 0.371 4.825 5.908
305.500 12.700 3.979 0.765 5.195 6.637
305.500 12.800 5.023 1.073 4.962 7.175
305.500 12.900 6.575 1.43 3.929 7.819
305.500 13.000 8.752 0.57 3.02 9.304
305.500 13.100 9.133 -1.046 3.017 9.701
305.500 13.200 9.513 -2.025 3.766 10.452
305.500 13.300 8.145 -4.625 4.764 10.526
305.500 13.400 4.051 -4.982 5.858 8.702
305.500 13.500 1.116 -3.423 6.772 7.673
305.500 13.600 -0.817 -1.5 7.063 7.266
305.500 13.700 -1.579 1.457 7.136 7.454
305.500 13.800 0.695 4.64 6.656 8.149
305.500 13.900 5.01 4.838 6.043 9.229
305.500 14.000 7.568 2.245 5.598 9.686
305.500 14.100 8.103 0.394 5.058 9.569
305.500 14.200 7.89 -1.726 4.696 9.349
305.500 14.300 5.015 -2.873 4.792 7.511
305.500 14.400 2.433 -0.966 4.887 5.546
305.500 14.500 2.758 1.701 4.687 5.704
305.500 14.600 5.212 2.216 4.374 7.165
305.500 14.700 6.296 -0.006 4.136 7.54
305.500 14.800 5.039 -1.445 3.947 6.567
305.500 14.900 3.974 -2.05 3.533 5.702
305.500 15.000 2.557 -2.351 2.591 4.336
305.600 0.000 9.115 4.07 1.979 10.183
305.600 0.100 13.204 -1.79 2.655 13.593
305.600 0.200 7.616 -9.16 2.898 12.266
305.600 0.300 -1.767 -7.829 2.781 8.501
305.600 0.400 -4.623 -1.034 2.65 5.435
305.600 0.500 -1.485 2.345 2.488 3.737
305.600 0.600 1.128 1.607 2.132 2.908
305.600 0.700 1.587 0.047 1.751 2.374
305.600 0.800 1.171 -1.13 1.52 2.238
305.600 0.900 0.022 -1.905 1.547 2.465
305.600 1.000 -1.48 -1.299 1.767 2.656
305.600 1.100 -1.359 0.678 1.8 2.366
305.600 1.200 0.771 1.371 1.647 2.287
305.600 1.300 2.202 -0.163 1.611 2.744
305.600 1.400 1.316 -1.543 1.571 2.577
305.600 1.500 0.097 -1.536 1.666 2.281
305.600 1.600 -0.86 -0.954 1.771 2.201
305.600 1.700 -1.459 0.297 1.843 2.381
305.600 1.800 -0.721 2.081 1.8 2.854
305.600 1.900 1.652 2.622 1.739 3.562
305.600 2.000 3.395 0.657 1.67 3.85
305.600 2.100 2.321 -1.275 1.182 2.913
305.600 2.200 0.849 -1.341 0.671 1.736
305.600 2.300 0.151 -0.826 -0.06 0.853
305.600 2.400 -0.095 -0.414 -1.038 1.124
305.600 2.500 0.033 -0.139 -1.87 1.878
305.600 2.600 0.465 -0.408 -2.449 2.529
305.600 2.700 0.335 -1.461 -2.603 3.009
305.600 2.800 -1.34 -2.342 -2.026 3.381
305.600 2.900 -3.547 -1.259 -1.288 3.986
305.600 3.000 -3.178 1.083 -0.178 3.37
305.600 3.100 -1.32 1.553 0.95 2.258
305.600 3.200 -0.105 1.077 1.537 1.891
305.600 3.300 0.633 0.324 1.761 1.914
305.600 3.400 0.724 -0.58 1.845 2.084
305.600 3.500 -0.004 -0.948 1.901 2.145
305.600 3.600 -0.77 0.201 1.977 2.148
305.600 3.700 0.273 2.214 2.028 3.025
305.600 3.800 2.811 2.451 2.041 4.261
305.600 3.900 4.255 0.518 2.197 4.831
305.600 4.000 3.812 -1.196 2.536 4.751
305.600 4.100 2.963 -2.133 2.725 4.578
305.600 4.200 1.815 -2.577 2.503 4.048
305.600 4.300 0.702 -2.035 1.863 2.874
305.600 4.400 0.345 -0.714 0.739 1.11
305.600 4.500 0.822 0.705 -0.762 1.329
305.600 4.600 1.883 2.042 -2.225 3.563
305.600 4.700 3.805 3.077 -3.536 6.043
305.600 4.800 6.091 2.459 -4.406 7.92
305.600 4.900 6.742 1.033 -3.766 7.804
305.600 5.000 7.201 -0.442 -2.415 7.626
305.600 5.100 5.756 -3.043 -1.077 6.626
305.600 5.200 2.421 -3.391 0.204 4.204
305.600 5.300 0.552 -1.585 1.342 2.18
305.600 5.400 0.82 -0.054 2.271 2.431
305.600 5.500 1.578 0.168 2.822 3.253
305.600 5.600 1.768 -0.185 3.038 3.535
305.600 5.700 1.712 -0.663 3.088 3.61
305.600 5.800 0.927 -1.483 3.198 3.668
305.600 5.900 -0.794 -1.459 3.484 3.88
305.600 6.000 -1.845 0.056 3.896 4.323
305.600 6.100 -1.148 1.526 4.447 4.845
305.600 6.200 -0.001 2.543 5.151 5.748
305.600 6.300 1.861 3.342 5.604 6.788
305.600 6.400 4.232 2.656 6.115 7.902
305.600 6.500 5.082 0.442 6.472 8.251
305.600 6.600 4.297 -1.04 6.621 7.974
305.600 6.700 2.936 -2.105 6.617 7.552
305.600 6.800 0.361 -2.165 5.941 6.344
305.600 6.900 -1.826 0.594 5.036 5.392
305.600 7.000 -0.101 4.402 4.183 6.076
305.600 7.100 3.956 5.365 3.345 7.467
305.600 7.200 7.072 4.037 2.48 8.529
305.600 7.300 9.46 2.104 1.762 9.873
305.600 7.400 10.456 -2.215 1.459 10.814
305.600 7.500 7.153 -5.801 1.313 9.331
305.600 7.600 3.182 -6.217 1.568 7.182
305.600 7.700 -0.131 -5.538 2.202 5.979
305.600 7.800 -3.171 -3.608 2.98 5.665
305.600 7.900 -4.13 -0.211 3.42 5.377
305.600 8.000 -2.913 1.781 3.426 4.851
305.600 8.100 -1.432 2.794 3.418 4.661
305.600 8.200 1.215 3.041 3.611 4.899
305.600 8.300 3.644 1.408 4.095 5.681
305.600 8.400 3.889 -0.994 4.823 6.29
305.600 8.500 2.852 -2.359 5.923 6.995
305.600 8.600 1.466 -3.362 7.157 8.057
305.600 8.700 -0.751 -3.797 8.378 9.253
305.600 8.800 -2.657 -2.557 9.543 10.278
305.600 8.900 -2.114 -1.427 10.257 10.647
305.600 9.000 -1.439 -1.77 10.873 11.22
305.600 9.100 -1.554 -2.367 10.688 11.21
305.600 9.200 -2.216 -2.621 10.104 10.891
305.600 9.300 -2.492 -2.035 9.094 9.993
305.600 9.400 -1.938 -1.671 7.145 8.136
305.600 9.500 -1.146 -1.386 5.043 6.15
305.600 9.600 0.741 -1.434 2.365 4.076
305.600 9.700 2.901 -3.236 -1.047 6.257
305.600 9.800 3.146 -6.19 -5.719 12.011
305.600 9.900 1.951 -8.287 -11.539 18.031
305.600 10.000 0.279 -10.058 -15.373 21.119
305.600 10.100 -2.326 -10.851 -16.127 20.766
305.600 10.200 -4.318 -8.693 -18.247 20.839
305.600 10.300 -2.011 -4.827 -23.754 26.038
305.600 10.400 3.757 -0.911 -31.309 39.983
305.600 10.500 14.355 5.066 -37.698 61.441
305.600 10.600 35.805 7.286 -40.316 86.83
305.600 10.700 48.153 -9.495 -40.85 102.935
305.600 10.800 35.964 -17.282 -39.811 104.124
305.600 10.900 26.813 -22.385 -33.858 105.335
305.600 11.000 0.159 -30.492 -31.441 88.418
305.600 11.100 -31.143 -19.413 -28.528 67.574
305.600 11.200 -43.838 0.147 -18.525 53.765
305.600 11.300 -45.159 10.541 -4.643 48.791
305.600 11.400 -43.67 20.477 6.126 50.776
305.600 11.500 -35.151 26.003 12.952 47.801
305.600 11.600 -27.772 27.892 16.936 44.762
305.600 11.700 -16.764 29.493 15.546 38.799
305.600 11.800 -5.775 25.134 11.918 29.367
305.600 11.900 0.863 18.729 8.13 20.975
305.600 12.000 4.75 13.004 4.128 14.769
305.600 12.100 6.684 7.642 1.152 10.475
305.600 12.200 6.457 3.561 -0.5 7.711
305.600 12.300 5.651 0.908 -1.086 6.259
305.600 12.400 4.379 -0.853 0.344 4.943
305.600 12.500 2.899 -1.203 2.47 4.312
305.600 12.600 2.125 -0.479 3.872 4.583
305.600 12.700 2.089 0.326 4.661 5.178
305.600 12.800 2.767 1.379 4.977 5.887
305.600 12.900 4.992 1.979 4.927 7.306
305.600 13.000 7.468 0.599 5.158 9.115
305.600 13.100 7.72 -1.621 5.695 9.748
305.600 13.200 7.133 -3.043 6.578 10.183
305.600 13.300 5.081 -5.226 7.235 10.282
305.600 13.400 0.744 -5.59 7.449 9.351
305.600 13.500 -2.817 -3.458 7.309 8.567
305.600 13.600 -4.596 -1.336 6.551 8.117
305.600 13.700 -5.949 1.559 6.233 8.763
305.600 13.800 -2.987 5.244 5.995 8.514
305.600 13.900 2.4 4.981 6.163 8.286
305.600 14.000 5.216 2.135 6.849 8.874
305.600 14.100 5.888 0.425 7.574 9.607
305.600 14.200 5.987 -1.597 7.878 10.025
305.600 14.300 2.937 -2.626 7.273 8.273
305.600 14.400 0.308 -0.59 6.41 6.446
305.600 14.500 0.657 2.023 5.776 6.16
305.600 14.600 2.824 2.374 5.506 6.633
305.600 14.700 3.756 0.388 5.168 6.404
305.600 14.800 2.667 -1.063 4.553 5.385
305.600 14.900 1.574 -1.291 3.938 4.435
305.600 15.000 1.032 -1.184 2.83 3.237
305.700 0.000 7.476 2.895 3.805 8.881
305.700 0.100 9.944 -2.382 4.787 11.297
305.700 0.200 5.172 -8.55 4.632 11.021
305.700 0.300 -2.792 -7.199 3.947 8.679
305.700 0.400 -5.214 -0.599 3.13 6.119
305.700 0.500 -2.129 2.806 2.222 4.172
305.700 0.600 0.605 2.074 1.573 2.679
305.700 0.700 1.358 0.422 1.135 1.829
305.700 0.800 1.129 -0.986 0.866 1.741
305.700 0.900 -0.162 -2.03 0.804 2.199
305.700 1.000 -2.076 -1.508 0.864 2.716
305.700 1.100 -2.173 0.609 1.065 2.504
305.700 1.200 -0.174 1.218 1.405 1.877
305.700 1.300 0.939 -0.229 1.654 1.927
305.700 1.400 0.062 -1.635 1.816 2.457
305.700 1.500 -1.437 -1.667 2.02 2.999
305.700 1.600 -2.487 -0.97 1.996 3.344
305.700 1.700 -3.308 0.217 2.042 3.903
305.700 1.800 -2.689 2.264 1.966 4.037
305.700 1.900 -0.314 2.708 1.616 3.177
305.700 2.000 1.196 0.962 1.369 2.067
305.700 2.100 0.646 -0.775 1.014 1.444
305.700 2.200 -0.548 -0.772 0.644 1.159
305.700 2.300 -0.522 0.225 -0.175 0.599
305.700 2.400 0.387 0.634 -1.282 1.482
305.700 2.500 1.296 0.562 -2.132 2.559
305.700 2.600 2.225 0.027 -2.692 3.495
305.700 2.700 2.481 -1.587 -2.897 4.137
305.700 2.800 0.786 -2.863 -2.6 3.954
305.700 2.900 -1.263 -1.99 -2.023 3.115
305.700 3.000 -1.625 -0.136 -1.153 2.002
305.700 3.100 -0.903 0.65 -0.207 1.136
305.700 3.200 -0.179 0.668 0.395 0.804
305.700 3.300 0.447 0.142 0.676 0.838
305.700 3.400 0.469 -0.758 0.896 1.283
305.700 3.500 -0.436 -1.246 1.262 1.847
305.700 3.600 -1.548 -0.092 1.784 2.38
305.700 3.700 -0.417 2.205 2.094 3.078
305.700 3.800 2.647 2.486 2.182 4.245
305.700 3.900 4.24 0.248 2.316 4.852
305.700 4.000 3.281 -1.47 2.501 4.398
305.700 4.100 2.112 -2.137 2.527 3.948
305.700 4.200 0.839 -2.326 2.47 3.52
305.700 4.300 -0.312 -1.42 2.291 2.736
305.700 4.400 -0.268 0.41 1.651 1.735
305.700 4.500 1.045 1.966 0.699 2.337
305.700 4.600 2.886 3.081 -0.106 4.226
305.700 4.700 5.589 3.934 -0.601 6.868
305.700 4.800 8.757 2.569 -0.717 9.165
305.700 4.900 8.922 0.265 -0.65 8.965
305.700 5.000 8.635 -1.403 -0.428 8.777
305.700 5.100 6.631 -4.167 0.318 7.864
305.700 5.200 2.736 -4.465 1.385 5.447
305.700 5.300 0.348 -2.504 2.234 3.402
305.700 5.400 0.021 -0.764 2.921 3.038
305.700 5.500 0.389 -0.152 3.4 3.441
305.700 5.600 0.539 -0.189 3.419 3.481
305.700 5.700 0.543 -0.613 3.261 3.378
305.700 5.800 -0.141 -1.438 3.052 3.398
305.700 5.900 -1.684 -1.549 2.845 3.672
305.700 6.000 -2.788 -0.398 2.958 4.1
305.700 6.100 -2.83 0.683 3.575 4.619
305.700 6.200 -2.68 1.798 4.423 5.481
305.700 6.300 -0.955 2.884 5.114 5.95
305.700 6.400 1.274 2.134 5.762 6.278
305.700 6.500 1.92 0.205 6.214 6.515
305.700 6.600 1.044 -1.114 6.34 6.53
305.700 6.700 -0.307 -1.694 6.124 6.372
305.700 6.800 -2.249 -1.356 5.514 6.116
305.700 6.900 -3.73 1.396 4.89 6.311
305.700 7.000 -1.596 5.144 4.159 6.809
305.700 7.100 2.743 6.01 3.512 7.489
305.700 7.200 6.22 4.671 3.131 8.398
305.700 7.300 9.208 2.658 2.744 9.987
305.700 7.400 10.635 -2.024 2.339 11.098
305.700 7.500 7.166 -5.871 2.377 9.586
305.700 7.600 3.099 -6.398 2.314 7.495
305.700 7.700 -0.504 -5.952 2.206 6.383
305.700 7.800 -4.22 -4.04 2.169 6.246
305.700 7.900 -5.271 -0.094 2.068 5.68
305.700 8.000 -3.177 2.024 1.842 4.215
305.700 8.100 -1.194 2.588 1.876 3.437
305.700 8.200 1.014 2.413 2.508 3.65
305.700 8.300 2.861 0.661 3.304 4.438
305.700 8.400 2.683 -1.884 4.174 5.316
305.700 8.500 1.093 -3.386 5.075 6.203
305.700 8.600 -0.798 -4.245 5.8 7.24
305.700 8.700 -3.296 -4.581 6.306 8.479
305.700 8.800 -5.504 -3.264 6.698 9.3
305.700 8.900 -5.823 -2.223 7.201 9.585
305.700 9.000 -6.578 -2.176 7.691 10.439
305.700 9.100 -6.516 -1.73 7.45 10.173
305.700 9.200 -6.829 -2.082 6.829 10.048
305.700 9.300 -6.852 -0.628 6.084 9.443
305.700 9.400 -4.734 0.112 4.892 7.21
305.700 9.500 -2.995 0.578 3.483 5.155
305.700 9.600 -0.058 1.151 1.701 2.788
305.700 9.700 3.438 0.208 -0.787 5.163
305.700 9.800 6.248 -1.293 -4.157 10.769
305.700 9.900 10.047 -2.994 -8.532 16.789
305.700 10.000 10.854 -8.286 -11.952 20.433
305.700 10.100 5.124 -9.842 -13.499 18.756
305.700 10.200 2.029 -5.605 -15.804 17.192
305.700 10.300 5.153 -0.018 -18.678 20.685
305.700 10.400 12.669 3.293 -21.528 31.668
305.700 10.500 20.984 4.701 -20.574 46.191
305.700 10.600 32.152 3.367 -15.184 63.349
305.700 10.700 37.117 -9.484 -11.72 75.606
305.700 10.800 27.106 -18.906 -12.166 75.62
305.700 10.900 14.805 -23.379 -13.096 72.43
305.700 11.000 -2.92 -27.125 -17.632 62.321
305.700 11.100 -23.578 -21.15 -21.499 52.161
305.700 11.200 -36.216 -8.969 -19.32 46.429
305.700 11.300 -45.335 -0.479 -12.197 48.446
305.700 11.400 -50.012 13.443 -4.727 53.416
305.700 11.500 -42.079 21.565 -0.094 48.534
305.700 11.600 -36.697 26.067 2.85 45.99
305.700 11.700 -23.629 31.196 4.298 40.059
305.700 11.800 -9.685 27.567 4.047 30.038
305.700 11.900 -0.846 21.787 2.462 22.312
305.700 12.000 5.55 15.925 0.133 17.108
305.700 12.100 9.255 9.254 -1.529 13.367
305.700 12.200 10.111 4.261 -1.724 11.317
305.700 12.300 10.446 0.303 -1.203 10.765
305.700 12.400 7.43 -3.099 0.458 8.336
305.700 12.500 3.583 -2.973 2.357 5.461
305.700 12.600 1.795 -1.399 3.516 4.327
305.700 12.700 1.43 -0.108 4.004 4.318
305.700 12.800 1.967 1.097 4.331 4.91
305.700 12.900 4.022 1.578 5 6.627
305.700 13.000 6.185 -0.101 5.856 8.536
305.700 13.100 5.841 -2.6 7.088 9.563
305.700 13.200 4.537 -3.792 8.217 10.135
305.700 13.300 2.109 -5.239 8.368 10.105
305.700 13.400 -2.334 -5.015 7.355 9.209
305.700 13.500 -5.658 -2.209 5.571 8.248
305.700 13.600 -6.276 0.061 3.408 7.151
305.700 13.700 -6.859 1.977 1.702 7.351
305.700 13.800 -4.161 4.365 2.423 6.51
305.700 13.900 -0.045 3.386 4.94 5.994
305.700 14.000 1.634 0.814 7.266 7.493
305.700 14.100 1.294 -0.749 9.042 9.166
305.700 14.200 0.385 -1.401 9.941 10.047
305.700 14.300 -1.286 -1.278 8.755 8.942
305.700 14.400 -2.803 0.507 7.174 7.721
305.700 14.500 -1.901 2.83 5.847 6.775
305.700 14.600 0.298 2.803 4.891 5.651
305.700 14.700 1.245 1.024 4.197 4.5
305.700 14.800 0.542 -0.464 3.479 3.553
305.700 14.900 -0.435 -0.518 2.802 2.884
305.700 15.000 -0.196 -0.17 2.048 2.066
305.800 0.000 5.835 1.827 4.762 7.758
305.800 0.100 8.01 -2.655 5.459 10.058
305.800 0.200 3.152 -7.992 5.025 9.96
305.800 0.300 -4.859 -6.337 3.739 8.825
305.800 0.400 -6.701 0.55 2.5 7.18
305.800 0.500 -2.483 3.699 1.639 4.753
305.800 0.600 0.772 2.596 1.036 2.906
305.800 0.700 1.593 0.764 0.611 1.875
305.800 0.800 1.437 -0.803 0.287 1.678
305.800 0.900 0.163 -2.019 0.225 2.045
305.800 1.000 -1.63 -1.58 0.325 2.301
305.800 1.100 -1.954 0.209 0.589 2.059
305.800 1.200 -0.63 0.851 0.997 1.463
305.800 1.300 0.112 -0.367 1.192 1.265
305.800 1.400 -1.129 -1.728 1.063 2.332
305.800 1.500 -3.161 -1.637 0.826 3.663
305.800 1.600 -4.116 -0.727 0.457 4.212
305.800 1.700 -5.07 0.223 0.123 5.083
305.800 1.800 -4.498 2.56 -0.055 5.182
305.800 1.900 -1.607 2.957 -0.134 3.373
305.800 2.000 0.071 1.224 -0.25 1.254
305.800 2.100 -0.326 -0.457 -0.569 0.804
305.800 2.200 -1.541 -0.357 -0.95 1.85
305.800 2.300 -0.895 1.02 -1.296 1.877
305.800 2.400 0.957 1.365 -1.627 2.33
305.800 2.500 2.521 1.123 -1.948 3.381
305.800 2.600 4.155 0.529 -2.391 4.827
305.800 2.700 5.011 -1.67 -2.683 5.931
305.800 2.800 2.962 -3.462 -2.168 5.055
305.800 2.900 0.491 -2.63 -1.581 3.118
305.800 3.000 -0.277 -0.866 -1.078 1.417
305.800 3.100 0.01 0.088 -0.68 0.687
305.800 3.200 0.489 0.332 -0.423 0.729
305.800 3.300 1.021 -0.058 -0.202 1.051
305.800 3.400 1.011 -1.05 0.007 1.473
305.800 3.500 -0.153 -1.729 0.411 1.803
305.800 3.600 -1.583 -0.64 0.915 1.952
305.800 3.700 -0.764 1.632 1.713 2.495
305.800 3.800 1.876 1.994 2.682 3.842
305.800 3.900 3.256 0.166 3.145 4.544
305.800 4.000 2.598 -1.287 2.886 4.109
305.800 4.100 1.631 -1.982 2.52 3.619
305.800 4.200 0.138 -2.285 2.322 3.284
305.800 4.300 -1.485 -1.229 2.21 2.952
305.800 4.400 -1.286 1.011 1.999 2.594
305.800 4.500 0.514 2.47 1.823 3.117
305.800 4.600 2.57 3.365 1.834 4.62
305.800 4.700 5.259 3.849 2.006 6.826
305.800 4.800 8.009 2.37 2.379 8.695
305.800 4.900 8.724 0.267 2.741 9.163
305.800 5.000 9.347 -1.569 3.057 9.976
305.800 5.100 7.141 -4.849 3.218 9.236
305.800 5.200 2.353 -5.042 3.212 6.452
305.800 5.300 -0.512 -2.946 3.216 4.417
305.800 5.400 -1.327 -1.235 3.384 3.858
305.800 5.500 -1.528 -0.276 3.553 3.892
305.800 5.600 -1.152 0.14 3.236 3.45
305.800 5.700 -0.836 -0.319 2.774 2.929
305.800 5.800 -1.238 -1.105 2.38 2.92
305.800 5.900 -2.44 -1.418 2.084 3.529
305.800 6.000 -3.495 -0.596 2.04 4.109
305.800 6.100 -3.656 0.188 2.188 4.279
305.800 6.200 -3.783 1.079 2.619 4.737
305.800 6.300 -2.671 1.952 3.533 4.845
305.800 6.400 -1.308 1.315 4.655 5.015
305.800 6.500 -1.017 -0.025 5.237 5.341
305.800 6.600 -1.825 -1.063 5.27 5.687
305.800 6.700 -3.055 -1.148 4.966 5.953
305.800 6.800 -4.414 -0.62 4.035 6.025
305.800 6.900 -5.758 1.902 3.269 6.9
305.800 7.000 -3.012 5.585 3.147 7.089
305.800 7.100 1.871 6.083 3.548 7.293
305.800 7.200 5.341 4.525 4.12 8.131
305.800 7.300 8.129 2.599 4.767 9.787
305.800 7.400 9.563 -1.824 5.073 10.992
305.800 7.500 6.185 -5.444 4.306 9.311
305.800 7.600 2.348 -5.855 3.342 7.152
305.800 7.700 -0.793 -5.3 2.296 5.844
305.800 7.800 -3.706 -3.455 1.192 5.222
305.800 7.900 -4.364 -0.015 0.669 4.436
305.800 8.000 -2.399 1.921 0.853 3.214
305.800 8.100 -0.411 2.089 1.309 2.523
305.800 8.200 1.282 1.566 2.126 2.955
305.800 8.300 2.674 -0.14 3.045 4.066
305.800 8.400 2.001 -2.656 3.714 4.989
305.800 8.500 -0.112 -3.972 4.137 5.738
305.800 8.600 -2.253 -4.534 4.249 6.616
305.800 8.700 -4.891 -4.788 4.135 8.01
305.800 8.800 -7.313 -3.273 3.975 8.974
305.800 8.900 -7.301 -2.014 3.311 8.312
305.800 9.000 -7.708 -1.948 2.525 8.4
305.800 9.100 -7.504 -1.399 2.283 8.045
305.800 9.200 -7.439 -1.55 2.111 7.988
305.800 9.300 -7.241 -0.267 1.961 7.662
305.800 9.400 -5.508 0.602 2.238 6.22
305.800 9.500 -3.765 1.483 2.238 4.914
305.800 9.600 -0.526 2.562 1.69 3.492
305.800 9.700 3.685 2.126 0.867 5.685
305.800 9.800 7.204 0.986 -0.05 9.702
305.800 9.900 11.764 -0.505 -0.733 14.082
305.800 10.000 13.432 -5.825 -2.285 16.679
305.800 10.100 9.056 -7.109 -5.643 14.464
305.800 10.200 7.569 -3.332 -8.409 13.126
305.800 10.300 10.746 1.596 -9.241 15.745
305.800 10.400 19.021 3.372 -8.618 25.301
305.800 10.500 23.169 -0.008 -5.385 33.969
305.800 10.600 25.64 -1.551 -0.344 43.955
305.800 10.700 26.297 -9.646 1.419 52.369
305.800 10.800 16.947 -16.196 -2.254 48.684
305.800 10.900 6.94 -18.851 -8.252 44.36
305.800 11.000 -4.372 -20.869 -15.09 41.009
305.800 11.100 -17.959 -18.229 -21.224 40.407
305.800 11.200 -28.187 -11.21 -23.294 40.851
305.800 11.300 -37.587 -4.789 -22.344 44.947
305.800 11.400 -43.294 8.102 -19.496 48.992
305.800 11.500 -38.114 17.129 -13.707 44.721
305.800 11.600 -33.071 23.147 -9.069 41.959
305.800 11.700 -22.062 28.984 -5.639 37.4
305.800 11.800 -9.425 27.119 -3.293 29.406
305.800 11.900 0.083 22.721 -2.321 23.253
305.800 12.000 8.682 17.409 -2.494 19.928
305.800 12.100 13.958 9.062 -2.328 17.033
305.800 12.200 13.248 2.846 -0.421 13.748
305.800 12.300 12.141 -1.116 1.653 12.479
305.800 12.400 8.327 -4.497 2.903 10.072
305.800 12.500 3.862 -4.039 3.717 6.87
305.800 12.600 1.757 -1.919 4.215 5.06
305.800 12.700 1.559 -0.249 4.328 4.665
305.800 12.800 2.231 0.515 4.588 5.161
305.800 12.900 3.446 0.474 5.664 6.668
305.800 13.000 4.696 -1.378 7.204 8.728
305.800 13.100 3.147 -4.053 8.702 10.118
305.800 13.200 0.309 -4.605 10.059 11.077
305.800 13.300 -2.301 -4.172 9.725 10.836
305.800 13.400 -5.198 -2.818 7.32 9.416
305.800 13.500 -6.742 0.387 4.337 8.034
305.800 13.600 -5.227 2.77 1.02 6.014
305.800 13.700 -3.325 2.863 -1.332 4.605
305.800 13.800 -1.895 2.055 -0.524 2.861
305.800 13.900 -1.204 0.371 2.5 2.801
305.800 14.000 -1.691 -1.423 5.428 5.861
305.800 14.100 -3.511 -2.448 7.606 8.729
305.800 14.200 -5.578 -1.224 8.53 10.267
305.800 14.300 -5.662 0.472 7.412 9.343
305.800 14.400 -5.739 2.055 5.54 8.243
305.800 14.500 -3.897 4.056 4.097 6.967
305.800 14.600 -1.106 3.609 3.129 4.911
305.800 14.700 0.138 1.731 2.382 2.955
305.800 14.800 -0.149 0.231 1.699 1.723
305.800 14.900 -0.732 0.023 1.14 1.358
305.800 15.000 -0.433 0.236 0.902 1.032
305.900 0.000 3.164 0.231 5.791 6.613
305.900 0.100 3.925 -2.857 7.123 8.63
305.900 0.200 0.262 -6.154 5.899 8.538
305.900 0.300 -5.221 -4.312 3.39 7.581
305.900 0.400 -6.089 1.427 1.762 6.504
305.900 0.500 -2.313 4.146 1.162 4.893
305.900 0.600 0.842 3.012 0.831 3.241
305.900 0.700 1.952 1.191 0.498 2.346
305.900 0.800 2.187 -0.579 0.199 2.277
305.900 0.900 0.7 -2.151 0.165 2.274
305.900 1.000 -1.541 -1.788 0.287 2.386
305.900 1.100 -2.215 -0.068 0.441 2.267
305.900 1.200 -1.363 0.573 0.641 1.619
305.900 1.300 -0.963 -0.146 0.557 1.131
305.900 1.400 -1.761 -1.074 -0.211 2.08
305.900 1.500 -3.2 -1.016 -1.199 3.57
305.900 1.600 -3.918 -0.259 -1.871 4.353
305.900 1.700 -4.491 0.633 -2.355 5.113
305.900 1.800 -3.84 2.527 -2.572 5.269
305.900 1.900 -1.51 2.826 -2.431 4.023
305.900 2.000 -0.015 1.364 -2.343 2.712
305.900 2.100 0.062 -0.056 -2.529 2.531
305.900 2.200 -0.418 -0.122 -2.726 2.761
305.900 2.300 0.261 0.86 -2.411 2.573
305.900 2.400 1.954 1.221 -1.833 2.946
305.900 2.500 3.593 1.01 -1.231 3.935
305.900 2.600 5.619 0.592 -0.558 5.685
305.900 2.700 7.054 -1.878 -0.075 7.309
305.900 2.800 4.527 -3.873 0.039 5.969
305.900 2.900 1.896 -2.859 -0.045 3.444
305.900 3.000 1.007 -1.113 -0.057 1.514
305.900 3.100 1.302 0.057 -0.167 1.322
305.900 3.200 1.853 0.238 -0.353 1.908
305.900 3.300 2.194 -0.157 -0.424 2.248
305.900 3.400 2.136 -1.319 -0.38 2.551
305.900 3.500 0.749 -2.268 0.072 2.408
305.900 3.600 -0.863 -1.365 0.86 1.848
305.900 3.700 -0.681 0.585 1.821 2.042
305.900 3.800 0.937 1.145 2.76 3.143
305.900 3.900 1.892 0.087 3.224 3.754
305.900 4.000 1.614 -0.915 3.098 3.628
305.900 4.100 0.986 -1.581 2.683 3.286
305.900 4.200 -0.271 -1.925 2.14 2.914
305.900 4.300 -1.648 -1.015 1.702 2.595
305.900 4.400 -1.515 0.9 1.773 2.509
305.900 4.500 -0.055 2.136 2.331 3.169
305.900 4.600 1.738 2.923 3.095 4.604
305.900 4.700 4.351 3.333 3.989 6.786
305.900 4.800 7.081 1.747 4.883 8.789
305.900 4.900 7.048 -0.504 5.741 9.119
305.900 5.000 6.481 -1.998 6.411 9.35
305.900 5.100 4.394 -4.263 6.045 8.625
305.900 5.200 0.606 -4.396 4.914 6.644
305.900 5.300 -1.893 -2.519 3.921 5.052
305.900 5.400 -2.744 -1.03 3.058 4.253
305.900 5.500 -3.199 -0.008 2.441 4.037
305.900 5.600 -2.492 0.637 1.981 3.257
305.900 5.700 -1.783 0.093 1.603 2.412
305.900 5.800 -1.885 -0.692 1.217 2.366
305.900 5.900 -2.732 -1.121 0.775 3.076
305.900 6.000 -3.599 -0.595 0.513 3.704
305.900 6.100 -3.815 -0.105 0.671 3.894
305.900 6.200 -4.176 0.494 1.089 4.359
305.900 6.300 -3.66 1.019 1.634 4.148
305.900 6.400 -3.373 0.429 2.358 4.149
305.900 6.500 -3.449 -0.161 2.764 4.435
305.900 6.600 -4.064 -0.994 2.716 5.004
305.900 6.700 -5.15 -0.476 2.425 5.728
305.900 6.800 -5.014 0.488 1.659 5.32
305.900 6.900 -4.877 2.233 1.064 5.483
305.900 7.000 -2.603 4.713 1.763 5.673
305.900 7.100 0.974 5 3.209 6.025
305.900 7.200 3.588 3.638 4.479 6.8
305.900 7.300 5.403 1.77 5.465 7.892
305.900 7.400 5.985 -1.526 5.784 8.47
305.900 7.500 3.757 -4.269 4.973 7.563
305.900 7.600 0.872 -4.671 3.71 6.037
305.900 7.700 -1.325 -4 2.309 4.815
305.900 7.800 -3.201 -2.517 1.108 4.234
305.900 7.900 -3.413 0.172 0.521 3.477
305.900 8.000 -1.556 1.599 0.554 2.323
305.900 8.100 0.162 1.384 1.107 1.799
305.900 8.200 1.276 0.595 2.014 2.469
305.900 8.300 1.925 -0.901 2.872 3.579
305.900 8.400 1.07 -2.909 3.22 4.47
305.900 8.500 -1.012 -3.916 3.026 5.053
305.900 8.600 -2.952 -4.017 2.354 5.518
305.900 8.700 -5.006 -4.086 1.175 6.579
305.900 8.800 -6.967 -2.654 0.007 7.477
305.900 8.900 -6.328 -1.355 -0.418 6.514
305.900 9.000 -5.832 -1.473 -0.698 6.088
305.900 9.100 -5.719 -1.477 -0.782 5.996
305.900 9.200 -6.071 -1.554 -0.629 6.351
305.900 9.300 -6.157 -0.554 -0.367 6.283
305.900 9.400 -5.301 0.104 0.086 5.457
305.900 9.500 -4.419 1.265 0.709 4.827
305.900 9.600 -1.364 2.554 1.41 3.402
305.900 9.700 2.315 2.103 2.215 4.499
305.900 9.800 5.131 0.966 2.922 7.091
305.900 9.900 7.913 -0.552 3.534 9.945
305.900 10.000 8.996 -3.755 3.16 11.605
305.900 10.100 7.573 -4.434 1.569 9.88
305.900 10.200 7.712 -2.326 0.635 9.184
305.900 10.300 9.706 0.386 1.401 10.766
305.900 10.400 14.404 0.479 4.442 16.837
305.900 10.500 15.055 -3.701 7.586 22.787
305.900 10.600 12.478 -5.067 10.603 29.175
305.900 10.700 10.819 -6.628 10.25 33.08
305.900 10.800 8.169 -8.573 2.679 28.424
305.900 10.900 5.018 -11.352 -6.432 24.536
305.900 11.000 -1.206 -13.988 -13.804 25.294
305.900 11.100 -9.125 -13.182 -20.042 28.834
305.900 11.200 -16.839 -10.221 -23.734 32.38
305.900 11.300 -25.393 -5.295 -24.737 36.532
305.900 11.400 -30.702 4.597 -23.843 39.572
305.900 11.500 -29.84 12.057 -20.877 38.758
305.900 11.600 -28.626 19.087 -16.919 38.781
305.900 11.700 -18.579 25.938 -13.118 35.064
305.900 11.800 -6.589 24.552 -9.419 27.795
305.900 11.900 2.342 20.847 -5.812 22.458
305.900 12.000 10.861 15.958 -2.249 20.009
305.900 12.100 15.883 7.362 0.712 17.873
305.900 12.200 14.068 0.964 2.481 14.521
305.900 12.300 11.884 -2.593 3.824 12.895
305.900 12.400 7.632 -5.426 5.021 10.754
305.900 12.500 3.007 -4.542 5.727 8.019
305.900 12.600 0.937 -1.982 5.813 6.295
305.900 12.700 1.06 -0.187 5.61 5.763
305.900 12.800 1.81 0.01 5.659 5.973
305.900 12.900 2.092 -0.764 6.267 6.674
305.900 13.000 1.834 -2.791 7.354 8.095
305.900 13.100 -0.868 -5.392 8.511 10.128
305.900 13.200 -5.632 -5.362 9.528 12.309
305.900 13.300 -8.279 -2.205 8.718 12.23
305.900 13.400 -8.655 0.186 5.729 10.388
305.900 13.500 -8.266 3.672 2.403 9.368
305.900 13.600 -3.824 5.892 -0.849 7.089
305.900 13.700 0.38 3.793 -2.889 4.804
305.900 13.800 1.086 0.052 -2.352 2.616
305.900 13.900 -0.61 -2.53 0.034 2.614
305.900 14.000 -3.073 -3.969 2.764 5.734
305.900 14.100 -6.415 -4.124 5.113 9.185
305.900 14.200 -9.095 -1.137 6.054 10.99
305.900 14.300 -8.312 2.074 5.124 9.988
305.900 14.400 -6.829 3.733 3.417 8.508
305.900 14.500 -4.297 5.108 2.047 6.994
305.900 14.600 -1.278 4.366 1.12 4.699
305.900 14.700 0.204 2.297 0.522 2.377
305.900 14.800 0.124 0.688 0.161 0.73
305.900 14.900 -0.3 0.243 -0.021 0.4
305.900 15.000 -0.132 0.226 0.036 0.277
306.000 0.000 0.063 -1.544 5.139 5.374
306.000 0.100 -1.005 -2.999 6.022 6.81
306.000 0.200 -3.313 -4.018 4.972 7.209
306.000 0.300 -6.614 -2.312 3.058 7.652
306.000 0.400 -6.385 2.586 1.638 7.087
306.000 0.500 -2.084 4.662 0.873 5.185
306.000 0.600 1.165 3.191 0.626 3.459
306.000 0.700 2.042 1.265 0.703 2.508
306.000 0.800 2.085 -0.457 0.747 2.268
306.000 0.900 0.587 -2.007 0.5 2.157
306.000 1.000 -1.626 -1.703 0.195 2.369
306.000 1.100 -2.443 -0.092 -0.034 2.45
306.000 1.200 -2.001 0.607 -0.277 2.114
306.000 1.300 -1.751 0.446 -0.766 1.966
306.000 1.400 -1.824 -0.009 -1.706 2.5
306.000 1.500 -2.474 -0.061 -2.767 3.714
306.000 1.600 -2.799 0.4 -3.705 4.662
306.000 1.700 -3.275 1.022 -4.366 5.554
306.000 1.800 -2.566 2.676 -4.712 5.996
306.000 1.900 -0.177 2.748 -4.816 5.547
306.000 2.000 1.287 1.265 -4.665 5.002
306.000 2.100 1.594 -0.137 -4.276 4.567
306.000 2.200 1.389 -0.519 -3.655 3.946
306.000 2.300 1.815 -0.019 -2.609 3.18
306.000 2.400 3.087 0.265 -1.254 3.347
306.000 2.500 4.209 -0.107 0.141 4.22
306.000 2.600 5.119 -0.549 1.544 5.384
306.000 2.700 5.625 -2.294 2.557 6.603
306.000 2.800 3.821 -3.605 2.647 5.896
306.000 2.900 1.987 -2.613 2.386 4.073
306.000 3.000 1.363 -0.908 2.052 2.641
306.000 3.100 1.939 0.438 1.609 2.568
306.000 3.200 2.865 0.63 1.033 3.12
306.000 3.300 3.589 0.272 0.25 3.616
306.000 3.400 3.929 -1.419 -0.291 4.198
306.000 3.500 2.016 -3.041 0.181 3.669
306.000 3.600 -0.407 -2.314 1.05 2.592
306.000 3.700 -0.904 -0.434 2.048 2.296
306.000 3.800 0.032 0.364 3.077 3.112
306.000 3.900 0.656 0.006 3.517 3.592
306.000 4.000 0.535 -0.503 3.153 3.253
306.000 4.100 0.18 -1.001 2.511 2.728
306.000 4.200 -0.606 -1.366 1.877 2.419
306.000 4.300 -1.59 -0.856 1.55 2.397
306.000 4.400 -1.548 0.435 1.784 2.413
306.000 4.500 -0.59 1.228 2.628 2.969
306.000 4.600 0.559 1.71 3.955 4.353
306.000 4.700 2.198 1.861 5.691 6.389
306.000 4.800 3.745 0.681 7.386 8.321
306.000 4.900 3.514 -0.906 7.96 8.762
306.000 5.000 2.752 -1.871 7.778 8.476
306.000 5.100 1.049 -3.112 6.833 7.6
306.000 5.200 -1.863 -3.027 5.196 6.314
306.000 5.300 -3.742 -1.182 3.476 5.258
306.000 5.400 -3.704 0.092 1.96 4.206
306.000 5.500 -3.566 0.685 0.885 3.75
306.000 5.600 -2.82 0.969 0.322 3.009
306.000 5.700 -2.196 0.336 0.123 2.239
306.000 5.800 -2.127 -0.33 -0.061 2.173
306.000 5.900 -2.511 -0.737 -0.348 2.663
306.000 6.000 -3.033 -0.449 -0.604 3.147
306.000 6.100 -3.306 -0.16 -0.881 3.448
306.000 6.200 -3.798 0.266 -1.104 3.985
306.000 6.300 -3.417 0.619 -0.972 3.626
306.000 6.400 -3.31 0.044 -0.788 3.426
306.000 6.500 -3.467 -0.326 -0.575 3.554
306.000 6.600 -3.84 -0.855 -0.434 3.982
306.000 6.700 -4.481 -0.288 -0.44 4.535
306.000 6.800 -4.089 0.672 -0.111 4.165
306.000 6.900 -3.566 1.862 0.434 4.061
306.000 7.000 -1.927 3.385 1.506 4.183
306.000 7.100 0.478 3.545 2.987 4.662
306.000 7.200 2.185 2.456 4.352 5.455
306.000 7.300 3.242 1.073 5.328 6.332
306.000 7.400 3.557 -1.228 5.53 6.694
306.000 7.500 1.812 -3.126 4.674 5.913
306.000 7.600 -0.313 -3.268 3.264 4.636
306.000 7.700 -1.603 -2.566 1.77 3.515
306.000 7.800 -2.569 -1.541 0.449 3.045
306.000 7.900 -2.395 0.31 -0.069 2.438
306.000 8.000 -0.627 1.166 0.33 1.387
306.000 8.100 0.832 0.545 1.103 1.495
306.000 8.200 1.297 -0.36 2.129 2.523
306.000 8.300 1.476 -1.416 2.874 3.53
306.000 8.400 0.528 -2.791 2.934 4.084
306.000 8.500 -1.199 -3.203 2.276 4.109
306.000 8.600 -2.442 -2.839 1.11 3.911
306.000 8.700 -3.214 -2.503 -0.439 4.106
306.000 8.800 -3.764 -1.802 -1.83 4.57
306.000 8.900 -3.581 -1.251 -2.288 4.444
306.000 9.000 -3.484 -1.33 -2.472 4.487
306.000 9.100 -3.485 -1.471 -2.58 4.592
306.000 9.200 -3.931 -1.637 -2.683 5.053
306.000 9.300 -4.199 -0.964 -2.502 5.027
306.000 9.400 -3.676 -0.503 -1.793 4.212
306.000 9.500 -3.116 0.304 -0.864 3.362
306.000 9.600 -1.256 1.174 0.771 1.982
306.000 9.700 1.092 0.832 2.594 3.211
306.000 9.800 2.759 -0.12 4.167 5.363
306.000 9.900 4.314 -1.179 5.44 7.576
306.000 10.000 4.852 -3.228 5.88 9.037
306.000 10.100 3.508 -3.804 5.613 7.926
306.000 10.200 2.989 -2.538 5.774 7.101
306.000 10.300 3.957 -1.332 6.579 7.806
306.000 10.400 5.371 -2.405 8.414 10.865
306.000 10.500 3.617 -5.815 10.114 15.6
306.000 10.600 -2.026 -6.665 11.119 21.194
306.000 10.700 -4.566 -2.212 9.617 22.778
306.000 10.800 0.668 0.016 3.803 17.395
306.000 10.900 4.97 -3.677 -3.216 14.168
306.000 11.000 2.19 -7.717 -9.732 15.303
306.000 11.100 -2.561 -7.884 -15.684 19.516
306.000 11.200 -7.939 -7.101 -20.619 24.334
306.000 11.300 -15.177 -3.805 -24.484 29.583
306.000 11.400 -19.616 3.977 -26.396 33.262
306.000 11.500 -18.402 10.173 -25.993 33.704
306.000 11.600 -16.639 15.766 -24.544 34.061
306.000 11.700 -9.115 20.977 -19.628 30.791
306.000 11.800 0.32 19.984 -13.833 25.136
306.000 11.900 6.884 15.989 -8.138 20.238
306.000 12.000 12.015 11.491 -2.357 17.717
306.000 12.100 14.652 4.421 2.054 15.968
306.000 12.200 12.546 -0.906 5.284 13.888
306.000 12.300 10.225 -3.841 7.422 13.346
306.000 12.400 5.504 -6.085 8.071 11.617
306.000 12.500 0.567 -4.622 7.984 9.332
306.000 12.600 -1.295 -1.533 7.424 7.755
306.000 12.700 -0.748 0.187 6.574 6.66
306.000 12.800 0.093 0.004 6.109 6.137
306.000 12.900 0.334 -1.219 6.041 6.192
306.000 13.000 -0.37 -3.502 6.318 7.25
306.000 13.100 -3.786 -6.021 6.557 9.689
306.000 13.200 -9.418 -5.243 6.243 12.467
306.000 13.300 -11.658 -0.202 5.001 12.695
306.000 13.400 -9.786 3.302 2.678 10.677
306.000 13.500 -7.041 6.651 -0.196 9.698
306.000 13.600 -0.911 8.392 -2.717 8.882
306.000 13.700 4.827 4.555 -4.562 8.072
306.000 13.800 4.899 -1.692 -3.842 6.471
306.000 13.900 1.298 -4.983 -1.522 5.383
306.000 14.000 -3.007 -6.397 0.681 7.111
306.000 14.100 -8.705 -6.054 2.716 10.952
306.000 14.200 -12.879 -0.989 3.68 13.438
306.000 14.300 -10.577 3.789 2.312 11.48
306.000 14.400 -7.653 5.149 0.678 9.261
306.000 14.500 -4.211 6.093 -0.277 7.425
306.000 14.600 -0.546 4.949 -0.739 5.049
306.000 14.700 1.178 2.608 -0.971 3.039
306.000 14.800 1.143 0.891 -1.165 1.876
306.000 14.900 0.729 0.166 -1.2 1.43
306.000 15.000 0.595 -0.136 -0.744 0.977
306.100 0.000 -1.933 -2.562 3.575 4.811
306.100 0.100 -3.691 -2.818 3.797 6.005
306.100 0.200 -5.166 -2.363 2.847 6.36
306.100 0.300 -6.812 -0.651 1.183 6.949
306.100 0.400 -5.906 3.158 0.348 6.711
306.100 0.500 -1.941 4.651 0.651 5.086
306.100 0.600 1 3.132 1.007 3.444
306.100 0.700 1.625 1.283 0.924 2.274
306.100 0.800 1.439 -0.246 0.623 1.594
306.100 0.900 0.04 -1.619 0.184 1.636
306.100 1.000 -2.178 -1.38 -0.261 2.597
306.100 1.100 -2.892 0.404 -0.808 3.033
306.100 1.200 -2.018 1.202 -1.542 2.811
306.100 1.300 -1.371 1.261 -2.338 2.989
306.100 1.400 -0.873 1.1 -3.341 3.624
306.100 1.500 -0.785 1.034 -4.564 4.745
306.100 1.600 -0.468 1.34 -5.581 5.759
306.100 1.700 -0.164 1.759 -6.578 6.811
306.100 1.800 0.919 2.768 -7.021 7.603
306.100 1.900 3.259 2.647 -6.821 8.01
306.100 2.000 4.816 0.775 -6.498 8.127
306.100 2.100 4.631 -1.007 -5.46 7.233
306.100 2.200 3.987 -1.651 -4.233 6.049
306.100 2.300 3.571 -1.725 -2.48 4.683
306.100 2.400 3.583 -1.534 -0.31 3.918
306.100 2.500 3.731 -1.616 1.555 4.364
306.100 2.600 3.96 -1.783 2.975 5.276
306.100 2.700 3.965 -2.936 3.951 6.333
306.100 2.800 2.063 -3.728 4.454 6.177
306.100 2.900 0.231 -2.441 4.629 5.253
306.100 3.000 0.004 -0.35 4.209 4.237
306.100 3.100 1.11 1.027 3.477 3.803
306.100 3.200 2.55 1.376 2.828 4.058
306.100 3.300 4.346 1.127 2.184 5.001
306.100 3.400 5.668 -1.234 1.724 6.063
306.100 3.500 3.19 -3.561 1.617 5.063
306.100 3.600 0.199 -2.98 1.8 3.505
306.100 3.700 -1.059 -1.458 2.405 3.021
306.100 3.800 -1.327 -0.486 3.273 3.579
306.100 3.900 -1.18 0.167 3.549 3.757
306.100 4.000 -0.623 0.243 2.893 2.983
306.100 4.100 -0.349 -0.248 2.042 2.101
306.100 4.200 -0.649 -0.781 1.297 1.666
306.100 4.300 -1.32 -0.784 0.862 1.777
306.100 4.400 -1.437 -0.26 1.233 1.925
306.100 4.500 -1.148 -0.074 2.431 2.703
306.100 4.600 -0.916 0.044 4.047 4.162
306.100 4.700 -0.581 -0.085 5.897 5.94
306.100 4.800 -0.546 -0.593 7.592 7.647
306.100 4.900 -0.908 -1.118 8.432 8.568
306.100 5.000 -1.572 -1.344 8.513 8.774
306.100 5.100 -2.573 -1.335 7.188 7.765
306.100 5.200 -3.963 -0.795 4.672 6.192
306.100 5.300 -4.608 0.742 2.209 5.174
306.100 5.400 -3.951 1.535 0.202 4.254
306.100 5.500 -3.511 1.58 -1.179 4.038
306.100 5.600 -2.49 1.356 -1.86 3.404
306.100 5.700 -1.919 0.352 -1.96 2.784
306.100 5.800 -1.864 -0.283 -1.761 2.603
306.100 5.900 -2.069 -0.646 -1.551 2.691
306.100 6.000 -2.411 -0.199 -1.565 2.905
306.100 6.100 -2.146 0.316 -1.913 2.915
306.100 6.200 -1.906 0.53 -2.43 3.158
306.100 6.300 -1.583 0.505 -2.61 3.12
306.100 6.400 -1.421 -0.018 -2.63 3.021
306.100 6.500 -1.623 -0.661 -2.444 3.04
306.100 6.600 -2.215 -1.08 -2.007 3.211
306.100 6.700 -2.802 -0.684 -1.501 3.28
306.100 6.800 -2.808 0.026 -0.809 2.947
306.100 6.900 -2.64 0.918 0.089 2.813
306.100 7.000 -1.707 1.926 1.419 2.945
306.100 7.100 -0.356 2.027 3.009 3.646
306.100 7.200 0.536 1.335 4.294 4.529
306.100 7.300 0.918 0.407 5.119 5.217
306.100 7.400 0.862 -0.803 5.25 5.381
306.100 7.500 0.008 -1.783 4.227 4.59
306.100 7.600 -1.06 -1.772 2.787 3.473
306.100 7.700 -1.432 -1.139 1.348 2.28
306.100 7.800 -1.355 -0.581 0.188 1.502
306.100 7.900 -0.887 0.116 -0.081 0.92
306.100 8.000 0.201 0.342 0.643 0.762
306.100 8.100 1.04 -0.473 1.728 2.075
306.100 8.200 0.75 -1.356 2.771 3.175
306.100 8.300 0.262 -1.811 3.524 3.971
306.100 8.400 -0.53 -2.238 3.292 4.017
306.100 8.500 -1.554 -2.123 2.26 3.472
306.100 8.600 -1.99 -1.441 0.954 2.643
306.100 8.700 -1.663 -0.993 -0.465 2.001
306.100 8.800 -1.249 -0.891 -1.607 2.229
306.100 8.900 -0.902 -0.847 -2.269 2.59
306.100 9.000 -0.501 -1.042 -2.756 2.989
306.100 9.100 -0.504 -1.431 -2.872 3.25
306.100 9.200 -0.686 -1.481 -2.956 3.385
306.100 9.300 -0.887 -1.545 -2.821 3.369
306.100 9.400 -1.285 -1.426 -1.989 2.844
306.100 9.500 -1.365 -1.063 -0.845 2.076
306.100 9.600 -0.968 -0.832 0.923 1.802
306.100 9.700 -0.324 -1.064 3.048 3.443
306.100 9.800 0.058 -1.67 4.831 5.236
306.100 9.900 0.173 -2.354 6.285 6.834
306.100 10.000 -0.099 -3.191 6.948 7.829
306.100 10.100 -1.072 -3.586 6.607 7.672
306.100 10.200 -1.984 -2.894 6.537 7.459
306.100 10.300 -1.561 -2.361 7.11 7.9
306.100 10.400 -1.404 -3.652 8.034 9.87
306.100 10.500 -3.859 -5.963 7.951 13.061
306.100 10.600 -9.267 -5.644 6.327 16.882
306.100 10.700 -11.085 0.483 4.293 16.832
306.100 10.800 -4.756 4.113 2.644 10.433
306.100 10.900 0.951 1.584 -0.098 6.237
306.100 11.000 1.585 -1.552 -5.329 8.535
306.100 11.100 0.432 -2.346 -11.268 13.15
306.100 11.200 -1.695 -2.219 -16.543 17.818
306.100 11.300 -4.454 0.291 -21.439 22.417
306.100 11.400 -5.593 4.798 -24.376 25.678
306.100 11.500 -4.261 9.472 -24.138 26.723
306.100 11.600 -0.875 12.875 -22.468 26.602
306.100 11.700 3.261 14.992 -17.764 24.237
306.100 11.800 9.41 14.459 -11.935 21.775
306.100 11.900 12.785 9.682 -5.89 18.075
306.100 12.000 13.667 6.198 0.253 16.034
306.100 12.100 13.906 0.604 4.817 15.354
306.100 12.200 9.193 -3.783 7.779 12.899
306.100 12.300 4.617 -5.077 9.59 11.928
306.100 12.400 0.383 -5.646 9.395 11.058
306.100 12.500 -3.987 -4.101 8.547 10.351
306.100 12.600 -5.147 -0.316 7.442 9.098
306.100 12.700 -3.151 1.169 6.019 6.922
306.100 12.800 -1.753 0.426 5.209 5.531
306.100 12.900 -1.415 -1.2 4.878 5.234
306.100 13.000 -2.433 -3.56 4.758 6.435
306.100 13.100 -5.875 -5.741 4.384 9.323
306.100 13.200 -11.21 -4.447 3.896 12.684
306.100 13.300 -12.825 1.41 2.773 13.205
306.100 13.400 -9.771 5.506 0.93 11.262
306.100 13.500 -5.518 8.747 -0.623 10.371
306.100 13.600 2.48 10.461 -2.01 10.949
306.100 13.700 10.865 5.278 -3.063 12.475
306.100 13.800 9.658 -3.547 -2.464 10.593
306.100 13.900 3.392 -6.718 -1.226 7.637
306.100 14.000 -2.19 -7.54 -0.722 7.895
306.100 14.100 -8.891 -6.669 -1.126 11.182
306.100 14.200 -13.569 -0.521 -1.994 13.736
306.100 14.300 -9.996 5.084 -2.444 11.492
306.100 14.400 -5.627 6.021 -3.041 8.8
306.100 14.500 -2.061 6.086 -2.87 7.054
306.100 14.600 1.193 4.832 -2.248 5.478
306.100 14.700 2.8 2.59 -1.878 4.266
306.100 14.800 2.965 1.012 -1.733 3.595
306.100 14.900 2.784 -0.126 -1.64 3.247
306.100 15.000 1.891 -0.885 -0.953 2.306
306.200 0.000 -3.16 -3.047 2.034 4.844
306.200 0.100 -5.338 -2.453 2.103 6.245
306.200 0.200 -6.052 -0.995 1.191 6.253
306.200 0.300 -6.375 0.491 0.115 6.399
306.200 0.400 -5.197 3.129 -0.205 6.073
306.200 0.500 -2.144 4.042 0.222 4.584
306.200 0.600 0.07 2.929 0.745 3.028
306.200 0.700 0.866 1.545 0.773 1.939
306.200 0.800 0.962 0.273 0.377 1.075
306.200 0.900 -0.11 -0.862 -0.491 1.001
306.200 1.000 -1.912 -0.622 -1.636 2.594
306.200 1.100 -2.317 1.013 -2.439 3.514
306.200 1.200 -1.199 1.799 -2.833 3.564
306.200 1.300 -0.18 2.031 -3.309 3.887
306.200 1.400 1.061 2.222 -4.078 4.764
306.200 1.500 2.362 2.092 -5.039 5.945
306.200 1.600 3.245 2.096 -5.615 6.816
306.200 1.700 4.594 2.562 -6.159 8.101
306.200 1.800 6.155 2.536 -6.253 9.135
306.200 1.900 8.164 2.422 -5.758 10.282
306.200 2.000 10.11 -0.024 -5.258 11.399
306.200 2.100 8.726 -2.306 -4.099 9.917
306.200 2.200 7.564 -3.026 -2.967 8.675
306.200 2.300 5.809 -3.952 -1.213 7.137
306.200 2.400 3.936 -3.635 0.902 5.444
306.200 2.500 2.882 -3.295 2.667 5.138
306.200 2.600 2.114 -3.154 4.212 5.685
306.200 2.700 1.335 -3.605 5.278 6.543
306.200 2.800 -0.641 -3.912 5.402 6.714
306.200 2.900 -2.804 -2.388 5.342 6.501
306.200 3.000 -2.491 0.331 5.032 5.637
306.200 3.100 -0.408 1.624 4.6 4.906
306.200 3.200 1.471 1.799 4.32 4.915
306.200 3.300 3.269 1.381 4.135 5.459
306.200 3.400 4.384 -0.889 3.92 5.959
306.200 3.500 2.546 -3.154 3.323 5.256
306.200 3.600 -0.048 -2.999 2.843 4.15
306.200 3.700 -1.549 -1.897 2.737 3.689
306.200 3.800 -2.533 -0.911 2.805 3.901
306.200 3.900 -2.659 0.501 2.668 3.81
306.200 4.000 -1.417 1.037 2.149 2.784
306.200 4.100 -0.507 0.535 1.443 1.63
306.200 4.200 -0.244 -0.118 0.76 0.821
306.200 4.300 -0.322 -0.647 0.318 0.809
306.200 4.400 -0.684 -1.139 0.669 1.508
306.200 4.500 -1.383 -1.523 1.805 2.755
306.200 4.600 -2.164 -1.682 3.329 4.328
306.200 4.700 -2.985 -1.916 5.117 6.242
306.200 4.800 -4.126 -1.841 6.644 8.05
306.200 4.900 -5.247 -1.649 7.35 9.194
306.200 5.000 -6.944 -0.942 7.403 10.206
306.200 5.100 -7.138 1.03 5.89 9.322
306.200 5.200 -6.291 1.913 3.165 7.306
306.200 5.300 -5.381 3.264 0.526 6.323
306.200 5.400 -3.023 3.716 -2.114 5.242
306.200 5.500 -1.309 2.72 -4.067 5.076
306.200 5.600 -0.208 1.45 -4.443 4.695
306.200 5.700 0.182 0.065 -4.068 4.094
306.200 5.800 -0.164 -0.92 -3.301 3.457
306.200 5.900 -0.946 -1.086 -2.336 2.772
306.200 6.000 -1.407 -0.184 -1.884 2.383
306.200 6.100 -0.918 0.754 -2.045 2.385
306.200 6.200 -0.158 0.984 -2.539 2.75
306.200 6.300 0.351 0.721 -3.006 3.137
306.200 6.400 0.65 0.041 -3.328 3.421
306.200 6.500 0.393 -1.02 -3.241 3.454
306.200 6.600 -0.527 -1.643 -2.713 3.25
306.200 6.700 -1.405 -1.42 -1.966 2.836
306.200 6.800 -1.782 -0.894 -0.965 2.244
306.200 6.900 -1.986 -0.214 0.167 2.022
306.200 7.000 -1.77 0.482 1.411 2.321
306.200 7.100 -1.422 0.655 2.688 3.113
306.200 7.200 -1.175 0.475 3.637 3.852
306.200 7.300 -1.199 -0.029 4.102 4.276
306.200 7.400 -1.474 -0.296 3.997 4.273
306.200 7.500 -1.462 -0.52 3.104 3.473
306.200 7.600 -1.686 -0.457 1.899 2.585
306.200 7.700 -1.224 0.067 0.79 1.466
306.200 7.800 -0.388 0.04 0.04 0.409
306.200 7.900 0.141 -0.276 0.057 0.326
306.200 8.000 0.486 -0.711 0.887 1.239
306.200 8.100 0.452 -1.555 1.991 2.567
306.200 8.200 -0.481 -2.281 2.972 3.777
306.200 8.300 -1.703 -2.101 3.588 4.495
306.200 8.400 -2.141 -1.405 3.249 4.14
306.200 8.500 -2.157 -0.904 2.181 3.205
306.200 8.600 -1.78 -0.159 0.991 2.054
306.200 8.700 -0.676 0.18 -0.134 0.73
306.200 8.800 0.335 -0.219 -0.9 0.993
306.200 8.900 0.943 -0.525 -1.021 1.49
306.200 9.000 1.809 -0.849 -0.922 2.207
306.200 9.100 1.691 -1.513 -0.833 2.427
306.200 9.200 1.441 -1.376 -0.838 2.182
306.200 9.300 1.269 -1.843 -0.921 2.465
306.200 9.400 0.271 -2.091 -0.875 2.368
306.200 9.500 -0.405 -2.249 -0.352 2.453
306.200 9.600 -1.168 -2.711 0.955 3.281
306.200 9.700 -2.168 -2.963 2.739 4.741
306.200 9.800 -2.812 -3.047 4.196 6.006
306.200 9.900 -3.654 -3.419 5.224 7.293
306.200 10.000 -4.483 -3.176 5.684 7.933
306.200 10.100 -4.777 -3.207 5.479 7.979
306.200 10.200 -5.504 -3.001 5.302 8.319
306.200 10.300 -5.851 -3.048 5.445 8.982
306.200 10.400 -7.126 -3.959 5.762 11.096
306.200 10.500 -9.214 -4.487 4.771 13.166
306.200 10.600 -12.613 -3.618 2.817 15.477
306.200 10.700 -13.542 1.875 1.349 15.559
306.200 10.800 -8.399 5.244 0.308 10.803
306.200 10.900 -3.791 4.432 -0.876 6.594
306.200 11.000 -0.577 3.367 -3.756 6.217
306.200 11.100 2.04 2.473 -7.58 9.293
306.200 11.200 2.7 1.979 -11.16 12.451
306.200 11.300 3.165 3.936 -14.255 15.622
306.200 11.400 4.504 5.698 -16.111 18.087
306.200 11.500 5.288 8.343 -15.922 19.356
306.200 11.600 8.268 9.914 -13.901 19.822
306.200 11.700 10.081 9.789 -10.127 18.178
306.200 11.800 12.98 8.868 -4.876 17.17
306.200 11.900 13.592 4.317 0.095 14.858
306.200 12.000 11.34 1.35 4.344 12.794
306.200 12.100 9.102 -2.103 7.479 12.352
306.200 12.200 4.293 -5.043 8.345 10.825
306.200 12.300 -0.806 -5.206 8.178 9.815
306.200 12.400 -3.982 -4.395 7.035 9.264
306.200 12.500 -7.187 -2.962 5.355 9.482
306.200 12.600 -7.564 0.818 4.239 8.738
306.200 12.700 -4.674 1.979 3.797 6.357
306.200 12.800 -2.946 0.934 3.382 4.593
306.200 12.900 -2.605 -0.845 2.814 3.935
306.200 13.000 -3.832 -3.044 2.075 5.326
306.200 13.100 -7.044 -4.949 0.927 8.669
306.200 13.200 -12.671 -3.783 -0.358 13.238
306.200 13.300 -13.905 2.741 -1.264 14.237
306.200 13.400 -9.238 6.577 -1.693 11.474
306.200 13.500 -4.408 9.047 -1.441 10.176
306.200 13.600 3.334 10.13 0.011 10.674
306.200 13.700 10.961 4.87 1.805 12.138
306.200 13.800 9.821 -3.546 1.708 10.588
306.200 13.900 3.957 -6.475 0.451 7.61
306.200 14.000 -1.047 -6.675 -0.944 6.832
306.200 14.100 -5.969 -5.072 -2.772 8.322
306.200 14.200 -8.653 0.186 -4.268 9.664
306.200 14.300 -5.783 5.078 -4.411 8.887
306.200 14.400 -1.355 5.917 -4.085 7.334
306.200 14.500 1.477 5.106 -3.104 6.173
306.200 14.600 3.793 4.156 -1.945 5.968
306.200 14.700 5.018 2.069 -1.184 5.567
306.200 14.800 4.747 0.816 -0.649 4.87
306.200 14.900 4.595 -0.457 -0.385 4.643
306.200 15.000 2.986 -1.529 -0.079 3.362
306.300 0.000 -3.561 -2.974 -0.024 4.644
306.300 0.100 -6.067 -1.933 -0.742 6.415
306.300 0.200 -6.063 0.006 -1.431 6.233
306.300 0.300 -5.622 0.98 -1.958 6.036
306.300 0.400 -4.486 2.73 -1.699 5.521
306.300 0.500 -2.09 3.238 -0.658 3.912
306.300 0.600 -0.478 2.531 0.157 2.583
306.300 0.700 0.148 1.684 0.303 1.721
306.300 0.800 0.288 0.945 -0.117 0.999
306.300 0.900 -0.035 0.384 -1.164 1.226
306.300 1.000 -0.645 0.557 -2.449 2.594
306.300 1.100 -0.524 1.543 -3.326 3.704
306.300 1.200 0.465 2.101 -3.744 4.318
306.300 1.300 1.55 2.321 -3.875 4.775
306.300 1.400 3.103 2.625 -3.681 5.484
306.300 1.500 5.021 2.433 -3.437 6.555
306.300 1.600 5.996 2.163 -3.206 7.136
306.300 1.700 7.519 2.602 -2.844 8.452
306.300 1.800 9.081 2.029 -2.35 9.601
306.300 1.900 10.513 1.686 -1.618 10.774
306.300 2.000 12.035 -0.848 -0.666 12.09
306.300 2.100 10.364 -3.233 0.017 10.863
306.300 2.200 8.993 -4.151 0.952 9.959
306.300 2.300 6.414 -5.515 1.861 8.671
306.300 2.400 3.379 -5.151 2.806 6.78
306.300 2.500 1.45 -4.545 3.695 6.046
306.300 2.600 -0.284 -4.283 4.393 6.156
306.300 2.700 -1.911 -3.929 4.845 6.537
306.300 2.800 -3.222 -3.556 4.572 6.642
306.300 2.900 -4.746 -2.216 4.2 6.726
306.300 3.000 -4.309 0.289 4.406 6.18
306.300 3.100 -2.415 1.476 5.043 5.793
306.300 3.200 -0.62 1.914 5.404 5.776
306.300 3.300 1.441 1.671 5.203 5.661
306.300 3.400 2.822 -0.414 4.76 5.561
306.300 3.500 1.348 -2.523 4.166 5.069
306.300 3.600 -0.853 -2.515 3.476 4.39
306.300 3.700 -2.144 -1.609 2.865 3.939
306.300 3.800 -2.927 -0.629 2.358 3.823
306.300 3.900 -2.865 0.841 1.938 3.568
306.300 4.000 -1.541 1.565 1.523 2.679
306.300 4.100 -0.322 1.148 1.023 1.575
306.300 4.200 0.314 0.417 0.527 0.748
306.300 4.300 0.631 -0.528 0.214 0.867
306.300 4.400 0.079 -1.819 0.411 1.887
306.300 4.500 -1.336 -2.683 1.156 3.231
306.300 4.600 -2.995 -3.194 2.243 4.938
306.300 4.700 -5.24 -3.636 3.653 7.367
306.300 4.800 -7.837 -2.714 4.87 9.632
306.300 4.900 -8.911 -1.376 4.602 10.136
306.300 5.000 -10.4 -0.015 3.421 10.959
306.300 5.100 -9.646 3.166 1.929 10.342
306.300 5.200 -6.955 4.42 -0.039 8.248
306.300 5.300 -4.493 5.603 -2.142 7.499
306.300 5.400 -0.424 5.918 -3.901 7.105
306.300 5.500 3.067 3.726 -5.27 7.157
306.300 5.600 3.717 0.978 -5.189 6.474
306.300 5.700 3.427 -0.632 -4.417 5.646
306.300 5.800 2.285 -2.12 -3.354 4.605
306.300 5.900 0.225 -2.054 -2.129 2.997
306.300 6.000 -0.786 -0.386 -1.461 1.729
306.300 6.100 -0.046 1.155 -1.562 1.961
306.300 6.200 1.203 1.561 -2.119 2.911
306.300 6.300 2.18 1.301 -2.772 3.779
306.300 6.400 3.071 0.394 -3.468 4.673
306.300 6.500 2.841 -1.425 -3.521 4.773
306.300 6.600 1.371 -2.367 -2.82 3.961
306.300 6.700 0.045 -2.368 -1.957 3.106
306.300 6.800 -1.026 -2.048 -0.856 2.475
306.300 6.900 -1.865 -1.358 0.293 2.345
306.300 7.000 -2.142 -0.617 1.299 2.591
306.300 7.100 -2.271 -0.277 2.131 3.133
306.300 7.200 -2.309 -0.038 2.685 3.546
306.300 7.300 -2.341 -0.079 2.83 3.677
306.300 7.400 -2.402 0.205 2.549 3.513
306.300 7.500 -1.854 0.481 1.88 2.689
306.300 7.600 -1.282 0.588 0.946 1.705
306.300 7.700 -0.355 0.805 0.237 0.924
306.300 7.800 0.83 0.345 -0.194 0.939
306.300 7.900 1.242 -0.86 0.017 1.525
306.300 8.000 0.771 -1.778 0.992 2.183
306.300 8.100 -0.025 -2.542 2.014 3.245
306.300 8.200 -1.579 -3.001 2.752 4.369
306.300 8.300 -3.244 -2.209 3.051 4.975
306.300 8.400 -3.453 -0.706 2.734 4.467
306.300 8.500 -2.845 0.088 1.99 3.482
306.300 8.600 -1.855 0.849 1.162 2.361
306.300 8.700 -0.012 1.011 0.436 1.121
306.300 8.800 1.483 -0.099 0.199 1.509
306.300 8.900 1.454 -1.072 0.765 1.967
306.300 9.000 1.394 -1.271 1.626 2.501
306.300 9.100 1.136 -1.442 1.824 2.603
306.300 9.200 0.956 -1.213 1.548 2.21
306.300 9.300 0.948 -1.407 1.047 2.031
306.300 9.400 0.687 -1.793 0.245 1.999
306.300 9.500 0.287 -2.748 -0.105 2.863
306.300 9.600 -1.189 -3.998 0.477 4.324
306.300 9.700 -3.29 -4.349 1.496 5.783
306.300 9.800 -4.66 -4.083 2.521 6.815
306.300 9.900 -5.939 -4.043 3.306 8.041
306.300 10.000 -6.987 -3.196 3.517 8.572
306.300 10.100 -7.418 -2.972 3.198 8.709
306.300 10.200 -8.459 -2.689 2.687 9.429
306.300 10.300 -8.744 -2.733 1.835 9.779
306.300 10.400 -10.541 -3.361 0.746 12.051
306.300 10.500 -11.868 -2.599 -0.782 13.38
306.300 10.600 -13.699 -1.893 -2.779 14.851
306.300 10.700 -14.228 2.735 -3.998 15.499
306.300 10.800 -9.328 5.536 -3.716 11.769
306.300 10.900 -5.335 5.355 -3.452 8.788
306.300 11.000 -1.82 5.242 -3.611 7.063
306.300 11.100 1.499 4.702 -4.145 6.854
306.300 11.200 3.306 4.387 -5.428 8.111
306.300 11.300 4.98 5.652 -6.847 10.483
306.300 11.400 7.067 6.431 -7.596 12.531
306.300 11.500 8.737 7.7 -7.839 14.553
306.300 11.600 11.445 7.496 -6.81 16.027
306.300 11.700 11.945 5.783 -3.881 14.59
306.300 11.800 12.345 4.354 -0.153 13.742
306.300 11.900 11.137 0.667 3.25 11.985
306.300 12.000 7.641 -1.614 5.931 9.976
306.300 12.100 4.47 -3.224 7.279 9.256
306.300 12.200 0.631 -4.558 6.943 8.388
306.300 12.300 -3.194 -4.094 5.631 7.699
306.300 12.400 -5.279 -2.797 4.058 7.262
306.300 12.500 -6.88 -1.425 2.471 7.478
306.300 12.600 -6.781 1.2 1.586 7.086
306.300 12.700 -4.816 2.05 1.498 5.456
306.300 12.800 -3.459 1.422 1.307 3.966
306.300 12.900 -2.732 0.079 0.428 2.77
306.300 13.000 -3.327 -1.792 -0.973 3.909
306.300 13.100 -5.479 -3.239 -2.686 6.918
306.300 13.200 -9.028 -2.187 -4.693 10.418
306.300 13.300 -9.69 2.536 -5.241 11.315
306.300 13.400 -6.407 5.684 -3.791 9.376
306.300 13.500 -2.526 7.412 -1.792 8.043
306.300 13.600 2.877 7.739 0.753 8.298
306.300 13.700 7.852 3.62 2.826 9.103
306.300 13.800 7.213 -2.535 3.079 8.248
306.300 13.900 3.334 -4.853 1.728 6.143
306.300 14.000 -0.181 -4.822 -0.273 4.841
306.300 14.100 -3.567 -3.256 -2.405 5.407
306.300 14.200 -5.182 0.89 -3.763 6.48
306.300 14.300 -2.334 4.68 -3.635 6.385
306.300 14.400 1.706 5.002 -2.532 5.876
306.300 14.500 3.63 3.718 -1.094 5.323
306.300 14.600 4.813 3.027 0.413 5.711
306.300 14.700 5.455 1.557 1.277 5.823
306.300 14.800 4.983 0.629 1.303 5.195
306.300 14.900 4.619 -0.512 1.177 4.8
306.300 15.000 3.132 -1.571 1.012 3.651
306.400 0.000 -2.394 -1.884 -1.543 3.418
306.400 0.100 -3.682 -1.019 -2.817 4.748
306.400 0.200 -3.639 0.342 -3.342 4.954
306.400 0.300 -3.109 1.014 -3.374 4.699
306.400 0.400 -2.491 1.671 -2.72 4.05
306.400 0.500 -1.684 1.953 -1.341 2.908
306.400 0.600 -1.016 2.038 -0.356 2.308
306.400 0.700 -0.353 1.95 -0.375 2.019
306.400 0.800 0.093 1.731 -1.003 2.003
306.400 0.900 0.536 1.616 -2.015 2.639
306.400 1.000 0.88 1.63 -3.161 3.665
306.400 1.100 1.565 2.074 -3.835 4.633
306.400 1.200 2.951 2.302 -3.984 5.468
306.400 1.300 4.211 1.915 -3.685 5.916
306.400 1.400 4.958 1.79 -2.611 5.885
306.400 1.500 6.043 1.75 -1.475 6.466
306.400 1.600 6.776 1.631 -0.579 6.998
306.400 1.700 7.998 1.944 0.191 8.238
306.400 1.800 9.268 1.39 0.975 9.427
306.400 1.900 10.522 0.901 1.714 10.705
306.400 2.000 11.583 -1.603 2.309 11.926
306.400 2.100 9.561 -4.041 3.093 10.839
306.400 2.200 7.383 -4.901 3.683 9.606
306.400 2.300 4.719 -5.896 3.853 8.49
306.400 2.400 1.62 -5.641 3.886 7.051
306.400 2.500 -0.476 -4.723 3.752 6.063
306.400 2.600 -1.999 -4.344 3.292 5.817
306.400 2.700 -3.57 -3.825 2.887 5.988
306.400 2.800 -4.535 -3.334 2.783 6.29
306.400 2.900 -5.8 -2.322 3 6.941
306.400 3.000 -5.677 -0.362 3.484 6.68
306.400 3.100 -4.784 0.583 4.377 6.52
306.400 3.200 -3.588 1.641 5.223 6.554
306.400 3.300 -1.255 1.721 5.651 6.048
306.400 3.400 0.233 0.074 5.722 5.739
306.400 3.500 -0.618 -1.585 4.787 5.094
306.400 3.600 -2.251 -1.666 3.634 4.601
306.400 3.700 -3.037 -0.874 2.679 4.155
306.400 3.800 -3.435 -0.142 1.985 3.98
306.400 3.900 -3.174 1.262 1.567 3.765
306.400 4.000 -1.516 1.996 1.208 2.786
306.400 4.100 -0.024 1.573 0.884 1.806
306.400 4.200 0.865 0.825 0.551 1.32
306.400 4.300 1.422 -0.356 0.178 1.489
306.400 4.400 0.753 -2.148 0.118 2.299
306.400 4.500 -1.175 -3.312 0.364 3.552
306.400 4.600 -3.422 -3.931 0.583 5.261
306.400 4.700 -6.49 -4.489 0.673 7.937
306.400 4.800 -10.096 -2.924 0.565 10.54
306.400 4.900 -10.511 -0.579 0.347 10.545
306.400 5.000 -10.752 1.13 -0.084 10.821
306.400 5.100 -9.257 4.514 -0.973 10.352
306.400 5.200 -5.673 6.127 -2.2 8.639
306.400 5.300 -2.157 6.94 -3.231 7.957
306.400 5.400 2.354 6.938 -3.832 8.272
306.400 5.500 6.424 4.079 -4.029 8.62
306.400 5.600 6.709 0.398 -3.821 7.747
306.400 5.700 5.723 -1.528 -3.147 6.727
306.400 5.800 3.876 -3.254 -2.179 5.534
306.400 5.900 1.025 -3.004 -1.149 3.403
306.400 6.000 -0.391 -0.696 -0.481 0.959
306.400 6.100 0.525 1.499 -0.438 1.655
306.400 6.200 2.396 2.155 -0.853 3.345
306.400 6.300 3.795 1.957 -1.376 4.5
306.400 6.400 5.535 0.995 -1.972 5.976
306.400 6.500 5.397 -1.769 -2.231 6.126
306.400 6.600 3.036 -3.023 -2.001 4.757
306.400 6.700 1.153 -3.219 -1.508 3.766
306.400 6.800 -0.645 -3.146 -0.673 3.307
306.400 6.900 -2.205 -2.341 0.314 3.252
306.400 7.000 -2.795 -1.346 0.988 3.27
306.400 7.100 -3.122 -0.868 1.516 3.589
306.400 7.200 -3.224 -0.276 1.857 3.74
306.400 7.300 -3.07 -0.013 1.898 3.617
306.400 7.400 -2.895 0.591 1.781 3.457
306.400 7.500 -1.853 1.186 1.367 2.597
306.400 7.600 -0.628 1.251 0.878 1.659
306.400 7.700 0.582 1.191 0.582 1.457
306.400 7.800 2.125 0.496 0.471 2.244
306.400 7.900 2.384 -1.529 0.724 2.934
306.400 8.000 0.808 -2.767 1.415 3.215
306.400 8.100 -0.811 -3.259 2.067 3.947
306.400 8.200 -2.767 -3.433 2.446 5.045
306.400 8.300 -4.754 -2.169 2.648 5.863
306.400 8.400 -4.664 -0.007 2.143 5.141
306.400 8.500 -3.448 0.845 1.274 3.782
306.400 8.600 -2.069 1.371 0.785 2.616
306.400 8.700 -0.038 1.122 0.844 1.418
306.400 8.800 1.249 -0.481 1.309 1.877
306.400 8.900 0.612 -1.908 1.977 2.817
306.400 9.000 -0.483 -1.922 2.764 3.405
306.400 9.100 -0.83 -1.274 3.022 3.39
306.400 9.200 -0.603 -0.774 2.711 2.895
306.400 9.300 -0.172 -0.57 2.007 2.111
306.400 9.400 0.485 -0.917 0.991 1.467
306.400 9.500 0.716 -2.559 0.229 2.731
306.400 9.600 -1.027 -4.521 0.069 4.722
306.400 9.700 -3.635 -5.08 0.409 6.355
306.400 9.800 -5.596 -4.844 0.866 7.556
306.400 9.900 -7.716 -4.566 1.344 9.176
306.400 10.000 -9.026 -2.778 1.291 9.647
306.400 10.100 -8.545 -2.005 0.185 8.896
306.400 10.200 -8.783 -1.726 -1.142 9.17
306.400 10.300 -8.455 -1.532 -2.237 9.188
306.400 10.400 -8.971 -1.785 -3.752 10.436
306.400 10.500 -9.453 -1.047 -5.25 11.427
306.400 10.600 -9.918 -0.126 -6.71 12.298
306.400 10.700 -9.606 2.609 -7.403 12.579
306.400 10.800 -6.903 4.444 -6.353 10.486
306.400 10.900 -4.377 4.615 -4.991 8.287
306.400 11.000 -2.119 4.638 -3.729 6.52
306.400 11.100 -0.123 4.584 -2.61 5.424
306.400 11.200 1.696 5.133 -2.146 5.949
306.400 11.300 4.237 6.187 -2.113 7.925
306.400 11.400 6.836 6.466 -1.82 9.761
306.400 11.500 9.219 7.201 -0.977 12.03
306.400 11.600 12.664 5.782 0.422 14.375
306.400 11.700 11.828 2.813 2.377 12.82
306.400 11.800 10.681 1.56 4.664 12.164
306.400 11.900 8.486 -1.496 6.334 10.937
306.400 12.000 4.21 -2.858 7.062 8.755
306.400 12.100 0.991 -3.046 6.891 7.635
306.400 12.200 -1.87 -3.261 5.521 6.702
306.400 12.300 -4.591 -2.44 3.715 6.417
306.400 12.400 -5.511 -1.08 1.785 5.925
306.400 12.500 -6.221 -0.238 0.205 6.252
306.400 12.600 -5.834 1.604 -0.513 6.089
306.400 12.700 -4.06 2.093 -0.599 4.616
306.400 12.800 -2.882 1.858 -0.734 3.509
306.400 12.900 -1.642 1.208 -1.347 2.445
306.400 13.000 -1.155 -0.266 -2.643 2.902
306.400 13.100 -2.35 -1.575 -4.131 5.016
306.400 13.200 -4.447 -0.903 -5.463 7.113
306.400 13.300 -4.915 1.771 -5.631 7.693
306.400 13.400 -3.372 3.72 -4.172 6.54
306.400 13.500 -1.222 4.881 -1.721 5.328
306.400 13.600 2.221 5.038 1.351 5.675
306.400 13.700 5.64 2.256 3.935 7.242
306.400 13.800 4.89 -1.922 4.308 6.798
306.400 13.900 2.052 -3.122 2.934 4.753
306.400 14.000 0.05 -2.564 0.814 2.695
306.400 14.100 -1.288 -1.135 -1.676 2.414
306.400 14.200 -1.456 1.343 -3.137 3.727
306.400 14.300 0.618 3.556 -2.385 4.342
306.400 14.400 3.411 3.492 -0.8 4.959
306.400 14.500 4.267 2.126 0.951 4.87
306.400 14.600 4.234 1.783 2.47 5.221
306.400 14.700 4.357 1.361 3.106 5.525
306.400 14.800 4.439 0.994 2.853 5.375
306.400 14.900 4.548 -0.184 2.285 5.098
306.400 15.000 3.092 -1.364 1.881 3.871
306.500 0.000 -0.974 -0.62 -1.726 2.077
306.500 0.100 -1.241 -0.07 -2.805 3.069
306.500 0.200 -1.077 0.586 -3.423 3.636
306.500 0.300 -0.708 0.798 -3.528 3.686
306.500 0.400 -0.67 0.637 -3.016 3.155
306.500 0.500 -1.174 0.694 -1.994 2.416
306.500 0.600 -1.362 1.609 -1.202 2.428
306.500 0.700 -0.28 2.365 -1.17 2.655
306.500 0.800 0.905 2.513 -1.678 3.155
306.500 0.900 2.092 2.66 -2.425 4.164
306.500 1.000 3.533 2.55 -3.359 5.502
306.500 1.100 4.615 2.021 -3.553 6.167
306.500 1.200 5.679 1.859 -2.747 6.579
306.500 1.300 6.736 0.947 -1.713 7.018
306.500 1.400 6.426 0.475 -0.451 6.463
306.500 1.500 6.802 0.598 0.858 6.887
306.500 1.600 6.887 0.527 2.172 7.246
306.500 1.700 7.719 1.015 3.455 8.524
306.500 1.800 8.602 0.391 4.595 9.767
306.500 1.900 9.288 0.125 5.669 10.889
306.500 2.000 10.204 -2.104 6.409 12.24
306.500 2.100 7.755 -4.271 6.221 10.829
306.500 2.200 5.488 -4.756 5.679 9.23
306.500 2.300 2.972 -5.477 4.846 7.905
306.500 2.400 0.041 -5.147 3.781 6.398
306.500 2.500 -1.728 -4.043 2.777 5.212
306.500 2.600 -2.547 -3.623 1.898 4.829
306.500 2.700 -3.556 -3.394 1.183 5.066
306.500 2.800 -4.56 -3.285 0.715 5.675
306.500 2.900 -6.157 -2.662 0.594 6.743
306.500 3.000 -6.353 -1.115 1.197 6.569
306.500 3.100 -6.063 -0.458 2.266 6.497
306.500 3.200 -5.586 0.765 3.347 6.565
306.500 3.300 -4.098 1.012 4.395 6.103
306.500 3.400 -3.355 0.399 4.83 5.903
306.500 3.500 -3.051 -0.245 3.952 5.01
306.500 3.600 -3.417 -0.517 2.651 4.366
306.500 3.700 -3.507 -0.047 1.721 3.917
306.500 3.800 -3.401 0.38 1.122 3.61
306.500 3.900 -2.914 1.42 0.924 3.376
306.500 4.000 -1.273 2.073 1.148 2.692
306.500 4.100 0.341 1.695 1.314 2.176
306.500 4.200 1.278 1.097 1.334 2.154
306.500 4.300 2.27 0.045 1.036 2.505
306.500 4.400 1.587 -2.04 0.568 2.662
306.500 4.500 -0.63 -3.076 -0.077 3.161
306.500 4.600 -2.779 -3.538 -0.93 4.612
306.500 4.700 -5.375 -3.796 -1.939 6.875
306.500 4.800 -8.065 -2.385 -3.019 8.949
306.500 4.900 -9.002 -0.488 -3.606 9.722
306.500 5.000 -10.152 1.382 -3.953 10.992
306.500 5.100 -8.428 5.201 -4.066 10.712
306.500 5.200 -3.984 6.675 -3.893 8.698
306.500 5.300 -0.113 7.187 -3.581 8.034
306.500 5.400 4.507 6.998 -3.255 8.943
306.500 5.500 8.57 3.851 -3.015 9.877
306.500 5.600 8.717 -0.143 -2.326 9.038
306.500 5.700 7.552 -2.233 -1.69 8.072
306.500 5.800 5.119 -4.328 -0.908 6.786
306.500 5.900 1.186 -4.012 0.169 4.21
306.500 6.000 -0.895 -1.088 0.88 1.678
306.500 6.100 0.092 1.562 1.107 1.917
306.500 6.200 2.092 2.482 1.151 3.447
306.500 6.300 3.795 2.492 0.736 4.606
306.500 6.400 5.697 1.427 0.201 5.888
306.500 6.500 5.805 -1.391 -0.361 5.998
306.500 6.600 3.847 -2.939 -0.958 4.958
306.500 6.700 1.947 -3.553 -1.2 4.251
306.500 6.800 -0.326 -3.854 -1.005 4.022
306.500 6.900 -2.619 -3.008 -0.617 4.058
306.500 7.000 -3.267 -1.735 -0.252 3.728
306.500 7.100 -3.615 -1.28 0.078 3.853
306.500 7.200 -3.746 -0.459 0.398 3.809
306.500 7.300 -3.398 -0.076 0.647 3.472
306.500 7.400 -3.151 0.649 0.801 3.326
306.500 7.500 -1.941 1.347 0.998 2.573
306.500 7.600 -0.591 1.374 1.179 1.909
306.500 7.700 0.607 1.167 1.331 1.875
306.500 7.800 1.905 0.299 1.59 2.504
306.500 7.900 1.95 -1.762 1.745 3.16
306.500 8.000 0.216 -3.1 1.682 3.538
306.500 8.100 -1.696 -3.415 1.579 4.132
306.500 8.200 -3.72 -3.435 1.245 5.22
306.500 8.300 -6.05 -1.974 0.799 6.422
306.500 8.400 -5.452 0.702 0.415 5.524
306.500 8.500 -3.331 1.371 0.135 3.617
306.500 8.600 -1.716 1.329 0.154 2.189
306.500 8.700 -0.114 0.652 0.578 0.888
306.500 8.800 0.63 -1.162 1.243 1.815
306.500 8.900 -0.51 -2.73 2.115 3.492
306.500 9.000 -2.213 -2.537 2.935 4.467
306.500 9.100 -2.789 -1.313 3.33 4.54
306.500 9.200 -2.502 -0.373 3.276 4.144
306.500 9.300 -1.696 0.427 2.587 3.128
306.500 9.400 -0.209 0.248 1.223 1.27
306.500 9.500 0.609 -1.814 -0.054 1.957
306.500 9.600 -0.895 -4.304 -0.837 4.535
306.500 9.700 -3.745 -5.194 -1.245 6.592
306.500 9.800 -5.815 -4.929 -1.442 7.835
306.500 9.900 -7.993 -4.565 -1.711 9.441
306.500 10.000 -9.233 -2.268 -2.055 9.815
306.500 10.100 -7.957 -0.973 -2.403 8.467
306.500 10.200 -7.22 -0.71 -3.107 8.012
306.500 10.300 -6.591 -0.459 -3.979 7.896
306.500 10.400 -6.384 -0.386 -5.076 8.411
306.500 10.500 -6.238 0.194 -6.267 9.073
306.500 10.600 -6.077 0.927 -7.33 9.744
306.500 10.700 -5.541 2.358 -7.721 9.936
306.500 10.800 -4.02 3.206 -7.07 8.79
306.500 10.900 -2.782 3.18 -5.796 7.258
306.500 11.000 -1.731 3.06 -4.028 5.456
306.500 11.100 -0.993 3.228 -2.114 4.061
306.500 11.200 0.063 4.184 -0.37 4.238
306.500 11.300 2.074 5.216 1.435 5.826
306.500 11.400 4.142 5.463 3.061 7.555
306.500 11.500 5.809 5.663 4.436 9.336
306.500 11.600 7.771 4.192 6.173 10.919
306.500 11.700 7.096 1.576 7.013 10.232
306.500 11.800 5.463 0.129 7.735 9.589
306.500 11.900 3.324 -1.678 7.898 8.8
306.500 12.000 0.037 -2.52 7.135 7.574
306.500 12.100 -2.497 -1.68 5.868 6.613
306.500 12.200 -3.493 -1.068 3.518 5.1
306.500 12.300 -4.533 -0.415 1.005 4.698
306.500 12.400 -4.221 0.632 -0.757 4.372
306.500 12.500 -3.689 0.901 -2.084 4.359
306.500 12.600 -3.119 1.537 -2.392 4.238
306.500 12.700 -2.072 1.842 -1.774 3.303
306.500 12.800 -1.156 1.937 -1.44 2.682
306.500 12.900 -0.052 1.884 -1.552 2.446
306.500 13.000 0.99 1.015 -2.345 2.746
306.500 13.100 0.528 -0.111 -3.782 3.828
306.500 13.200 -0.627 0.062 -5.312 5.36
306.500 13.300 -0.974 1.074 -5.561 5.758
306.500 13.400 -0.496 1.801 -4.153 4.567
306.500 13.500 0.167 2.067 -1.815 2.768
306.500 13.600 1 1.723 1.427 2.453
306.500 13.700 1.571 0.469 4.333 4.633
306.500 13.800 1.111 -1.061 4.733 4.977
306.500 13.900 -0.052 -1.454 3.436 3.732
306.500 14.000 -0.467 -0.41 1.768 1.874
306.500 14.100 0.563 0.835 -0.003 1.018
306.500 14.200 1.959 1.375 -0.719 2.51
306.500 14.300 2.885 1.985 0.486 3.543
306.500 14.400 4.524 1.842 2.368 5.434
306.500 14.500 4.147 0.533 3.924 5.736
306.500 14.600 3.008 0.891 4.936 5.851
306.500 14.700 2.868 1.394 5.128 6.041
306.500 14.800 3.236 1.561 4.554 5.804
306.500 14.900 3.713 0.473 3.777 5.321
306.500 15.000 2.617 -0.775 2.892 3.978
306.600 0.000 0.109 0.427 -1.317 1.39
306.600 0.100 0.485 0.81 -2.27 2.459
306.600 0.200 0.968 1.052 -2.984 3.309
306.600 0.300 1.499 0.804 -3.415 3.816
306.600 0.400 1.278 -0.041 -3.236 3.48
306.600 0.500 0.154 -0.134 -2.548 2.556
306.600 0.600 -0.392 1.106 -1.913 2.244
306.600 0.700 0.632 2.37 -1.433 2.842
306.600 0.800 2.234 2.86 -1.306 3.858
306.600 0.900 3.873 3.193 -1.344 5.199
306.600 1.000 6.312 3.047 -1.46 7.162
306.600 1.100 7.486 1.362 -1.196 7.706
306.600 1.200 7.199 0.716 -0.361 7.247
306.600 1.300 7.242 -0.245 0.707 7.286
306.600 1.400 6.291 -0.924 2.039 6.684
306.600 1.500 5.734 -0.817 3.58 6.817
306.600 1.600 5.134 -0.795 4.875 7.133
306.600 1.700 4.917 -0.402 6.255 7.974
306.600 1.800 4.99 -0.574 7.393 8.947
306.600 1.900 4.972 -0.929 8.193 9.637
306.600 2.000 4.85 -2.137 8.706 10.202
306.600 2.100 3.553 -3.389 7.955 9.358
306.600 2.200 2.029 -3.772 6.889 8.122
306.600 2.300 0.537 -3.926 5.29 6.621
306.600 2.400 -1.032 -3.646 3.378 5.088
306.600 2.500 -1.966 -2.868 1.79 3.922
306.600 2.600 -2.354 -2.666 0.48 3.598
306.600 2.700 -2.992 -2.678 -0.52 4.057
306.600 2.800 -3.454 -2.788 -1.131 4.588
306.600 2.900 -4.394 -2.749 -1.376 5.37
306.600 3.000 -5.176 -2.216 -0.761 5.689
306.600 3.100 -6.104 -1.681 0.518 6.362
306.600 3.200 -6.442 -0.235 1.61 6.652
306.600 3.300 -5.709 0.326 2.191 6.132
306.600 3.400 -5.403 0.546 2.362 5.93
306.600 3.500 -4.429 0.695 2.062 4.942
306.600 3.600 -3.854 0.404 1.463 4.15
306.600 3.700 -3.446 0.532 0.921 3.614
306.600 3.800 -3.031 0.634 0.67 3.176
306.600 3.900 -2.557 1.097 0.917 2.936
306.600 4.000 -1.528 1.48 1.691 2.722
306.600 4.100 -0.444 1.346 2.503 2.882
306.600 4.200 0.244 1.07 2.789 3.004
306.600 4.300 1.019 0.409 2.74 2.96
306.600 4.400 0.74 -0.997 1.818 2.216
306.600 4.500 -0.514 -1.762 0.129 1.858
306.600 4.600 -1.835 -2.222 -1.601 3.312
306.600 4.700 -3.706 -2.447 -3.291 5.542
306.600 4.800 -5.638 -1.239 -4.81 7.527
306.600 4.900 -5.687 0.503 -6.1 8.365
306.600 5.000 -5.444 1.913 -7.16 9.206
306.600 5.100 -3.939 4.267 -6.603 8.801
306.600 5.200 -0.868 5.574 -4.76 7.387
306.600 5.300 2.307 6.094 -2.999 7.176
306.600 5.400 6.403 6.146 -1.17 8.956
306.600 5.500 10.659 3.116 0.278 11.117
306.600 5.600 9.962 -1.003 1.144 10.09
306.600 5.700 8.304 -2.691 1.659 8.899
306.600 5.800 5.537 -4.869 1.752 7.597
306.600 5.900 0.967 -4.475 1.546 4.853
306.600 6.000 -1.499 -1.414 1.525 2.577
306.600 6.100 -0.879 1.243 1.864 2.409
306.600 6.200 0.643 2.503 2.176 3.378
306.600 6.300 2.746 3.086 1.96 4.575
306.600 6.400 5.38 2.088 1.322 5.929
306.600 6.500 5.949 -0.765 0.664 6.049
306.600 6.600 4.449 -2.31 -0.016 5.03
306.600 6.700 2.988 -3.23 -0.739 4.484
306.600 6.800 0.782 -3.734 -1.305 4.057
306.600 6.900 -1.266 -3.085 -1.739 3.787
306.600 7.000 -2.15 -2.124 -1.586 3.437
306.600 7.100 -2.682 -1.598 -1.195 3.364
306.600 7.200 -2.975 -0.884 -0.794 3.222
306.600 7.300 -2.964 -0.423 -0.29 3.024
306.600 7.400 -2.852 0.306 0.19 2.888
306.600 7.500 -2.006 0.937 0.686 2.327
306.600 7.600 -1.041 1.033 1.216 1.91
306.600 7.700 -0.008 0.927 1.607 1.856
306.600 7.800 1.098 0.108 1.82 2.13
306.600 7.900 1.1 -1.649 1.785 2.671
306.600 8.000 -0.356 -2.788 1.426 3.156
306.600 8.100 -1.951 -2.921 0.8 3.61
306.600 8.200 -3.372 -2.668 -0.038 4.308
306.600 8.300 -4.715 -1.366 -0.937 5.009
306.600 8.400 -4.174 0.675 -1.15 4.395
306.600 8.500 -2.54 1.219 -0.863 2.96
306.600 8.600 -1.203 0.933 -0.434 1.596
306.600 8.700 0.003 0.007 0.23 0.233
306.600 8.800 0.276 -1.958 1.02 2.226
306.600 8.900 -1.588 -3.667 1.841 4.4
306.600 9.000 -4.177 -3.219 2.712 5.931
306.600 9.100 -5.052 -1.418 3.017 6.054
306.600 9.200 -4.992 -0.174 2.948 5.803
306.600 9.300 -3.949 1.583 2.373 4.875
306.600 9.400 -0.967 1.841 0.939 2.285
306.600 9.500 1.102 -0.61 -0.514 1.39
306.600 9.600 0.089 -3.433 -1.725 3.887
306.600 9.700 -2.164 -4.573 -2.832 5.849
306.600 9.800 -4.15 -4.757 -3.327 7.191
306.600 9.900 -6.239 -4.247 -3.428 8.343
306.600 10.000 -7.328 -2.136 -3.564 8.482
306.600 10.100 -6.575 -0.702 -3.707 7.652
306.600 10.200 -5.917 -0.141 -4.02 7.243
306.600 10.300 -5.085 0.323 -4.495 6.904
306.600 10.400 -4.47 0.604 -5.201 6.999
306.600 10.500 -3.809 1.227 -6.079 7.37
306.600 10.600 -2.93 1.755 -7.012 7.87
306.600 10.700 -2.003 2.236 -7.414 8.054
306.600 10.800 -0.839 2.396 -6.957 7.414
306.600 10.900 -0.005 1.712 -6.001 6.28
306.600 11.000 -0.35 0.896 -4.011 4.217
306.600 11.100 -1.238 1.16 -1.642 2.442
306.600 11.200 -1.546 2.167 0.499 2.731
306.600 11.300 -1.43 3.053 2.725 4.339
306.600 11.400 -0.834 4.13 4.591 6.234
306.600 11.500 0.763 4.392 5.604 7.168
306.600 11.600 1.896 3.131 6.57 7.533
306.600 11.700 1.709 1.292 7.001 7.331
306.600 11.800 0.432 -0.078 6.997 7.015
306.600 11.900 -1.072 -0.881 6.423 6.575
306.600 12.000 -3.042 -1.265 5.078 6.065
306.600 12.100 -4.477 0.16 3.398 5.664
306.600 12.200 -3.488 1.341 1.534 4.095
306.600 12.300 -2.439 1.497 -0.361 2.941
306.600 12.400 -1.483 1.72 -1.471 2.754
306.600 12.500 -0.272 1.589 -2.049 2.639
306.600 12.600 0.121 0.947 -1.876 2.125
306.600 12.700 -0.159 1.12 -1.007 1.529
306.600 12.800 0.123 1.703 -0.437 1.772
306.600 12.900 0.881 2.208 -0.476 2.431
306.600 13.000 2.022 2.039 -1.143 3.097
306.600 13.100 2.608 1.534 -2.426 3.886
306.600 13.200 3.278 1.316 -4.011 5.353
306.600 13.300 3.309 0.404 -4.428 5.553
306.600 13.400 2.424 0.108 -3.29 4.101
306.600 13.500 1.778 -0.334 -1.607 2.432
306.600 13.600 0.32 -1.146 0.562 1.32
306.600 13.700 -1.515 -1.137 2.444 3.093
306.600 13.800 -1.775 -0.53 2.991 3.52
306.600 13.900 -1.578 -0.372 2.516 2.995
306.600 14.000 -1.004 0.684 1.965 2.312
306.600 14.100 0.943 1.439 1.876 2.548
306.600 14.200 2.542 0.737 2.492 3.638
306.600 14.300 2.318 0.146 3.901 4.541
306.600 14.400 2.068 0.09 5.879 6.234
306.600 14.500 1.13 -0.248 6.886 6.984
306.600 14.600 -0.128 0.528 7.148 7.17
306.600 14.700 -0.133 1.989 6.829 7.116
306.600 14.800 1.222 2.58 5.618 6.305
306.600 14.900 2.363 1.431 4.386 5.186
306.600 15.000 1.838 0.085 3.42 3.885
306.700 0.000 0.94 1.284 -0.436 1.651
306.700 0.100 1.992 1.639 -1.195 2.844
306.700 0.200 2.837 1.684 -1.883 3.801
306.700 0.300 3.933 1.187 -2.505 4.814
306.700 0.400 3.69 -0.502 -2.611 4.55
306.700 0.500 1.878 -0.809 -2.116 2.944
306.700 0.600 0.963 0.456 -1.473 1.818
306.700 0.700 1.601 1.832 -0.761 2.552
306.700 0.800 2.99 2.497 -0.058 3.899
306.700 0.900 4.474 2.839 0.607 5.337
306.700 1.000 6.537 2.589 1.386 7.171
306.700 1.100 7.554 0.948 1.99 7.874
306.700 1.200 7.54 0.154 2.339 7.901
306.700 1.300 7.517 -1.261 2.9 8.161
306.700 1.400 5.515 -2.312 3.872 7.131
306.700 1.500 3.801 -2.057 4.865 6.516
306.700 1.600 2.633 -1.847 5.677 6.534
306.700 1.700 1.559 -1.557 6.481 6.855
306.700 1.800 1.03 -1.184 7.094 7.275
306.700 1.900 0.806 -1.449 7.374 7.568
306.700 2.000 0.224 -1.875 7.331 7.58
306.700 2.100 -0.341 -2.414 6.647 7.09
306.700 2.200 -1.473 -2.529 5.598 6.327
306.700 2.300 -1.794 -1.972 4.02 4.834
306.700 2.400 -1.892 -1.864 2.201 3.459
306.700 2.500 -1.873 -1.338 0.618 2.392
306.700 2.600 -1.234 -1.328 -0.797 1.987
306.700 2.700 -1.075 -1.903 -1.889 2.896
306.700 2.800 -1.529 -2.52 -2.264 3.724
306.700 2.900 -2.496 -2.873 -2.311 4.46
306.700 3.000 -3.746 -3.015 -2.044 5.233
306.700 3.100 -5.708 -2.731 -1.503 6.511
306.700 3.200 -6.753 -0.962 -0.818 6.878
306.700 3.300 -6.05 -0.099 -0.058 6.059
306.700 3.400 -5.706 0.492 0.402 5.748
306.700 3.500 -4.717 0.999 0.338 4.839
306.700 3.600 -3.989 0.801 0.05 4.074
306.700 3.700 -3.354 0.77 -0.094 3.448
306.700 3.800 -2.844 0.486 0.042 2.892
306.700 3.900 -2.695 0.393 0.586 2.793
306.700 4.000 -2.651 0.356 1.644 3.148
306.700 4.100 -2.724 0.683 2.704 3.906
306.700 4.200 -2.164 1.024 2.98 3.829
306.700 4.300 -1.665 0.816 2.786 3.354
306.700 4.400 -1.276 0.565 1.782 2.27
306.700 4.500 -0.969 0.133 0.022 0.986
306.700 4.600 -1.014 -0.272 -1.95 2.225
306.700 4.700 -1.415 -0.43 -4.172 4.437
306.700 4.800 -1.813 0.145 -6.085 6.361
306.700 4.900 -1.126 1.24 -6.635 6.854
306.700 5.000 0.28 1.985 -6.461 6.774
306.700 5.100 1.203 2.475 -5.264 5.948
306.700 5.200 2.276 3.47 -3.109 5.19
306.700 5.300 4.042 3.856 -0.79 5.647
306.700 5.400 5.999 3.771 1.768 7.308
306.700 5.500 8.133 1.733 3.943 9.21
306.700 5.600 7.529 -1.218 4.501 8.866
306.700 5.700 5.935 -2.735 4.302 7.836
306.700 5.800 3.562 -4.235 3.687 6.665
306.700 5.900 0.084 -3.911 2.788 4.82
306.700 6.000 -1.982 -1.354 2.273 3.317
306.700 6.100 -1.662 0.962 2.179 2.907
306.700 6.200 -0.547 2.311 2.394 3.374
306.700 6.300 1.526 3.194 2.691 4.448
306.700 6.400 4.295 2.451 2.925 5.749
306.700 6.500 5.209 0.008 2.469 5.773
306.700 6.600 4.326 -1.361 1.315 4.734
306.700 6.700 3.448 -2.371 0.216 4.207
306.700 6.800 1.922 -2.956 -0.757 3.628
306.700 6.900 0.576 -2.723 -1.491 3.181
306.700 7.000 -0.493 -2.368 -1.7 2.981
306.700 7.100 -1.486 -1.909 -1.577 2.911
306.700 7.200 -2.056 -1.273 -1.349 2.791
306.700 7.300 -2.394 -0.913 -1.004 2.771
306.700 7.400 -2.657 -0.219 -0.518 2.732
306.700 7.500 -2.069 0.333 0.144 2.112
306.700 7.600 -1.491 0.444 0.874 1.79
306.700 7.700 -0.751 0.492 1.526 1.772
306.700 7.800 0.139 -0.074 2.019 2.025
306.700 7.900 0.183 -1.333 1.956 2.376
306.700 8.000 -0.868 -2.12 1.255 2.617
306.700 8.100 -1.932 -2.094 0.389 2.883
306.700 8.200 -2.664 -1.75 -0.533 3.243
306.700 8.300 -3.287 -0.798 -1.248 3.617
306.700 8.400 -2.655 0.626 -1.49 3.122
306.700 8.500 -1.257 0.922 -1.381 2.098
306.700 8.600 -0.261 0.33 -0.956 1.06
306.700 8.700 0.266 -0.756 -0.249 0.845
306.700 8.800 -0.098 -2.6 0.327 2.625
306.700 8.900 -2.388 -4.273 0.669 4.942
306.700 9.000 -5.691 -3.688 0.853 6.838
306.700 9.100 -6.65 -1.397 0.989 6.87
306.700 9.200 -6.481 0.024 0.938 6.554
306.700 9.300 -5.269 2.344 0.626 5.807
306.700 9.400 -1.571 2.922 0.137 3.328
306.700 9.500 1.109 0.548 -0.652 1.419
306.700 9.600 1.005 -2.152 -1.793 3.008
306.700 9.700 -0.164 -3.592 -2.971 4.7
306.700 9.800 -2.027 -4.501 -3.691 6.2
306.700 9.900 -4.628 -4.136 -4.054 7.449
306.700 10.000 -5.982 -2.011 -4.256 7.654
306.700 10.100 -5.258 -0.554 -4.262 6.841
306.700 10.200 -4.598 0.101 -4.293 6.349
306.700 10.300 -3.846 0.686 -4.445 5.981
306.700 10.400 -3.112 1.176 -4.718 5.833
306.700 10.500 -2.028 1.966 -5.143 5.914
306.700 10.600 -0.257 2.423 -5.648 6.169
306.700 10.700 1.24 2.024 -5.709 6.184
306.700 10.800 2.159 1.741 -5.074 5.79
306.700 10.900 3.061 0.431 -4.171 5.241
306.700 11.000 1.236 -1.233 -2.69 3.32
306.700 11.100 -1.423 -0.791 -1.069 2.072
306.700 11.200 -2.84 0.445 0.313 2.954
306.700 11.300 -3.918 1.288 1.541 4.444
306.700 11.400 -4.315 2.931 2.699 5.899
306.700 11.500 -2.705 3.457 3.845 5.848
306.700 11.600 -1.738 2.458 4.766 5.647
306.700 11.700 -1.712 1.21 5.121 5.542
306.700 11.800 -2.51 0.259 4.972 5.591
306.700 11.900 -3.316 0.103 4.324 5.477
306.700 12.000 -4.04 0.239 3.157 5.169
306.700 12.100 -4.248 1.59 1.878 4.958
306.700 12.200 -2.653 2.76 0.793 3.968
306.700 12.300 -0.799 2.588 -0.083 2.764
306.700 12.400 0.284 2.104 -0.479 2.22
306.700 12.500 1.311 1.548 -0.324 2.082
306.700 12.600 1.296 0.352 0.108 1.361
306.700 12.700 0.189 0.36 0.732 0.845
306.700 12.800 -0.107 1.459 1.275 1.947
306.700 12.900 0.825 2.595 1.204 2.983
306.700 13.000 2.533 2.855 0.72 3.889
306.700 13.100 3.754 2.661 0.025 4.607
306.700 13.200 5.536 2.32 -0.707 6.051
306.700 13.300 5.947 0.237 -1.224 6.083
306.700 13.400 4.307 -0.743 -1.345 4.582
306.700 13.500 3.007 -1.585 -0.936 3.534
306.700 13.600 0.845 -2.498 -0.224 2.654
306.700 13.700 -1.406 -2.035 0.414 2.513
306.700 13.800 -1.942 -0.853 1.108 2.398
306.700 13.900 -1.605 -0.27 1.637 2.31
306.700 14.000 -0.944 0.505 2.088 2.347
306.700 14.100 0.424 0.775 2.844 2.979
306.700 14.200 1.2 -0.348 3.864 4.063
306.700 14.300 0.017 -1.505 5.189 5.404
306.700 14.400 -1.903 -1.31 6.595 6.989
306.700 14.500 -3.01 -0.463 7.149 7.772
306.700 14.600 -4.029 0.534 7.095 8.178
306.700 14.700 -3.715 2.844 6.703 8.176
306.700 14.800 -0.97 3.782 5.847 7.034
306.700 14.900 1.112 2.458 4.93 5.623
306.700 15.000 1.008 0.993 3.895 4.146
306.800 0.000 1.137 1.674 0.95 2.239
306.800 0.100 2.453 2.241 0.737 3.407
306.800 0.200 3.693 2.417 0.035 4.416
306.800 0.300 5.23 1.707 -0.76 5.556
306.800 0.400 5.193 -0.498 -1.189 5.354
306.800 0.500 3.33 -1.205 -1.195 3.74
306.800 0.600 2.183 -0.247 -0.728 2.317
306.800 0.700 2.398 0.968 0.192 2.597
306.800 0.800 3.363 1.633 1.211 3.934
306.800 0.900 4.372 1.944 2.275 5.303
306.800 1.000 5.909 1.766 3.232 6.968
306.800 1.100 6.546 0.267 4.079 7.724
306.800 1.200 6.157 -0.533 5.004 7.959
306.800 1.300 5.762 -1.772 5.647 8.267
306.800 1.400 3.798 -2.726 5.585 7.291
306.800 1.500 1.998 -2.495 5.523 6.389
306.800 1.600 0.756 -2.215 5.515 6.001
306.800 1.700 -0.394 -1.918 5.482 5.831
306.800 1.800 -1.03 -1.407 5.508 5.787
306.800 1.900 -1.279 -1.419 5.48 5.813
306.800 2.000 -1.72 -1.415 5.134 5.606
306.800 2.100 -1.955 -1.462 4.363 5.009
306.800 2.200 -2.472 -1.248 3.168 4.216
306.800 2.300 -2.109 -0.475 1.972 2.934
306.800 2.400 -1.31 -0.331 0.706 1.533
306.800 2.500 -0.596 -0.163 -0.39 0.734
306.800 2.600 0.524 -0.26 -1.129 1.276
306.800 2.700 1.276 -1.255 -1.816 2.555
306.800 2.800 0.604 -2.277 -2.293 3.295
306.800 2.900 -0.458 -2.75 -2.726 3.907
306.800 3.000 -1.802 -3.168 -2.915 4.675
306.800 3.100 -3.649 -2.946 -2.965 5.555
306.800 3.200 -4.863 -1.692 -2.733 5.836
306.800 3.300 -5.286 -0.905 -2.063 5.752
306.800 3.400 -5.688 0.201 -1.552 5.906
306.800 3.500 -4.462 1.155 -1.351 4.808
306.800 3.600 -3.321 0.93 -1.309 3.694
306.800 3.700 -2.705 0.601 -1.146 3.003
306.800 3.800 -2.461 0.085 -0.775 2.588
306.800 3.900 -2.708 -0.372 -0.224 2.751
306.800 4.000 -3.515 -0.676 0.499 3.624
306.800 4.100 -4.511 0.047 1.165 4.668
306.800 4.200 -4.047 0.988 1.539 4.448
306.800 4.300 -3.522 1.29 1.436 4.022
306.800 4.400 -2.635 1.862 0.667 3.298
306.800 4.500 -1.349 1.793 -0.621 2.33
306.800 4.600 -0.264 1.633 -2.102 2.679
306.800 4.700 1.211 1.635 -3.721 4.248
306.800 4.800 2.748 1.073 -4.903 5.73
306.800 4.900 3.005 0.708 -4.617 5.564
306.800 5.000 3.524 0.989 -3.507 5.078
306.800 5.100 3.614 0.744 -2.094 4.252
306.800 5.200 3.396 1.296 -0.278 3.652
306.800 5.300 3.812 1.624 1.755 4.505
306.800 5.400 4.346 1.586 3.676 5.914
306.800 5.500 5.097 0.512 5.146 7.268
306.800 5.600 4.509 -1.17 5.612 7.302
306.800 5.700 3.44 -2.168 5.214 6.622
306.800 5.800 1.696 -3.209 4.217 5.575
306.800 5.900 -1.049 -2.993 2.918 4.322
306.800 6.000 -2.763 -0.929 2.019 3.556
306.800 6.100 -2.296 0.862 1.907 3.111
306.800 6.200 -1.422 1.926 2.305 3.325
306.800 6.300 0.17 2.708 2.833 3.922
306.800 6.400 2.129 2.236 3.32 4.535
306.800 6.500 3.217 0.892 3.153 4.595
306.800 6.600 3.685 -0.1 2.16 4.281
306.800 6.700 3.762 -1.346 1.035 4.14
306.800 6.800 2.693 -2.111 0.156 3.442
306.800 6.900 1.741 -2.135 -0.631 2.846
306.800 7.000 0.812 -2.129 -1.209 2.602
306.800 7.100 -0.125 -1.84 -1.609 2.472
306.800 7.200 -0.745 -1.447 -1.73 2.399
306.800 7.300 -1.221 -1.198 -1.582 2.353
306.800 7.400 -1.625 -0.798 -1.25 2.219
306.800 7.500 -1.684 -0.512 -0.481 1.841
306.800 7.600 -1.763 -0.325 0.403 1.847
306.800 7.700 -1.557 -0.156 1.096 1.916
306.800 7.800 -1.356 -0.441 1.633 2.17
306.800 7.900 -1.331 -0.789 1.549 2.193
306.800 8.000 -1.457 -1.196 0.701 2.017
306.800 8.100 -1.792 -1.218 -0.196 2.185
306.800 8.200 -1.831 -0.949 -0.923 2.273
306.800 8.300 -1.83 -0.392 -1.461 2.388
306.800 8.400 -1.119 0.506 -1.394 1.874
306.800 8.500 0.259 0.674 -1.027 1.271
306.800 8.600 1.026 -0.23 -0.646 1.245
306.800 8.700 0.863 -1.251 -0.249 1.545
306.800 8.800 0.199 -2.785 -0.166 2.801
306.800 8.900 -2.082 -4.178 -0.399 4.69
306.800 9.000 -4.94 -3.574 -0.76 6.15
306.800 9.100 -6.11 -1.612 -0.768 6.371
306.800 9.200 -6.27 0.033 -0.498 6.297
306.800 9.300 -5.076 2.502 -0.377 5.68
306.800 9.400 -1.507 3.368 -0.572 3.745
306.800 9.500 1.412 1.282 -1.027 2.183
306.800 9.600 1.682 -1.226 -1.606 2.652
306.800 9.700 0.993 -2.693 -2.374 3.75
306.800 9.800 -0.511 -3.802 -3.227 5.038
306.800 9.900 -2.685 -3.554 -4.074 6.061
306.800 10.000 -3.903 -1.946 -4.558 6.337
306.800 10.100 -3.832 -0.717 -4.49 5.977
306.800 10.200 -3.624 0.079 -4.363 5.708
306.800 10.300 -2.941 0.775 -4.304 5.307
306.800 10.400 -2.198 1.285 -4.232 4.972
306.800 10.500 -1.012 2.073 -4.04 4.683
306.800 10.600 0.952 2.339 -3.604 4.423
306.800 10.700 2.442 1.485 -2.941 4.126
306.800 10.800 2.948 0.816 -2.079 3.737
306.800 10.900 3.269 -0.563 -1.04 3.552
306.800 11.000 1.228 -2.134 -0.517 2.633
306.800 11.100 -1.566 -1.624 -0.246 2.372
306.800 11.200 -3.198 -0.296 0.017 3.272
306.800 11.300 -4.291 0.667 0.221 4.395
306.800 11.400 -4.779 1.983 0.62 5.249
306.800 11.500 -4.16 2.317 1.507 5.029
306.800 11.600 -4.02 1.786 2.424 5.054
306.800 11.700 -3.907 1.141 2.731 4.933
306.800 11.800 -4.505 0.482 2.751 5.335
306.800 11.900 -4.815 0.911 2.398 5.494
306.800 12.000 -4.662 1.223 1.661 5.139
306.800 12.100 -4.299 2.458 1.022 5.099
306.800 12.200 -2.271 3.423 0.57 4.192
306.800 12.300 -0.281 2.944 0.344 3.017
306.800 12.400 0.717 2.048 0.386 2.234
306.800 12.500 1.267 1.146 0.686 1.858
306.800 12.600 0.849 -0.12 1.113 1.409
306.800 12.700 -0.684 -0.301 1.671 1.832
306.800 12.800 -1.507 1.136 2.239 2.932
306.800 12.900 -0.429 2.61 2.597 3.711
306.800 13.000 1.311 3.118 2.88 4.446
306.800 13.100 2.833 3.242 2.601 5.033
306.800 13.200 4.7 2.8 2.08 5.857
306.800 13.300 5.515 0.949 1.414 5.777
306.800 13.400 5.017 -0.262 0.469 5.051
306.800 13.500 4.282 -1.729 -0.154 4.627
306.800 13.600 2.036 -2.915 -0.096 3.563
306.800 13.700 -0.156 -2.52 0.178 2.536
306.800 13.800 -1.09 -1.584 0.749 2.068
306.800 13.900 -1.312 -0.934 1.571 2.251
306.800 14.000 -1.084 -0.277 2.492 2.732
306.800 14.100 -0.282 -0.165 3.541 3.556
306.800 14.200 -0.066 -1.336 4.522 4.715
306.800 14.300 -1.947 -2.512 5.207 6.1
306.800 14.400 -4.514 -1.968 5.62 7.473
306.800 14.500 -5.667 -0.485 5.747 8.088
306.800 14.600 -6.313 0.785 5.577 8.463
306.800 14.700 -5.738 3.191 5.375 8.489
306.800 14.800 -3.021 4.214 5.295 7.416
306.800 14.900 -0.92 3.238 4.962 6
306.800 15.000 -0.3 2.065 4.05 4.559
306.900 0.000 0.593 1.492 2.203 2.731
306.900 0.100 1.615 2.552 2.36 3.836
306.900 0.200 3.565 3.414 1.743 5.239
306.900 0.300 6.305 2.586 0.623 6.846
306.900 0.400 6.767 -0.319 0.049 6.778
306.900 0.500 4.915 -1.39 0.123 5.112
306.900 0.600 3.676 -1.029 0.546 3.861
306.900 0.700 3.062 -0.236 1.688 3.51
306.900 0.800 3.269 0.455 3.035 4.489
306.900 0.900 3.546 0.774 4.255 5.598
306.900 1.000 4.336 0.778 5.46 7.022
306.900 1.100 4.465 -0.409 6.18 7.642
306.900 1.200 3.477 -1.134 6.363 7.346
306.900 1.300 2.611 -1.766 6.361 7.106
306.900 1.400 1.365 -2.337 5.938 6.533
306.900 1.500 0.034 -2.237 5.481 5.928
306.900 1.600 -0.8 -1.899 4.978 5.396
306.900 1.700 -1.553 -1.708 4.532 5.093
306.900 1.800 -2.035 -1.275 4.225 4.868
306.900 1.900 -2.272 -1.205 3.941 4.714
306.900 2.000 -2.622 -0.865 3.577 4.527
306.900 2.100 -2.308 -0.49 2.889 3.737
306.900 2.200 -2.024 -0.171 2.047 2.891
306.900 2.300 -1.264 0.499 1.254 1.855
306.900 2.400 0.011 0.693 0.48 0.847
306.900 2.500 1.005 0.411 -0.094 1.093
306.900 2.600 1.783 0.156 -0.357 1.83
306.900 2.700 2.429 -0.729 -0.686 2.632
306.900 2.800 2.058 -1.623 -1.311 2.938
306.900 2.900 1.574 -2.181 -2.077 3.406
306.900 3.000 0.303 -2.955 -2.636 3.979
306.900 3.100 -1.591 -2.808 -3.024 4.429
306.900 3.200 -2.833 -1.9 -3.235 4.707
306.900 3.300 -3.472 -1.183 -3.249 4.906
306.900 3.400 -3.879 -0.121 -3.147 5.001
306.900 3.500 -3.136 0.776 -2.681 4.202
306.900 3.600 -2.32 0.699 -2.246 3.308
306.900 3.700 -1.882 0.322 -1.971 2.749
306.900 3.800 -1.892 -0.308 -1.717 2.58
306.900 3.900 -2.431 -0.898 -1.366 2.938
306.900 4.000 -3.518 -1.248 -0.873 3.843
306.900 4.100 -4.752 -0.411 -0.406 4.794
306.900 4.200 -4.772 0.729 -0.126 4.836
306.900 4.300 -4.622 1.566 -0.022 4.886
306.900 4.400 -3.358 2.901 -0.631 4.485
306.900 4.500 -1.18 2.988 -1.73 3.65
306.900 4.600 0.632 2.594 -2.401 3.594
306.900 4.700 2.785 2.277 -2.35 4.301
306.900 4.800 4.798 1.038 -1.811 5.24
306.900 4.900 4.803 -0.039 -1.227 4.967
306.900 5.000 4.868 -0.114 -0.489 4.904
306.900 5.100 4.331 -0.772 0.702 4.465
306.900 5.200 3.216 -0.426 2.166 3.909
306.900 5.300 2.734 -0.114 3.589 4.521
306.900 5.400 2.266 -0.032 5.067 5.557
306.900 5.500 2.111 -0.331 6.212 6.576
306.900 5.600 1.499 -1.008 6.324 6.584
306.900 5.700 0.713 -1.398 5.762 5.979
306.900 5.800 -0.235 -1.706 4.492 4.819
306.900 5.900 -1.516 -1.457 2.67 3.409
306.900 6.000 -2.326 -0.335 1.385 2.736
306.900 6.100 -2.263 0.608 1.138 2.611
306.900 6.200 -2.077 1.38 1.483 2.905
306.900 6.300 -0.878 2.096 2.15 3.13
306.900 6.400 0.648 1.819 2.901 3.485
306.900 6.500 1.689 1.185 3.257 3.857
306.900 6.600 2.699 0.659 3.135 4.193
306.900 6.700 3.383 -0.446 2.621 4.309
306.900 6.800 2.862 -1.117 1.576 3.462
306.900 6.900 2.542 -1.301 0.461 2.906
306.900 7.000 1.921 -1.57 -0.285 2.514
306.900 7.100 1.335 -1.389 -0.884 2.14
306.900 7.200 0.841 -1.388 -1.287 2.093
306.900 7.300 0.17 -1.292 -1.405 1.939
306.900 7.400 -0.361 -1.206 -1.343 1.863
306.900 7.500 -1.036 -1.257 -0.965 1.912
306.900 7.600 -1.866 -1.005 -0.452 2.181
306.900 7.700 -2.013 -0.617 -0.038 2.117
306.900 7.800 -2.187 -0.688 0.192 2.311
306.900 7.900 -2.123 -0.351 0.134 2.167
306.900 8.000 -1.426 -0.446 -0.219 1.521
306.900 8.100 -1.071 -0.657 -0.599 1.406
306.900 8.200 -0.728 -0.542 -0.76 1.197
306.900 8.300 -0.219 -0.329 -0.751 0.865
306.900 8.400 0.163 -0.062 -0.251 0.32
306.900 8.500 0.835 0.178 0.49 0.989
306.900 8.600 1.273 -0.421 0.76 1.544
306.900 8.700 0.984 -1.153 0.413 1.575
306.900 8.800 0.354 -2.401 -0.197 2.439
306.900 8.900 -1.615 -3.642 -0.947 4.101
306.900 9.000 -4.237 -3.234 -1.599 5.572
306.900 9.100 -5.412 -1.647 -1.926 5.984
306.900 9.200 -6.008 -0.289 -1.855 6.302
306.900 9.300 -5.191 2.325 -1.457 5.88
306.900 9.400 -1.511 3.329 -0.863 3.768
306.900 9.500 1.47 1.536 -0.48 2.192
306.900 9.600 1.941 -0.574 -0.839 2.207
306.900 9.700 1.691 -1.857 -1.656 3.025
306.900 9.800 0.566 -2.994 -2.462 3.933
306.900 9.900 -1.198 -2.816 -3.22 4.457
306.900 10.000 -2.203 -1.629 -3.859 4.752
306.900 10.100 -2.347 -0.651 -4.249 4.918
306.900 10.200 -2.265 0.025 -4.423 4.989
306.900 10.300 -1.839 0.555 -4.225 4.66
306.900 10.400 -1.3 0.97 -3.798 4.147
306.900 10.500 -0.374 1.517 -3.175 3.554
306.900 10.600 1.085 1.521 -2.303 2.983
306.900 10.700 2.075 0.59 -1.254 2.528
306.900 10.800 2.198 -0.189 -0.154 2.273
306.900 10.900 1.979 -1.243 0.671 2.514
306.900 11.000 0.131 -2.233 0.926 2.512
306.900 11.100 -2.287 -1.53 0.681 2.899
306.900 11.200 -3.56 -0.038 0.074 3.601
306.900 11.300 -4.269 0.824 -0.654 4.434
306.900 11.400 -4.645 1.777 -1.068 5.125
306.900 11.500 -4.208 1.765 -1.117 4.743
306.900 11.600 -4.513 1.304 -0.93 4.838
306.900 11.700 -4.342 0.963 -0.534 4.528
306.900 11.800 -4.797 0.459 -0.287 4.872
306.900 11.900 -4.924 1.143 -0.11 5.096
306.900 12.000 -4.364 1.597 0.037 4.685
306.900 12.100 -3.717 2.633 0.095 4.591
306.900 12.200 -1.853 3.428 0.355 3.947
306.900 12.300 0.04 2.85 0.626 2.946
306.900 12.400 0.772 1.763 0.945 2.163
306.900 12.500 1.03 0.817 1.292 1.854
306.900 12.600 0.393 -0.468 1.533 1.651
306.900 12.700 -1.387 -0.713 1.69 2.302
306.900 12.800 -2.499 0.642 2.017 3.28
306.900 12.900 -1.951 1.965 2.726 3.889
306.900 13.000 -1.012 2.781 3.516 4.599
306.900 13.100 0.79 3.594 3.753 5.258
306.900 13.200 3.354 3.278 3.59 5.909
306.900 13.300 4.696 1.629 3.197 5.913
306.900 13.400 4.956 0.579 2.543 5.604
306.900 13.500 4.998 -1.223 1.79 5.453
306.900 13.600 2.89 -2.735 1.018 4.112
306.900 13.700 0.803 -2.69 0.596 2.875
306.900 13.800 -0.383 -2.278 0.94 2.497
306.900 13.900 -1.144 -1.848 1.831 2.844
306.900 14.000 -1.536 -1.33 2.887 3.531
306.900 14.100 -1.626 -1.259 4.02 4.515
306.900 14.200 -2.18 -1.934 4.812 5.626
306.900 14.300 -4.006 -2.675 4.847 6.835
306.900 14.400 -6.504 -1.974 4.699 8.266
306.900 14.500 -7.492 -0.288 4.324 8.659
306.900 14.600 -8.025 0.877 4.115 9.065
306.900 14.700 -7.459 3.245 4.191 9.155
306.900 14.800 -4.761 4.249 4.24 7.667
306.900 14.900 -2.738 3.682 4.217 6.236
306.900 15.000 -1.591 2.968 3.669 4.984
307.000 0.000 -0.215 0.992 3.189 3.352
307.000 0.100 0.503 2.541 3.654 4.483
307.000 0.200 2.908 4.082 3.604 6.178
307.000 0.300 6.623 3.326 3.304 8.118
307.000 0.400 7.546 -0.082 2.92 8.096
307.000 0.500 5.74 -1.444 2.638 6.485
307.000 0.600 4.451 -1.707 2.854 5.561
307.000 0.700 2.887 -1.459 3.579 4.831
307.000 0.800 1.979 -0.725 4.567 5.037
307.000 0.900 1.56 -0.292 5.441 5.675
307.000 1.000 1.313 -0.189 6.278 6.423
307.000 1.100 1.115 -0.456 6.591 6.707
307.000 1.200 0.778 -0.919 6.259 6.381
307.000 1.300 0.251 -1.356 5.805 5.974
307.000 1.400 -0.505 -1.742 5.152 5.469
307.000 1.500 -1.478 -1.67 4.437 4.974
307.000 1.600 -1.814 -1.285 3.788 4.399
307.000 1.700 -2.109 -1.248 3.181 4.023
307.000 1.800 -2.344 -0.929 2.742 3.732
307.000 1.900 -2.368 -0.86 2.413 3.495
307.000 2.000 -2.54 -0.459 2.059 3.309
307.000 2.100 -2.063 0.027 1.834 2.767
307.000 2.200 -1.566 0.385 1.545 2.24
307.000 2.300 -0.664 0.984 1.296 1.763
307.000 2.400 0.702 1.117 1.146 1.752
307.000 2.500 1.694 0.687 1.006 2.092
307.000 2.600 2.36 0.427 0.786 2.529
307.000 2.700 2.985 -0.316 0.445 3.04
307.000 2.800 2.672 -1.039 0.057 2.874
307.000 2.900 2.396 -1.452 -0.527 2.858
307.000 3.000 1.488 -2.159 -1.498 3.029
307.000 3.100 0.111 -2.135 -2.622 3.39
307.000 3.200 -0.833 -1.678 -3.299 3.801
307.000 3.300 -1.469 -1.187 -3.411 3.905
307.000 3.400 -1.85 -0.368 -3.3 3.806
307.000 3.500 -1.503 0.349 -3.023 3.398
307.000 3.600 -1.006 0.418 -2.767 2.977
307.000 3.700 -0.713 0.138 -2.6 2.704
307.000 3.800 -0.726 -0.428 -2.574 2.715
307.000 3.900 -1.336 -1.202 -2.558 3.135
307.000 4.000 -2.93 -1.683 -2.386 4.145
307.000 4.100 -4.72 -0.613 -2.295 5.291
307.000 4.200 -4.695 0.752 -2.456 5.357
307.000 4.300 -4.78 1.73 -2.743 5.781
307.000 4.400 -3.058 3.645 -2.991 5.622
307.000 4.500 0.264 3.592 -3.182 4.808
307.000 4.600 2.41 2.264 -2.832 4.358
307.000 4.700 3.621 1.203 -1.502 4.107
307.000 4.800 4.508 -0.079 0.091 4.517
307.000 4.900 4.253 -1.038 1.668 4.695
307.000 5.000 4.24 -1.173 3.229 5.467
307.000 5.100 3.312 -1.846 4.2 5.668
307.000 5.200 1.656 -1.446 4.721 5.217
307.000 5.300 0.714 -1.098 5.251 5.42
307.000 5.400 -0.432 -1.051 5.696 5.815
307.000 5.500 -1.463 -0.753 6.1 6.325
307.000 5.600 -1.788 -0.541 5.837 6.135
307.000 5.700 -2.223 -0.547 5.148 5.641
307.000 5.800 -2.333 -0.042 3.951 4.594
307.000 5.900 -2.024 0.204 2.341 3.106
307.000 6.000 -1.869 0.519 1.1 2.236
307.000 6.100 -1.604 0.765 0.462 1.843
307.000 6.200 -1.421 0.95 0.402 1.761
307.000 6.300 -0.913 1.105 1.2 1.871
307.000 6.400 -0.356 0.947 2.378 2.586
307.000 6.500 0.198 0.844 3.182 3.298
307.000 6.600 0.93 0.617 3.57 3.742
307.000 6.700 1.511 0.15 3.568 3.88
307.000 6.800 1.926 -0.073 2.971 3.544
307.000 6.900 2.526 -0.403 2.234 3.401
307.000 7.000 2.263 -0.877 1.431 2.824
307.000 7.100 1.966 -0.751 0.644 2.211
307.000 7.200 1.743 -0.932 -0.065 1.991
307.000 7.300 1.247 -0.987 -0.727 1.767
307.000 7.400 0.833 -1.189 -1.147 1.87
307.000 7.500 0.08 -1.439 -1.259 1.933
307.000 7.600 -0.765 -1.247 -1.296 1.974
307.000 7.700 -1.133 -0.891 -1.122 1.844
307.000 7.800 -1.351 -0.709 -1.009 1.845
307.000 7.900 -1.269 -0.343 -0.975 1.652
307.000 8.000 -0.715 -0.361 -0.814 1.159
307.000 8.100 -0.336 -0.733 -0.56 0.995
307.000 8.200 -0.161 -0.872 0.034 0.895
307.000 8.300 0.156 -0.831 0.871 1.216
307.000 8.400 0.063 -0.75 1.561 1.733
307.000 8.500 -0.002 -0.296 2.013 2.036
307.000 8.600 0.258 -0.111 1.95 1.97
307.000 8.700 0.644 -0.314 1.151 1.356
307.000 8.800 0.714 -1.421 -0.033 1.596
307.000 8.900 -0.726 -2.6 -1.334 3.018
307.000 9.000 -2.682 -2.452 -2.631 4.495
307.000 9.100 -3.685 -1.483 -3.218 5.122
307.000 9.200 -4.233 -0.449 -3.212 5.342
307.000 9.300 -3.715 1.475 -2.629 4.795
307.000 9.400 -1.35 2.278 -1.342 2.982
307.000 9.500 0.663 1.178 -0.308 1.399
307.000 9.600 1.389 -0.154 -0.029 1.407
307.000 9.700 1.739 -1.148 -0.278 2.111
307.000 9.800 0.973 -2.176 -1.024 2.603
307.000 9.900 -0.457 -1.954 -2.081 2.902
307.000 10.000 -1.132 -0.988 -3.011 3.379
307.000 10.100 -1.056 -0.23 -3.665 3.835
307.000 10.200 -0.793 0.096 -4.027 4.118
307.000 10.300 -0.61 0.216 -3.951 4.013
307.000 10.400 -0.449 0.376 -3.495 3.55
307.000 10.500 0.101 0.624 -2.63 2.709
307.000 10.600 1.104 0.39 -1.367 1.809
307.000 10.700 1.532 -0.676 0.064 1.719
307.000 10.800 0.91 -1.337 1.481 2.262
307.000 10.900 0.221 -1.734 2.473 3.096
307.000 11.000 -1.489 -1.917 2.321 3.414
307.000 11.100 -3.365 -0.739 1.384 3.748
307.000 11.200 -3.833 1.112 0.029 4.013
307.000 11.300 -3.394 1.961 -1.639 4.273
307.000 11.400 -2.929 2.248 -2.846 4.697
307.000 11.500 -2.216 1.9 -3.197 4.374
307.000 11.600 -2.024 1.077 -3.28 4.054
307.000 11.700 -2.345 0.336 -2.675 3.627
307.000 11.800 -3.085 0.106 -1.962 3.703
307.000 11.900 -3.508 0.638 -1.363 3.855
307.000 12.000 -3.571 1.201 -0.704 3.864
307.000 12.100 -3.25 2.253 -0.119 3.985
307.000 12.200 -1.792 2.949 0.476 3.508
307.000 12.300 -0.332 2.456 1.095 2.729
307.000 12.400 0.191 1.482 1.405 2.063
307.000 12.500 0.186 0.577 1.572 1.691
307.000 12.600 -0.459 -0.465 1.574 1.705
307.000 12.700 -1.935 -0.788 1.481 2.563
307.000 12.800 -3.021 0.243 1.651 3.455
307.000 12.900 -2.864 1.258 2.062 3.751
307.000 13.000 -2.515 2.074 2.756 4.272
307.000 13.100 -1.037 3.084 3.739 4.958
307.000 13.200 1.148 3.011 4.767 5.755
307.000 13.300 2.542 2.097 4.972 5.966
307.000 13.400 3.361 1.313 4.243 5.571
307.000 13.500 3.839 -0.28 3.296 5.069
307.000 13.600 2.894 -1.738 2.133 3.997
307.000 13.700 1.766 -2.412 1.242 3.241
307.000 13.800 0.346 -2.97 1.412 3.309
307.000 13.900 -1.24 -2.825 2.302 3.852
307.000 14.000 -2.34 -2.288 3.199 4.578
307.000 14.100 -3.226 -2.074 3.889 5.463
307.000 14.200 -4.35 -1.988 4.055 6.272
307.000 14.300 -5.747 -2.141 3.33 6.981
307.000 14.400 -7.996 -1.435 2.261 8.437
307.000 14.500 -8.434 0.274 1.48 8.573
307.000 14.600 -8.589 0.921 1.061 8.71
307.000 14.700 -8.194 2.851 1.4 8.795
307.000 14.800 -5.853 3.693 2.567 7.388
307.000 14.900 -4.191 3.672 3.374 6.519
307.000 15.000 -2.765 3.604 3.171 5.544
307.100 0.000 -1.275 0.148 4.107 4.309
307.100 0.100 -0.997 2.102 5.04 5.557
307.100 0.200 1.428 4.153 5.321 6.904
307.100 0.300 5.117 3.502 5.154 8.067
307.100 0.400 6.291 0.284 4.953 8.017
307.100 0.500 4.938 -1.383 4.84 7.056
307.100 0.600 3.558 -1.979 4.856 6.343
307.100 0.700 1.812 -2.023 5.036 5.728
307.100 0.800 0.428 -1.331 5.319 5.506
307.100 0.900 -0.33 -0.765 5.468 5.538
307.100 1.000 -1.024 -0.538 5.468 5.597
307.100 1.100 -1.314 -0.285 5.338 5.511
307.100 1.200 -1.302 -0.576 5.126 5.327
307.100 1.300 -1.562 -0.782 4.77 5.087
307.100 1.400 -1.651 -0.933 4.049 4.478
307.100 1.500 -1.899 -0.962 3.308 3.941
307.100 1.600 -1.857 -0.713 2.747 3.399
307.100 1.700 -1.717 -0.71 2.247 2.923
307.100 1.800 -1.694 -0.66 1.908 2.642
307.100 1.900 -1.686 -0.58 1.738 2.497
307.100 2.000 -1.675 -0.289 1.596 2.338
307.100 2.100 -1.407 0.109 1.587 2.131
307.100 2.200 -0.976 0.502 1.606 1.952
307.100 2.300 -0.232 0.969 1.715 1.989
307.100 2.400 0.879 1.078 1.879 2.344
307.100 2.500 1.666 0.647 2.082 2.75
307.100 2.600 2.142 0.495 2.345 3.221
307.100 2.700 2.695 0.034 2.309 3.556
307.100 2.800 2.378 -0.417 1.635 2.923
307.100 2.900 2.19 -0.547 0.639 2.353
307.100 3.000 1.927 -0.894 -0.55 2.201
307.100 3.100 1.652 -0.997 -1.831 2.667
307.100 3.200 1.271 -1.26 -2.691 3.238
307.100 3.300 0.457 -1.143 -2.982 3.232
307.100 3.400 -0.031 -0.527 -3.031 3.082
307.100 3.500 0.095 0.076 -2.789 2.796
307.100 3.600 0.511 0.267 -2.58 2.647
307.100 3.700 0.734 0.085 -2.511 2.622
307.100 3.800 0.847 -0.258 -2.645 2.795
307.100 3.900 0.469 -1.066 -2.964 3.193
307.100 4.000 -0.962 -1.383 -3.484 3.879
307.100 4.100 -2.237 -0.333 -4.153 4.736
307.100 4.200 -2.047 1.061 -4.427 4.997
307.100 4.300 -1.364 2.076 -4.832 5.437
307.100 4.400 0.262 3.221 -4.511 5.552
307.100 4.500 3.019 3.056 -3.45 5.513
307.100 4.600 4.712 0.982 -2.2 5.3
307.100 4.700 4.441 -0.614 -0.411 4.511
307.100 4.800 4.063 -1.889 1.56 4.755
307.100 4.900 2.348 -3.006 3.503 5.19
307.100 5.000 0.366 -2.731 5.418 6.088
307.100 5.100 -0.825 -1.989 6.039 6.42
307.100 5.200 -1.711 -1.529 5.668 6.123
307.100 5.300 -2.467 -1.047 5.357 5.998
307.100 5.400 -3.036 -0.964 4.795 5.764
307.100 5.500 -3.947 -0.619 4.346 5.911
307.100 5.600 -3.962 -0.038 4.026 5.654
307.100 5.700 -4.026 0.25 3.508 5.352
307.100 5.800 -3.564 1.206 2.662 4.614
307.100 5.900 -2.361 1.497 1.597 3.223
307.100 6.000 -1.491 1.373 0.658 2.134
307.100 6.100 -0.766 1.16 0.115 1.398
307.100 6.200 -0.277 0.657 0.034 0.717
307.100 6.300 -0.43 0.041 0.645 0.78
307.100 6.400 -1.006 -0.131 1.64 1.932
307.100 6.500 -1.072 0.208 2.512 2.742
307.100 6.600 -0.619 0.229 3.154 3.225
307.100 6.700 -0.264 0.215 3.52 3.538
307.100 6.800 0.289 0.268 3.567 3.591
307.100 6.900 0.873 0.127 3.427 3.541
307.100 7.000 1.195 0.015 2.797 3.044
307.100 7.100 1.599 0.059 1.916 2.499
307.100 7.200 1.902 -0.133 1.103 2.209
307.100 7.300 2.132 -0.224 0.264 2.17
307.100 7.400 2.271 -0.84 -0.426 2.472
307.100 7.500 1.501 -1.314 -0.655 2.114
307.100 7.600 0.846 -1.183 -0.834 1.693
307.100 7.700 0.279 -1.032 -0.886 1.405
307.100 7.800 -0.12 -0.688 -0.922 1.176
307.100 7.900 -0.1 -0.423 -0.99 1.1
307.100 8.000 0.195 -0.576 -0.929 1.127
307.100 8.100 0.274 -1.319 -0.533 1.461
307.100 8.200 -0.331 -1.975 0.533 2.078
307.100 8.300 -1.147 -1.877 1.927 2.927
307.100 8.400 -1.585 -1.25 2.803 3.455
307.100 8.500 -1.638 -0.461 3.163 3.594
307.100 8.600 -1.248 0.406 2.985 3.261
307.100 8.700 -0.287 0.763 2.105 2.259
307.100 8.800 0.498 -0.028 0.798 0.943
307.100 8.900 0.07 -0.996 -0.909 1.358
307.100 9.000 -0.662 -1.264 -2.524 2.91
307.100 9.100 -1.413 -1.253 -3.331 3.84
307.100 9.200 -2.209 -0.729 -3.338 4.079
307.100 9.300 -2.151 0.463 -2.694 3.49
307.100 9.400 -0.89 0.978 -1.481 1.999
307.100 9.500 0.22 0.335 -0.28 0.503
307.100 9.600 0.456 -0.467 0.479 0.812
307.100 9.700 0.39 -0.9 0.744 1.232
307.100 9.800 0.053 -1.129 0.137 1.139
307.100 9.900 -0.404 -0.81 -1.054 1.397
307.100 10.000 -0.461 -0.113 -2.142 2.206
307.100 10.100 -0.014 0.384 -2.993 3.029
307.100 10.200 0.515 0.328 -3.524 3.585
307.100 10.300 0.724 0.042 -3.614 3.691
307.100 10.400 0.825 -0.218 -3.33 3.44
307.100 10.500 0.856 -0.609 -2.371 2.595
307.100 10.600 0.798 -1.171 -0.804 1.641
307.100 10.700 0.196 -2.174 0.811 2.366
307.100 10.800 -1.466 -2.776 2.356 3.968
307.100 10.900 -3.276 -2.17 3.463 5.275
307.100 11.000 -4.335 -1.046 3.034 5.423
307.100 11.100 -5.182 0.51 1.891 5.559
307.100 11.200 -4.423 2.893 0.303 5.303
307.100 11.300 -2.038 3.741 -1.654 4.582
307.100 11.400 -0.274 2.947 -2.944 4.2
307.100 11.500 0.427 2.032 -3.212 3.859
307.100 11.600 0.876 0.84 -3.121 3.391
307.100 11.700 -0.074 -0.431 -2.65 2.734
307.100 11.800 -1.51 -0.505 -2.063 2.647
307.100 11.900 -2.331 0.053 -1.544 2.83
307.100 12.000 -2.814 0.64 -1.065 3.104
307.100 12.100 -2.877 1.65 -0.554 3.386
307.100 12.200 -1.972 2.223 0.164 2.996
307.100 12.300 -1.169 1.96 0.831 2.443
307.100 12.400 -0.664 1.382 1.078 1.884
307.100 12.500 -0.564 0.575 1.05 1.329
307.100 12.600 -1.017 -0.245 0.836 1.342
307.100 12.700 -2.167 -0.691 0.484 2.331
307.100 12.800 -3.206 0.008 0.422 3.24
307.100 12.900 -3.013 0.676 0.96 3.239
307.100 13.000 -2.872 1.12 1.924 3.637
307.100 13.100 -2.286 1.759 3.229 4.331
307.100 13.200 -1.528 1.966 4.66 5.285
307.100 13.300 -0.478 2.319 5.327 5.831
307.100 13.400 1.335 2.13 4.989 5.588
307.100 13.500 2.658 0.693 4.239 5.053
307.100 13.600 2.491 -0.697 3.281 4.179
307.100 13.700 2.204 -1.945 2.502 3.862
307.100 13.800 0.565 -3.472 2.402 4.262
307.100 13.900 -1.824 -3.59 2.881 4.954
307.100 14.000 -3.471 -2.852 3.379 5.624
307.100 14.100 -4.654 -2.257 3.537 6.269
307.100 14.200 -5.692 -1.394 3.092 6.63
307.100 14.300 -6.144 -0.754 1.766 6.442
307.100 14.400 -6.841 -0.161 0.041 6.85
307.100 14.500 -6.793 0.785 -0.939 6.911
307.100 14.600 -6.603 1.044 -1.231 6.805
307.100 14.700 -6.505 1.695 -0.633 6.759
307.100 14.800 -6.19 2.122 1.051 6.633
307.100 14.900 -5.918 3.169 2.412 7.138
307.100 15.000 -4.09 4.124 2.435 6.303
307.200 0.000 -2.677 -1.092 4.583 5.424
307.200 0.100 -3.313 1.224 5.832 6.824
307.200 0.200 -0.728 4.014 6.63 7.79
307.200 0.300 3.681 3.621 7.056 8.748
307.200 0.400 5.065 0.348 7.116 8.746
307.200 0.500 3.589 -1.193 6.818 7.803
307.200 0.600 2.298 -1.878 6.431 7.088
307.200 0.700 0.356 -2.049 6.136 6.486
307.200 0.800 -1.208 -1.228 5.812 6.068
307.200 0.900 -1.825 -0.409 5.19 5.523
307.200 1.000 -2.17 -0.117 4.432 4.942
307.200 1.100 -2.273 0.052 3.789 4.425
307.200 1.200 -2.374 -0.305 3.275 4.063
307.200 1.300 -2.67 -0.326 2.887 3.953
307.200 1.400 -2.228 -0.365 2.599 3.449
307.200 1.500 -2.076 -0.521 2.383 3.21
307.200 1.600 -1.764 -0.325 2.179 2.829
307.200 1.700 -1.343 -0.384 1.987 2.436
307.200 1.800 -1.207 -0.519 1.864 2.288
307.200 1.900 -1.258 -0.501 1.831 2.285
307.200 2.000 -1.277 -0.283 1.853 2.274
307.200 2.100 -1.128 0.025 1.946 2.256
307.200 2.200 -0.814 0.341 2.149 2.33
307.200 2.300 -0.291 0.676 2.498 2.611
307.200 2.400 0.562 0.768 2.978 3.133
307.200 2.500 1.018 0.305 3.391 3.562
307.200 2.600 0.825 0.229 3.652 3.759
307.200 2.700 0.881 0.438 3.579 3.719
307.200 2.800 1.197 0.632 2.753 3.074
307.200 2.900 1.774 0.618 1.615 2.483
307.200 3.000 2.161 0.336 0.427 2.233
307.200 3.100 2.611 0.061 -0.659 2.699
307.200 3.200 2.712 -0.694 -1.403 3.137
307.200 3.300 2.142 -0.856 -1.844 2.959
307.200 3.400 1.874 -0.599 -2.016 2.822
307.200 3.500 1.596 -0.241 -1.793 2.417
307.200 3.600 1.693 0.152 -1.591 2.333
307.200 3.700 1.862 0.172 -1.653 2.501
307.200 3.800 2.1 0.023 -1.912 2.845
307.200 3.900 2.044 -0.614 -2.269 3.122
307.200 4.000 1.395 -0.648 -2.773 3.178
307.200 4.100 1.159 0.096 -3.266 3.473
307.200 4.200 1.4 1.229 -3.354 3.841
307.200 4.300 2.682 2.202 -3.384 4.851
307.200 4.400 3.892 2.285 -2.991 5.418
307.200 4.500 5.222 1.854 -2.121 5.939
307.200 4.600 5.875 -0.501 -0.972 5.984
307.200 4.700 4.393 -2.527 0.655 5.121
307.200 4.800 2.54 -3.638 2.359 5.038
307.200 4.900 -0.142 -4.528 3.514 5.747
307.200 5.000 -3.534 -3.828 4.29 6.76
307.200 5.100 -4.701 -1.644 4.382 6.642
307.200 5.200 -4.49 -1.021 3.829 5.996
307.200 5.300 -4.733 -0.499 3.241 5.765
307.200 5.400 -4.488 -0.407 2.816 5.321
307.200 5.500 -4.873 -0.267 2.503 5.492
307.200 5.600 -4.915 0.211 2.237 5.411
307.200 5.700 -5.106 0.706 2.058 5.557
307.200 5.800 -4.357 2.06 1.567 5.071
307.200 5.900 -2.494 2.397 0.789 3.55
307.200 6.000 -1.097 1.963 0.224 2.263
307.200 6.100 -0.081 1.405 -0.064 1.412
307.200 6.200 0.541 0.435 -0.047 0.702
307.200 6.300 0.138 -0.631 0.325 0.736
307.200 6.400 -0.842 -0.915 0.886 1.537
307.200 6.500 -1.409 -0.621 1.623 2.243
307.200 6.600 -1.616 -0.464 2.508 3.024
307.200 6.700 -1.695 -0.093 3.135 3.568
307.200 6.800 -1.303 0.189 3.35 3.601
307.200 6.900 -0.902 0.295 3.429 3.559
307.200 7.000 -0.198 0.6 3.308 3.368
307.200 7.100 0.86 0.716 3.016 3.218
307.200 7.200 1.62 0.532 2.575 3.09
307.200 7.300 2.319 0.498 2.01 3.112
307.200 7.400 2.917 -0.379 1.488 3.303
307.200 7.500 2.128 -1.058 1.018 2.593
307.200 7.600 1.502 -0.947 0.669 1.906
307.200 7.700 0.968 -0.822 0.287 1.311
307.200 7.800 0.641 -0.447 -0.151 0.807
307.200 7.900 0.756 -0.268 -0.508 0.963
307.200 8.000 1.169 -0.601 -0.708 1.507
307.200 8.100 1.177 -1.979 -0.528 2.374
307.200 8.200 -0.467 -3.321 0.402 3.384
307.200 8.300 -2.651 -3.146 1.66 4.441
307.200 8.400 -3.679 -2.011 2.779 5.033
307.200 8.500 -4.13 -0.847 3.705 5.615
307.200 8.600 -3.738 1.022 3.753 5.397
307.200 8.700 -1.977 1.993 2.633 3.851
307.200 8.800 -0.426 1.511 1.18 1.969
307.200 8.900 0.273 0.727 -0.436 0.901
307.200 9.000 0.625 0.017 -1.932 2.043
307.200 9.100 0.339 -0.735 -2.916 3.037
307.200 9.200 -0.376 -0.87 -3.307 3.451
307.200 9.300 -0.669 -0.517 -2.842 2.976
307.200 9.400 -0.411 -0.414 -1.506 1.628
307.200 9.500 -0.269 -0.717 -0.16 0.788
307.200 9.600 -0.554 -1.014 0.647 1.325
307.200 9.700 -1.033 -0.836 0.911 1.613
307.200 9.800 -1.039 -0.223 0.486 1.172
307.200 9.900 -0.646 0.292 -0.444 0.848
307.200 10.000 -0.058 0.834 -1.402 1.646
307.200 10.100 0.987 1.157 -2.25 2.728
307.200 10.200 2.039 0.644 -2.846 3.568
307.200 10.300 2.272 -0.088 -2.828 3.633
307.200 10.400 2.484 -0.708 -2.515 3.608
307.200 10.500 1.94 -1.884 -1.713 3.205
307.200 10.600 0.661 -2.642 -0.487 2.779
307.200 10.700 -0.917 -3.521 0.667 3.721
307.200 10.800 -3.678 -4.019 1.632 5.712
307.200 10.900 -6.607 -2.432 2.138 7.38
307.200 11.000 -6.958 -0.105 1.738 7.189
307.200 11.100 -6.919 1.665 0.752 7.167
307.200 11.200 -5.15 4.415 -0.309 6.797
307.200 11.300 -1.353 5.069 -1.234 5.396
307.200 11.400 1.203 3.503 -1.844 4.151
307.200 11.500 1.876 2.017 -2.062 3.464
307.200 11.600 2.118 0.598 -1.931 2.957
307.200 11.700 1.078 -0.775 -1.736 2.22
307.200 11.800 -0.427 -0.862 -1.536 1.847
307.200 11.900 -1.393 -0.333 -1.291 1.958
307.200 12.000 -2.025 0.279 -1.008 2.303
307.200 12.100 -2.225 1.164 -0.692 2.625
307.200 12.200 -1.752 1.644 -0.333 2.444
307.200 12.300 -1.338 1.564 0.009 2.073
307.200 12.400 -0.859 1.288 0.269 1.584
307.200 12.500 -0.583 0.701 0.305 0.971
307.200 12.600 -0.715 0.125 0.064 0.738
307.200 12.700 -1.184 -0.24 -0.431 1.292
307.200 12.800 -1.735 -0.222 -0.682 1.887
307.200 12.900 -2.202 -0.217 -0.087 2.222
307.200 13.000 -2.902 -0.039 0.923 3.049
307.200 13.100 -3.094 0.381 2.221 3.83
307.200 13.200 -3.319 0.756 3.61 4.964
307.200 13.300 -2.831 1.882 4.65 5.761
307.200 13.400 -1.101 2.221 5.254 5.81
307.200 13.500 0.311 1.418 5.182 5.382
307.200 13.600 0.904 0.299 4.176 4.283
307.200 13.700 1.051 -1.418 3.254 3.703
307.200 13.800 -0.472 -3.516 2.872 4.566
307.200 13.900 -3.247 -4.022 3.067 6.013
307.200 14.000 -5.235 -2.982 3.243 6.845
307.200 14.100 -6.43 -2.071 3.039 7.41
307.200 14.200 -7.306 -0.417 2.463 7.725
307.200 14.300 -6.442 0.99 0.922 6.588
307.200 14.400 -5.603 1.266 -0.749 5.8
307.200 14.500 -4.932 1.384 -1.79 5.435
307.200 14.600 -4.586 0.987 -2.115 5.155
307.200 14.700 -4.903 0.606 -1.604 5.202
307.200 14.800 -5.952 0.63 -0.419 6.007
307.200 14.900 -6.778 2.442 0.611 7.236
307.200 15.000 -4.875 4.229 1.132 6.559
307.300 0.000 -3.866 -2.356 4.605 6.463
307.300 0.100 -5.055 0.001 5.932 7.799
307.300 0.200 -3.255 2.859 7.368 8.552
307.300 0.300 -0.027 2.825 8.77 9.22
307.300 0.400 1.207 0.654 9.149 9.258
307.300 0.500 0.51 -0.656 8.598 8.644
307.300 0.600 -0.446 -1.23 7.908 8.022
307.300 0.700 -1.96 -1.358 6.81 7.222
307.300 0.800 -3.375 -0.442 5.722 6.664
307.300 0.900 -3.322 0.688 4.449 5.6
307.300 1.000 -2.944 0.811 3.172 4.408
307.300 1.100 -2.524 0.841 2.182 3.445
307.300 1.200 -1.944 0.332 1.398 2.423
307.300 1.300 -1.807 -0.143 1.006 2.079
307.300 1.400 -1.655 -0.451 1.246 2.127
307.300 1.500 -1.695 -0.553 1.54 2.363
307.300 1.600 -1.517 -0.353 1.773 2.367
307.300 1.700 -1.221 -0.369 1.938 2.327
307.300 1.800 -1.153 -0.507 1.996 2.368
307.300 1.900 -1.302 -0.546 2.045 2.493
307.300 2.000 -1.443 -0.363 2.136 2.61
307.300 2.100 -1.384 -0.158 2.266 2.667
307.300 2.200 -1.276 -0.005 2.579 2.884
307.300 2.300 -1.064 0.161 3.046 3.237
307.300 2.400 -0.808 0.162 3.685 3.783
307.300 2.500 -0.755 0.066 4.139 4.215
307.300 2.600 -0.963 0.214 4.154 4.277
307.300 2.700 -0.969 0.92 3.88 4.11
307.300 2.800 -0.124 1.621 3.162 3.561
307.300 2.900 1.025 1.7 2.205 2.971
307.300 3.000 2.052 1.467 1.185 2.791
307.300 3.100 3.194 0.934 0.224 3.339
307.300 3.200 3.634 -0.322 -0.258 3.663
307.300 3.300 3.119 -0.761 -0.146 3.22
307.300 3.400 2.892 -0.656 0.031 2.971
307.300 3.500 2.396 -0.339 -0.013 2.426
307.300 3.600 2.384 0.226 -0.223 2.41
307.300 3.700 2.651 0.417 -0.467 2.729
307.300 3.800 3.213 0.386 -0.808 3.341
307.300 3.900 3.423 -0.41 -1.031 3.605
307.300 4.000 2.8 -0.491 -0.872 2.98
307.300 4.100 2.698 0.137 -0.648 2.784
307.300 4.200 2.864 1.077 -0.445 3.097
307.300 4.300 3.989 1.963 -0.091 4.45
307.300 4.400 5.19 1.982 0.121 5.562
307.300 4.500 6.841 1.459 0.1 7.001
307.300 4.600 7.353 -1.629 0.424 7.552
307.300 4.700 4.415 -4.01 1.383 6.134
307.300 4.800 1.4 -4.647 2.141 5.317
307.300 4.900 -1.443 -4.93 2.404 5.685
307.300 5.000 -4.456 -3.855 2.253 6.32
307.300 5.100 -5.42 -1.393 1.997 5.951
307.300 5.200 -4.852 -0.4 1.569 5.123
307.300 5.300 -4.61 -0.054 1.002 4.726
307.300 5.400 -4.578 -0.153 0.599 4.627
307.300 5.500 -5.226 0.01 0.222 5.238
307.300 5.600 -5.163 0.477 -0.097 5.195
307.300 5.700 -5.503 0.888 -0.357 5.593
307.300 5.800 -4.649 2.48 -0.459 5.295
307.300 5.900 -2.323 2.743 -0.389 3.619
307.300 6.000 -0.675 2.134 -0.28 2.259
307.300 6.100 0.576 1.465 -0.175 1.587
307.300 6.200 1.437 0.23 -0.051 1.465
307.300 6.300 0.854 -1.117 0.351 1.462
307.300 6.400 -0.36 -1.418 0.782 1.67
307.300 6.500 -1.318 -1.314 1.167 2.207
307.300 6.600 -2.363 -1.218 1.658 3.142
307.300 6.700 -3.076 -0.467 2.124 3.773
307.300 6.800 -2.554 0.001 2.45 3.544
307.300 6.900 -2.133 0.071 2.893 3.598
307.300 7.000 -1.545 0.433 3.397 3.759
307.300 7.100 -0.722 0.69 3.875 4.002
307.300 7.200 0.116 0.942 3.926 4.039
307.300 7.300 1.189 0.99 3.485 3.814
307.300 7.400 1.947 0.129 2.995 3.576
307.300 7.500 1.558 -0.581 2.514 3.017
307.300 7.600 1.126 -0.537 2.054 2.405
307.300 7.700 0.856 -0.298 1.556 1.802
307.300 7.800 0.96 0.112 0.935 1.348
307.300 7.900 1.346 0.121 0.324 1.397
307.300 8.000 1.82 -0.428 -0.121 1.882
307.300 8.100 1.757 -2.32 -0.248 2.93
307.300 8.200 -0.403 -4.202 0.124 4.231
307.300 8.300 -3.254 -4.175 0.901 5.376
307.300 8.400 -5.141 -3.089 1.793 6.264
307.300 8.500 -6.924 -1.645 2.648 7.597
307.300 8.600 -6.872 1.588 2.872 7.619
307.300 8.700 -3.828 3.208 2.216 5.469
307.300 8.800 -1.313 2.889 1.215 3.403
307.300 8.900 0.306 2.258 -0.125 2.29
307.300 9.000 1.604 1.258 -1.531 2.56
307.300 9.100 1.901 -0.05 -2.432 3.098
307.300 9.200 1.694 -0.731 -2.848 3.404
307.300 9.300 1.276 -1.468 -2.528 3.2
307.300 9.400 0.261 -1.855 -1.321 2.3
307.300 9.500 -0.648 -1.779 -0.108 1.9
307.300 9.600 -1.362 -1.538 0.676 2.166
307.300 9.700 -1.984 -0.813 0.996 2.366
307.300 9.800 -1.784 0.396 0.734 1.974
307.300 9.900 -0.862 1.144 0.051 1.443
307.300 10.000 0.21 1.553 -0.601 1.69
307.300 10.100 1.682 1.734 -1.004 2.626
307.300 10.200 3.173 0.83 -1.182 3.493
307.300 10.300 3.159 -0.35 -1.122 3.375
307.300 10.400 3.04 -1.159 -0.797 3.355
307.300 10.500 2.129 -2.609 -0.434 3.401
307.300 10.600 0.298 -3.478 -0.03 3.5
307.300 10.700 -1.745 -4.176 0.373 4.554
307.300 10.800 -4.667 -4.352 0.534 6.419
307.300 10.900 -7.436 -2.338 0.44 7.82
307.300 11.000 -7.656 0.454 0.13 7.681
307.300 11.100 -6.978 2.504 -0.384 7.432
307.300 11.200 -4.811 5.011 -0.855 7.004
307.300 11.300 -1.005 5.496 -1.171 5.713
307.300 11.400 1.653 3.706 -1.277 4.263
307.300 11.500 2.517 2 -1.148 3.429
307.300 11.600 2.855 0.435 -1.016 3.081
307.300 11.700 1.725 -0.98 -0.799 2.161
307.300 11.800 0.194 -0.982 -0.683 1.237
307.300 11.900 -0.751 -0.44 -0.719 1.153
307.300 12.000 -1.407 0.148 -0.817 1.655
307.300 12.100 -1.635 0.964 -0.815 2.085
307.300 12.200 -1.083 1.42 -0.646 1.918
307.300 12.300 -0.559 1.299 -0.434 1.496
307.300 12.400 -0.26 1.028 -0.094 1.079
307.300 12.500 -0.042 0.727 0.122 0.749
307.300 12.600 0.021 0.4 0.067 0.416
307.300 12.700 0.067 0.204 -0.196 0.305
307.300 12.800 -0.011 -0.286 -0.43 0.528
307.300 12.900 -0.838 -0.766 -0.34 1.193
307.300 13.000 -1.868 -0.955 0.045 2.104
307.300 13.100 -2.948 -1.078 1.188 3.36
307.300 13.200 -4.346 -0.584 2.769 5.189
307.300 13.300 -4.676 1.019 3.914 6.185
307.300 13.400 -3.764 1.737 4.532 6.144
307.300 13.500 -2.822 1.957 4.596 5.739
307.300 13.600 -1.145 1.485 3.654 4.108
307.300 13.700 -0.083 -0.65 2.579 2.661
307.300 13.800 -1.442 -3.335 1.978 4.139
307.300 13.900 -4.685 -4.18 1.756 6.524
307.300 14.000 -6.903 -2.796 1.606 7.623
307.300 14.100 -7.822 -1.685 1.276 8.107
307.300 14.200 -8.508 0.527 0.617 8.553
307.300 14.300 -6.547 2.477 -0.37 7.017
307.300 14.400 -4.544 2.492 -1.555 5.419
307.300 14.500 -3.287 2.007 -2.385 4.539
307.300 14.600 -2.645 1.014 -2.767 3.971
307.300 14.700 -3.191 -0.264 -2.408 4.016
307.300 14.800 -5.096 -0.528 -1.231 5.276
307.300 14.900 -6.477 1.667 -0.135 6.696
307.300 15.000 -4.98 3.929 0.342 6.359
307.400 0.000 -5.238 -3.801 4.415 7.839
307.400 0.100 -7.442 -1.454 5.986 9.665
307.400 0.200 -6.369 1.549 7.21 9.749
307.400 0.300 -4.259 1.828 8.226 9.446
307.400 0.400 -3.306 0.863 8.589 9.248
307.400 0.500 -3.529 -0.136 8.24 8.971
307.400 0.600 -4.256 -0.172 7.502 8.633
307.400 0.700 -4.526 0.08 6.105 7.605
307.400 0.800 -4.914 0.924 4.584 6.788
307.400 0.900 -3.965 2.151 3.104 5.48
307.400 1.000 -2.542 2.087 1.602 3.662
307.400 1.100 -1.494 1.554 0.66 2.258
307.400 1.200 -0.583 0.753 0.389 1.031
307.400 1.300 -0.22 -0.282 0.45 0.582
307.400 1.400 -0.645 -0.949 0.939 1.49
307.400 1.500 -1.141 -0.924 1.478 2.09
307.400 1.600 -1.292 -0.63 1.849 2.349
307.400 1.700 -1.267 -0.494 2.044 2.462
307.400 1.800 -1.318 -0.519 2.066 2.512
307.400 1.900 -1.571 -0.582 2.002 2.618
307.400 2.000 -1.855 -0.421 1.969 2.745
307.400 2.100 -1.843 -0.356 2.042 2.78
307.400 2.200 -2.012 -0.407 2.325 3.107
307.400 2.300 -2.06 -0.362 2.755 3.465
307.400 2.400 -2.283 -0.463 3.311 4.055
307.400 2.500 -2.57 -0.177 3.784 4.583
307.400 2.600 -2.672 0.252 4.023 4.842
307.400 2.700 -2.563 1.368 3.939 4.9
307.400 2.800 -1.281 2.473 3.276 4.304
307.400 2.900 0.418 2.583 2.449 3.588
307.400 3.000 1.941 2.257 1.822 3.494
307.400 3.100 3.678 1.495 1.475 4.24
307.400 3.200 4.285 -0.387 1.457 4.549
307.400 3.300 3.124 -1.122 1.731 3.751
307.400 3.400 2.399 -0.754 1.999 3.22
307.400 3.500 2.129 -0.094 1.921 2.875
307.400 3.600 2.527 0.532 1.656 3.074
307.400 3.700 2.963 0.677 1.357 3.334
307.400 3.800 3.706 0.639 1.154 3.939
307.400 3.900 4.006 -0.467 1.129 4.195
307.400 4.000 3.001 -0.799 1.274 3.365
307.400 4.100 2.509 -0.186 1.634 3.006
307.400 4.200 2.559 0.732 2.068 3.376
307.400 4.300 3.443 1.573 2.496 4.538
307.400 4.400 4.559 1.75 2.922 5.696
307.400 4.500 6.272 1.254 3.419 7.257
307.400 4.600 6.782 -1.763 3.485 7.835
307.400 4.700 3.903 -4.049 2.705 6.251
307.400 4.800 0.983 -4.61 1.975 5.123
307.400 4.900 -1.762 -4.785 1.535 5.338
307.400 5.000 -4.682 -3.592 1.235 6.04
307.400 5.100 -5.404 -0.946 0.809 5.554
307.400 5.200 -4.44 0.163 0.254 4.458
307.400 5.300 -3.862 0.519 -0.305 3.916
307.400 5.400 -3.415 0.515 -1.029 3.611
307.400 5.500 -3.493 0.51 -1.827 3.984
307.400 5.600 -3.509 0.68 -2.145 4.177
307.400 5.700 -3.707 1.073 -2.287 4.495
307.400 5.800 -3.047 2.145 -2.11 4.289
307.400 5.900 -1.415 2.275 -1.47 3.062
307.400 6.000 -0.108 1.665 -0.697 1.813
307.400 6.100 1.008 1.035 0.165 1.458
307.400 6.200 1.906 -0.153 0.927 2.132
307.400 6.300 1.114 -1.445 1.248 2.22
307.400 6.400 -0.248 -1.538 1.2 1.976
307.400 6.500 -1.21 -1.345 0.924 2.041
307.400 6.600 -2.215 -1.266 0.489 2.608
307.400 6.700 -2.97 -0.78 0.32 3.097
307.400 6.800 -2.906 -0.661 0.911 3.124
307.400 6.900 -3.136 -0.707 1.894 3.737
307.400 7.000 -2.965 -0.32 2.904 4.166
307.400 7.100 -2.702 0.068 3.904 4.75
307.400 7.200 -2.021 1.014 4.464 5.005
307.400 7.300 -0.424 1.402 4.423 4.66
307.400 7.400 0.719 0.536 4.146 4.242
307.400 7.500 0.414 -0.188 3.788 3.816
307.400 7.600 0.103 -0.104 3.428 3.431
307.400 7.700 -0.011 0.218 2.976 2.985
307.400 7.800 0.35 0.755 2.45 2.587
307.400 7.900 1.117 0.901 1.642 2.182
307.400 8.000 2.113 0.314 0.448 2.189
307.400 8.100 2.392 -2.14 -0.48 3.254
307.400 8.200 -0.14 -4.681 -0.55 4.724
307.400 8.300 -3.767 -4.856 -0.159 6.155
307.400 8.400 -5.988 -3.628 0.228 7.012
307.400 8.500 -7.821 -2.029 0.551 8.105
307.400 8.600 -7.89 1.503 0.875 8.085
307.400 8.700 -5.069 3.511 1.154 6.28
307.400 8.800 -2.436 3.706 1.008 4.553
307.400 8.900 0.02 3.485 0.265 3.501
307.400 9.000 2.395 2.294 -0.597 3.377
307.400 9.100 3.119 0.452 -1.217 3.387
307.400 9.200 3.122 -0.618 -1.494 3.524
307.400 9.300 2.613 -2.135 -1.299 3.622
307.400 9.400 0.779 -2.906 -0.669 3.087
307.400 9.500 -0.835 -2.648 0.092 2.782
307.400 9.600 -2.057 -2.121 0.729 3.046
307.400 9.700 -3.132 -0.949 1.135 3.467
307.400 9.800 -2.756 0.886 1 3.068
307.400 9.900 -1.242 1.738 0.538 2.21
307.400 10.000 0.135 1.887 0.225 1.914
307.400 10.100 1.491 1.782 0.18 2.337
307.400 10.200 2.688 0.815 0.276 2.827
307.400 10.300 2.757 -0.396 0.271 2.803
307.400 10.400 2.509 -1.333 0.223 2.854
307.400 10.500 1.545 -2.693 0.131 3.112
307.400 10.600 -0.302 -3.601 -0.031 3.62
307.400 10.700 -2.435 -4.159 -0.298 4.836
307.400 10.800 -5.348 -4.292 -0.624 6.895
307.400 10.900 -8.3 -2.105 -0.841 8.613
307.400 11.000 -8.094 0.896 -1.263 8.248
307.400 11.100 -7.196 2.736 -1.467 7.843
307.400 11.200 -4.827 5.183 -1.352 7.215
307.400 11.300 -0.624 5.483 -1.014 5.616
307.400 11.400 2.122 3.395 -0.503 4.041
307.400 11.500 2.615 1.608 0.086 3.08
307.400 11.600 2.78 0.208 0.592 2.859
307.400 11.700 1.644 -1.016 0.62 2.041
307.400 11.800 0.248 -0.865 0.4 0.994
307.400 11.900 -0.419 -0.179 0.081 0.473
307.400 12.000 -0.572 0.445 -0.386 0.839
307.400 12.100 -0.447 0.895 -0.632 1.201
307.400 12.200 -0.074 1.145 -0.367 1.22
307.400 12.300 0.379 0.986 -0.003 1.069
307.400 12.400 0.388 0.649 0.392 0.858
307.400 12.500 0.361 0.572 0.73 0.999
307.400 12.600 0.402 0.466 0.844 1.048
307.400 12.700 0.535 0.397 0.768 1.02
307.400 12.800 0.625 -0.119 0.597 0.874
307.400 12.900 0.132 -0.682 0.323 0.769
307.400 13.000 -0.538 -1.356 0.209 1.478
307.400 13.100 -2.373 -2.273 0.686 3.361
307.400 13.200 -5.234 -1.817 1.51 5.746
307.400 13.300 -6.327 0.382 2.229 6.723
307.400 13.400 -5.543 1.439 2.67 6.323
307.400 13.500 -4.719 2.328 2.661 5.901
307.400 13.600 -2.477 2.389 2.167 4.07
307.400 13.700 -0.829 0.15 1.418 1.65
307.400 13.800 -1.827 -2.782 0.681 3.401
307.400 13.900 -4.713 -3.804 0.096 6.063
307.400 14.000 -6.84 -2.648 -0.215 7.344
307.400 14.100 -7.879 -1.356 -0.311 8.007
307.400 14.200 -8.233 1.125 -0.549 8.335
307.400 14.300 -5.989 3.343 -1.15 6.963
307.400 14.400 -3.315 3.333 -1.877 5.072
307.400 14.500 -1.652 2.481 -2.357 3.811
307.400 14.600 -0.556 1.192 -2.658 2.978
307.400 14.700 -1.172 -1.011 -2.51 2.958
307.400 14.800 -4.354 -1.695 -1.744 4.994
307.400 14.900 -6.796 0.965 -0.992 6.943
307.400 15.000 -5.167 3.699 -0.493 6.381
307.500 0.000 -6.324 -5.017 3.323 8.734
307.500 0.100 -9.313 -2.734 4.247 10.599
307.500 0.200 -8.837 0.402 5.469 10.404
307.500 0.300 -7.371 1.074 6.55 9.923
307.500 0.400 -6.604 1.007 6.795 9.533
307.500 0.500 -6.531 0.492 6.208 9.028
307.500 0.600 -6.884 0.837 5.322 8.745
307.500 0.700 -6.424 1.302 4.439 7.92
307.500 0.800 -6.146 2.226 3.531 7.433
307.500 0.900 -4.2 3.69 2.246 6.027
307.500 1.000 -1.388 3.368 0.908 3.756
307.500 1.100 0.21 1.887 0.263 1.918
307.500 1.200 0.761 0.645 0.319 1.05
307.500 1.300 0.83 -0.691 0.674 1.279
307.500 1.400 -0.065 -1.575 1.29 2.043
307.500 1.500 -1.027 -1.41 1.912 2.596
307.500 1.600 -1.443 -0.87 2.246 2.814
307.500 1.700 -1.544 -0.527 2.306 2.831
307.500 1.800 -1.583 -0.368 2.148 2.699
307.500 1.900 -1.683 -0.368 1.821 2.512
307.500 2.000 -1.827 -0.328 1.53 2.411
307.500 2.100 -1.854 -0.441 1.431 2.389
307.500 2.200 -2.118 -0.698 1.498 2.692
307.500 2.300 -2.429 -0.881 1.892 3.209
307.500 2.400 -3.015 -1.005 2.474 4.034
307.500 2.500 -3.627 -0.588 2.944 4.714
307.500 2.600 -4.206 -0.024 3.267 5.331
307.500 2.700 -4.452 1.66 3.34 5.812
307.500 2.800 -2.444 3.236 2.901 4.989
307.500 2.900 -0.067 3.14 2.426 3.972
307.500 3.000 1.669 2.46 2.289 3.756
307.500 3.100 3.201 1.359 2.49 4.282
307.500 3.200 3.538 -0.63 2.878 4.611
307.500 3.300 2.292 -1.456 3.331 4.305
307.500 3.400 1.366 -0.878 3.653 4.005
307.500 3.500 1.091 0.061 3.619 3.786
307.500 3.600 1.49 0.799 3.384 3.787
307.500 3.700 2.139 1.039 2.996 3.829
307.500 3.800 3.016 0.754 2.643 4.086
307.500 3.900 3.243 -0.544 2.623 4.214
307.500 4.000 2.27 -1.142 2.995 3.935
307.500 4.100 1.562 -0.701 3.596 3.99
307.500 4.200 1.257 0.156 4.249 4.44
307.500 4.300 1.775 1.084 4.941 5.365
307.500 4.400 2.554 1.412 5.235 5.997
307.500 4.500 3.571 1.024 5.147 6.352
307.500 4.600 3.953 -0.981 4.605 6.155
307.500 4.700 2.647 -2.76 3.324 5.077
307.500 4.800 0.947 -3.668 1.961 4.278
307.500 4.900 -1.334 -4.116 0.899 4.432
307.500 5.000 -3.896 -3.033 -0.054 4.949
307.500 5.100 -4.42 -0.587 -0.509 4.496
307.500 5.200 -3.32 0.577 -0.658 3.44
307.500 5.300 -2.502 0.992 -0.955 2.862
307.500 5.400 -1.735 1.226 -1.327 2.511
307.500 5.500 -1.173 1.143 -1.961 2.563
307.500 5.600 -1.276 0.943 -2.55 3.012
307.500 5.700 -1.652 1.172 -2.972 3.606
307.500 5.800 -1.2 1.72 -2.918 3.602
307.500 5.900 -0.066 1.442 -2.237 2.671
307.500 6.000 0.644 0.55 -1.081 1.383
307.500 6.100 0.894 -0.223 0.445 1.03
307.500 6.200 0.875 -0.917 1.783 2.194
307.500 6.300 0.176 -1.396 2.175 2.598
307.500 6.400 -0.721 -1.128 1.817 2.264
307.500 6.500 -1.198 -0.637 1.014 1.7
307.500 6.600 -1.418 -0.524 -0.05 1.524
307.500 6.700 -1.66 -0.764 -0.741 1.986
307.500 6.800 -2.117 -1.371 -0.618 2.61
307.500 6.900 -3.057 -1.796 0.132 3.559
307.500 7.000 -3.71 -1.711 1.643 4.411
307.500 7.100 -4.421 -1.121 3.421 5.707
307.500 7.200 -4.29 0.536 4.525 6.261
307.500 7.300 -2.902 1.322 4.937 5.879
307.500 7.400 -1.897 0.836 4.949 5.367
307.500 7.500 -1.904 0.211 4.487 4.88
307.500 7.600 -2.247 0.236 4.166 4.741
307.500 7.700 -2.158 0.718 3.727 4.367
307.500 7.800 -1.73 1.264 3.299 3.935
307.500 7.900 -0.536 2.053 2.56 3.326
307.500 8.000 1.844 1.69 1.236 2.794
307.500 8.100 3.197 -1.298 0 3.459
307.500 8.200 0.758 -4.326 -1.119 4.541
307.500 8.300 -2.858 -4.845 -1.992 5.976
307.500 8.400 -5.417 -4.118 -1.922 7.08
307.500 8.500 -7.99 -2.655 -1.104 8.499
307.500 8.600 -8.531 1.167 -0.478 8.631
307.500 8.700 -5.882 3.298 -0.246 6.754
307.500 8.800 -3.482 3.839 0.028 5.19
307.500 8.900 -0.657 3.919 0.124 3.982
307.500 9.000 1.943 2.691 0.122 3.328
307.500 9.100 3.059 0.889 -0.096 3.194
307.500 9.200 3.436 -0.51 -0.401 3.503
307.500 9.300 2.911 -2.44 -0.382 3.822
307.500 9.400 0.86 -3.479 0.02 3.587
307.500 9.500 -1.115 -3.172 0.451 3.395
307.500 9.600 -2.61 -2.465 0.69 3.659
307.500 9.700 -3.897 -1.042 0.74 4.105
307.500 9.800 -3.48 1.079 0.726 3.719
307.500 9.900 -1.806 1.926 0.731 2.745
307.500 10.000 -0.377 1.931 0.794 2.128
307.500 10.100 0.967 1.688 0.945 2.168
307.500 10.200 2.112 0.714 1.132 2.504
307.500 10.300 2.102 -0.387 1.241 2.475
307.500 10.400 1.922 -1.13 1.117 2.497
307.500 10.500 1.1 -2.281 0.577 2.6
307.500 10.600 -0.53 -3.017 -0.346 3.086
307.500 10.700 -2.329 -3.467 -1.385 4.405
307.500 10.800 -4.751 -3.586 -2.487 6.458
307.500 10.900 -7.249 -1.673 -3.461 8.211
307.500 11.000 -6.919 0.989 -3.515 7.829
307.500 11.100 -5.879 2.545 -3.2 7.167
307.500 11.200 -3.852 4.417 -2.383 6.331
307.500 11.300 -0.576 4.522 -1.038 4.679
307.500 11.400 1.489 2.671 0.1 3.064
307.500 11.500 1.702 0.966 0.857 2.141
307.500 11.600 1.394 -0.114 1.415 1.992
307.500 11.700 0.603 -0.816 1.49 1.807
307.500 11.800 -0.287 -0.612 1.32 1.486
307.500 11.900 -0.521 0.213 1.082 1.221
307.500 12.000 0.044 0.878 0.751 1.16
307.500 12.100 0.64 0.859 0.578 1.223
307.500 12.200 0.658 0.81 0.722 1.274
307.500 12.300 0.787 0.645 0.964 1.405
307.500 12.400 0.555 0.277 1.296 1.438
307.500 12.500 0.247 0.306 1.642 1.689
307.500 12.600 0.169 0.439 1.82 1.881
307.500 12.700 0.367 0.532 1.78 1.895
307.500 12.800 0.569 0.115 1.569 1.674
307.500 12.900 0.253 -0.432 1.317 1.409
307.500 13.000 -0.251 -1.272 1.05 1.67
307.500 13.100 -2.046 -2.392 0.68 3.224
307.500 13.200 -4.759 -2.049 0.336 5.197
307.500 13.300 -6.101 -0.188 0.468 6.127
307.500 13.400 -6.06 1.051 1.042 6.243
307.500 13.500 -5.469 2.533 1.26 6.163
307.500 13.600 -3.023 3.08 0.696 4.377
307.500 13.700 -0.968 0.924 -0.183 1.358
307.500 13.800 -1.684 -2.167 -0.921 2.902
307.500 13.900 -4.54 -3.415 -1.447 5.869
307.500 14.000 -6.685 -2.409 -1.828 7.344
307.500 14.100 -7.877 -1.367 -2.008 8.251
307.500 14.200 -8.602 1.303 -1.926 8.918
307.500 14.300 -5.811 3.754 -1.846 7.168
307.500 14.400 -2.656 3.623 -1.715 4.818
307.500 14.500 -0.835 2.638 -1.663 3.239
307.500 14.600 0.385 1.247 -1.611 2.084
307.500 14.700 -0.152 -1.177 -1.626 2.021
307.500 14.800 -3.236 -1.91 -1.86 4.2
307.500 14.900 -5.485 0.512 -1.882 5.829
307.500 15.000 -4.452 3.07 -1.277 5.564
307.600 0.000 -6.929 -5.782 2.314 9.32
307.600 0.100 -10.163 -3.63 3.119 11.236
307.600 0.200 -10.51 -0.681 3.765 11.188
307.600 0.300 -10.252 0.362 4.449 11.185
307.600 0.400 -9.611 1.438 4.461 10.697
307.600 0.500 -8.625 1.31 3.766 9.505
307.600 0.600 -8.35 1.697 3.081 9.064
307.600 0.700 -7.464 2.151 2.152 8.063
307.600 0.800 -6.933 3.051 1.333 7.693
307.600 0.900 -4.299 4.61 0.919 6.372
307.600 1.000 -0.713 3.982 0.767 4.119
307.600 1.100 1.187 1.998 0.753 2.445
307.600 1.200 1.772 0.485 0.827 2.019
307.600 1.300 1.74 -1.234 1.138 2.422
307.600 1.400 0.137 -2.358 1.888 3.03
307.600 1.500 -1.513 -1.894 2.548 3.522
307.600 1.600 -2.093 -0.932 2.694 3.543
307.600 1.700 -2.167 -0.393 2.535 3.364
307.600 1.800 -2.06 -0.002 2.204 3.022
307.600 1.900 -1.791 0.061 1.716 2.486
307.600 2.000 -1.655 -0.047 1.3 2.11
307.600 2.100 -1.543 -0.317 1.026 1.886
307.600 2.200 -1.686 -0.827 0.938 2.106
307.600 2.300 -2.297 -1.398 1.186 2.945
307.600 2.400 -3.501 -1.567 1.685 4.196
307.600 2.500 -4.418 -0.836 2.033 4.941
307.600 2.600 -4.847 -0.054 2.042 5.265
307.600 2.700 -4.904 1.743 1.99 5.575
307.600 2.800 -2.778 3.411 2.135 4.892
307.600 2.900 -0.171 3.194 2.302 3.944
307.600 3.000 1.496 2.181 2.682 3.771
307.600 3.100 2.839 0.941 3.247 4.42
307.600 3.200 2.856 -1.276 3.908 5.013
307.600 3.300 0.837 -2.106 4.71 5.235
307.600 3.400 -0.613 -1.024 5.211 5.353
307.600 3.500 -0.702 0.387 4.962 5.032
307.600 3.600 -0.024 1.201 4.455 4.619
307.600 3.700 0.942 1.486 3.998 4.372
307.600 3.800 2.23 1.01 3.669 4.415
307.600 3.900 2.502 -0.793 3.657 4.508
307.600 4.000 0.864 -1.811 4.107 4.579
307.600 4.100 -0.621 -1.371 4.81 5.048
307.600 4.200 -1.366 -0.546 5.378 5.582
307.600 4.300 -1.719 0.486 6.081 6.344
307.600 4.400 -0.898 1.702 6.119 6.418
307.600 4.500 0.877 1.578 5.48 5.774
307.600 4.600 1.855 0.017 4.672 5.032
307.600 4.700 1.514 -1.401 3.503 4.073
307.600 4.800 0.79 -2.434 2.268 3.429
307.600 4.900 -0.691 -3.009 1.111 3.293
307.600 5.000 -2.257 -2.226 0.171 3.186
307.600 5.100 -2.642 -0.523 -0.159 2.706
307.600 5.200 -1.884 0.681 -0.1 2.011
307.600 5.300 -1.094 1.137 -0.121 1.584
307.600 5.400 -0.614 1.583 -0.256 1.718
307.600 5.500 0.056 1.883 -0.808 2.053
307.600 5.600 0.5 1.895 -1.953 2.774
307.600 5.700 0.947 1.791 -3.258 3.845
307.600 5.800 1.501 1.312 -3.538 4.07
307.600 5.900 2.046 0.443 -2.745 3.464
307.600 6.000 2.012 -1.012 -1.409 2.67
307.600 6.100 0.915 -2.02 0.568 2.301
307.600 6.200 -0.296 -1.97 2.235 3.002
307.600 6.300 -1.18 -1.392 2.827 3.371
307.600 6.400 -1.721 -0.45 2.465 3.044
307.600 6.500 -1.521 0.597 1.326 2.107
307.600 6.600 -0.711 0.737 -0.283 1.069
307.600 6.700 -0.231 -0.253 -1.472 1.527
307.600 6.800 -0.569 -1.629 -1.715 2.449
307.600 6.900 -1.628 -2.87 -1.154 3.509
307.600 7.000 -3.646 -3.743 0.444 5.255
307.600 7.100 -6.529 -2.95 2.601 7.629
307.600 7.200 -7.347 -0.024 3.8 8.276
307.600 7.300 -5.915 1.194 3.882 7.179
307.600 7.400 -5.083 1.197 3.689 6.397
307.600 7.500 -4.517 0.714 3.093 5.524
307.600 7.600 -4.909 0.517 2.678 5.619
307.600 7.700 -4.485 1.139 2.412 5.222
307.600 7.800 -3.912 1.547 2.264 4.781
307.600 7.900 -2.454 2.93 1.964 4.3
307.600 8.000 0.844 2.791 1.236 3.17
307.600 8.100 2.839 -0.068 0.201 2.854
307.600 8.200 1.696 -2.892 -1.185 3.565
307.600 8.300 -0.509 -3.962 -2.629 4.792
307.600 8.400 -3.189 -4.32 -3.348 6.339
307.600 8.500 -6.676 -3.13 -3.607 8.219
307.600 8.600 -7.735 0.648 -3.325 8.452
307.600 8.700 -5.318 2.713 -2.313 6.411
307.600 8.800 -3.17 3.277 -1.355 4.765
307.600 8.900 -0.735 3.458 -0.43 3.569
307.600 9.000 1.65 2.476 0.268 2.994
307.600 9.100 2.82 0.94 0.657 3.05
307.600 9.200 3.609 -0.35 0.775 3.712
307.600 9.300 3.252 -2.626 0.781 4.256
307.600 9.400 0.714 -3.765 0.802 3.917
307.600 9.500 -1.548 -3.315 0.744 3.736
307.600 9.600 -3.106 -2.501 0.664 4.046
307.600 9.700 -4.397 -1.016 0.657 4.563
307.600 9.800 -3.982 1.113 0.559 4.176
307.600 9.900 -2.375 1.82 0.541 3.046
307.600 10.000 -1.093 1.653 0.853 2.161
307.600 10.100 0.012 1.251 1.453 1.921
307.600 10.200 0.808 0.438 2.072 2.269
307.600 10.300 0.763 -0.342 2.177 2.333
307.600 10.400 0.546 -0.748 1.912 2.126
307.600 10.500 0.197 -1.239 1.057 1.642
307.600 10.600 -0.387 -1.689 -0.404 1.782
307.600 10.700 -1.292 -2.237 -1.902 3.211
307.600 10.800 -2.85 -2.353 -3.199 4.893
307.600 10.900 -4.281 -1.121 -4.147 6.07
307.600 11.000 -4.339 0.598 -4.168 6.052
307.600 11.100 -3.786 1.877 -3.525 5.509
307.600 11.200 -2.426 3.17 -2.466 4.698
307.600 11.300 -0.251 3.207 -1.145 3.419
307.600 11.400 1.096 1.707 0.015 2.032
307.600 11.500 0.92 0.277 0.869 1.298
307.600 11.600 0.345 -0.481 1.417 1.538
307.600 11.700 -0.339 -0.847 1.699 1.931
307.600 11.800 -1.028 -0.58 1.848 2.195
307.600 11.900 -1.096 0.284 1.991 2.292
307.600 12.000 -0.381 0.905 2.207 2.416
307.600 12.100 0.298 0.86 2.379 2.547
307.600 12.200 0.531 0.81 2.296 2.492
307.600 12.300 0.863 0.489 2.235 2.446
307.600 12.400 0.373 -0.083 2.456 2.486
307.600 12.500 -0.296 0.04 2.754 2.771
307.600 12.600 -0.579 0.329 2.94 3.014
307.600 12.700 -0.503 0.6 3.036 3.136
307.600 12.800 -0.279 0.428 2.867 2.913
307.600 12.900 -0.491 0.029 2.221 2.275
307.600 13.000 -0.883 -0.725 1.415 1.82
307.600 13.100 -2.198 -1.744 0.55 2.863
307.600 13.200 -4.375 -1.688 -0.178 4.699
307.600 13.300 -5.688 -0.326 -0.535 5.728
307.600 13.400 -6.224 0.703 -0.587 6.298
307.600 13.500 -6.154 2.7 -0.597 6.753
307.600 13.600 -3.139 3.772 -0.851 4.989
307.600 13.700 -0.425 1.721 -1.397 2.268
307.600 13.800 -0.765 -1.362 -2.295 2.786
307.600 13.900 -3.184 -2.69 -3.434 5.41
307.600 14.000 -5.074 -2.123 -4.105 6.873
307.600 14.100 -6.216 -1.31 -4.16 7.603
307.600 14.200 -6.875 0.926 -3.934 7.984
307.600 14.300 -4.946 3.008 -2.905 6.486
307.600 14.400 -2.633 3.122 -1.819 4.48
307.600 14.500 -0.977 2.51 -1.318 3.008
307.600 14.600 0.222 1.181 -1.217 1.722
307.600 14.700 -0.175 -0.975 -1.295 1.64
307.600 14.800 -2.605 -1.688 -1.481 3.445
307.600 14.900 -4.501 0.314 -1.491 4.759
307.600 15.000 -3.743 2.538 -1.236 4.696
307.700 0.000 -7.472 -6.278 0.709 9.787
307.700 0.100 -11.43 -4.048 0.699 12.148
307.700 0.200 -11.689 -0.824 0.613 11.736
307.700 0.300 -11.552 0.246 0.306 11.562
307.700 0.400 -10.825 1.842 0.019 10.983
307.700 0.500 -9.439 1.74 -0.21 9.603
307.700 0.600 -9.025 2.262 -0.488 9.319
307.700 0.700 -7.234 2.799 -0.582 7.781
307.700 0.800 -5.864 3.316 -0.503 6.758
307.700 0.900 -3.41 4.37 -0.094 5.545
307.700 1.000 -0.247 3.666 0.482 3.707
307.700 1.100 1.461 1.616 1.164 2.473
307.700 1.200 1.97 0.069 1.983 2.801
307.700 1.300 1.817 -1.741 2.62 3.638
307.700 1.400 -0.303 -2.884 2.853 4.074
307.700 1.500 -2.444 -2.117 2.904 4.351
307.700 1.600 -2.964 -0.743 2.753 4.118
307.700 1.700 -2.806 -0.073 2.407 3.703
307.700 1.800 -2.472 0.459 1.978 3.204
307.700 1.900 -1.853 0.551 1.506 2.455
307.700 2.000 -1.446 0.323 1.058 1.826
307.700 2.100 -1.173 -0.088 0.744 1.397
307.700 2.200 -1.215 -0.805 0.554 1.565
307.700 2.300 -1.938 -1.632 0.538 2.596
307.700 2.400 -3.378 -1.86 0.605 3.909
307.700 2.500 -4.439 -1.054 0.777 4.633
307.700 2.600 -4.879 -0.209 1.142 5.02
307.700 2.700 -4.92 1.535 1.54 5.382
307.700 2.800 -2.92 3.088 1.909 4.661
307.700 2.900 -0.502 2.718 2.494 3.725
307.700 3.000 0.807 1.458 3.275 3.678
307.700 3.100 1.492 0.096 4.265 4.525
307.700 3.200 0.941 -1.92 5.051 5.492
307.700 3.300 -1.575 -2.716 5.426 6.277
307.700 3.400 -3.644 -1.077 5.673 6.835
307.700 3.500 -3.159 0.917 5.374 6.306
307.700 3.600 -1.922 1.661 4.975 5.59
307.700 3.700 -0.662 1.884 4.57 4.991
307.700 3.800 0.689 1.159 4.255 4.467
307.700 3.900 0.858 -0.812 4.087 4.26
307.700 4.000 -0.968 -2.203 3.997 4.672
307.700 4.100 -3.08 -1.787 4.137 5.466
307.700 4.200 -3.921 -0.938 4.257 5.87
307.700 4.300 -4.892 0.053 4.454 6.622
307.700 4.400 -3.963 2.001 4.6 6.396
307.700 4.500 -1.552 2.021 4.605 5.266
307.700 4.600 -0.178 0.887 4.255 4.354
307.700 4.700 0.338 -0.245 3.352 3.384
307.700 4.800 0.309 -1.374 2.368 2.762
307.700 4.900 -0.565 -2.119 1.588 2.717
307.700 5.000 -1.658 -1.756 1.118 2.671
307.700 5.100 -2.087 -0.639 1.135 2.467
307.700 5.200 -1.748 0.437 1.583 2.402
307.700 5.300 -1.214 1.179 1.852 2.511
307.700 5.400 -0.757 2.012 1.489 2.615
307.700 5.500 0.2 2.821 0.715 2.918
307.700 5.600 1.738 3.401 -0.507 3.855
307.700 5.700 4.046 2.959 -1.954 5.385
307.700 5.800 4.948 0.904 -2.38 5.572
307.700 5.900 4.657 -0.51 -1.71 4.998
307.700 6.000 3.921 -2.73 -0.541 4.821
307.700 6.100 0.881 -4.111 1.367 4.433
307.700 6.200 -1.904 -3.158 3.053 4.796
307.700 6.300 -3.148 -1.428 3.548 4.959
307.700 6.400 -3.498 0.326 3.166 4.733
307.700 6.500 -2.421 2.327 1.809 3.816
307.700 6.600 0.135 2.643 -0.426 2.685
307.700 6.700 1.846 0.562 -2.081 2.85
307.700 6.800 1.426 -1.835 -2.306 3.289
307.700 6.900 -0.009 -3.784 -1.808 4.209
307.700 7.000 -3.124 -5.398 -0.81 6.301
307.700 7.100 -7.637 -4.433 0.267 8.844
307.700 7.200 -9.175 -0.454 0.98 9.246
307.700 7.300 -7.48 1.331 1.173 7.694
307.700 7.400 -6.382 1.672 0.802 6.653
307.700 7.500 -5.297 1.348 0.224 5.477
307.700 7.600 -5.147 0.811 -0.316 5.228
307.700 7.700 -4.813 0.941 -0.088 4.913
307.700 7.800 -4.491 1.359 0.593 4.735
307.700 7.900 -3.099 3.019 1.078 4.463
307.700 8.000 0.387 3.392 1.141 3.603
307.700 8.100 3.024 0.931 0.62 3.229
307.700 8.200 2.478 -1.54 -0.434 2.958
307.700 8.300 1.253 -2.676 -1.82 3.481
307.700 8.400 -0.78 -3.468 -3.132 4.75
307.700 8.500 -3.34 -2.573 -4.199 5.961
307.700 8.600 -4.292 -0.131 -4.32 6.102
307.700 8.700 -3.41 1.451 -3.275 4.956
307.700 8.800 -2.256 2.103 -1.947 3.657
307.700 8.900 -0.633 2.309 -0.561 2.467
307.700 9.000 1.022 1.621 0.783 2.075
307.700 9.100 1.841 0.483 1.64 2.514
307.700 9.200 2.311 -0.605 2.154 3.218
307.700 9.300 1.872 -2.417 2.192 3.763
307.700 9.400 -0.189 -3.383 1.592 3.746
307.700 9.500 -2.169 -2.945 0.952 3.782
307.700 9.600 -3.574 -2.197 0.265 4.206
307.700 9.700 -4.971 -0.865 -0.298 5.058
307.700 9.800 -4.406 1.224 -0.47 4.601
307.700 9.900 -2.601 1.591 -0.26 3.065
307.700 10.000 -1.543 1.045 0.29 1.89
307.700 10.100 -1.089 0.389 1.184 1.656
307.700 10.200 -1.044 -0.056 2.034 2.288
307.700 10.300 -1.009 -0.258 2.316 2.54
307.700 10.400 -1.039 -0.264 2.12 2.376
307.700 10.500 -0.841 -0.046 1.34 1.583
307.700 10.600 -0.333 -0.145 0.002 0.364
307.700 10.700 -0.28 -0.827 -1.502 1.74
307.700 10.800 -1.177 -1.162 -2.921 3.362
307.700 10.900 -2.045 -0.604 -3.901 4.451
307.700 11.000 -2.17 0.258 -3.981 4.547
307.700 11.100 -2.029 1.036 -3.4 4.099
307.700 11.200 -1.284 1.907 -2.298 3.257
307.700 11.300 0.075 1.907 -0.891 2.11
307.700 11.400 0.828 0.775 0.252 1.165
307.700 11.500 0.417 -0.318 0.917 1.058
307.700 11.600 -0.276 -0.881 1.359 1.647
307.700 11.700 -1.046 -1.159 1.766 2.361
307.700 11.800 -1.85 -0.876 2.225 3.025
307.700 11.900 -2.057 -0.029 2.662 3.366
307.700 12.000 -1.64 0.526 3.109 3.555
307.700 12.100 -1.21 0.711 3.51 3.781
307.700 12.200 -0.756 0.796 3.743 3.901
307.700 12.300 -0.323 0.421 3.947 3.983
307.700 12.400 -0.881 -0.191 3.883 3.986
307.700 12.500 -1.784 -0.099 3.823 4.22
307.700 12.600 -2.272 0.277 3.784 4.423
307.700 12.700 -2.544 0.548 3.751 4.566
307.700 12.800 -2.567 0.96 3.521 4.463
307.700 12.900 -2.005 1.029 2.546 3.402
307.700 13.000 -1.637 0.293 1.388 2.168
307.700 13.100 -2.273 -0.682 0.139 2.383
307.700 13.200 -3.734 -0.876 -1.134 4.007
307.700 13.300 -4.684 -0.011 -1.865 5.05
307.700 13.400 -5.021 0.886 -2.103 5.524
307.700 13.500 -4.73 2.715 -2.229 5.9
307.700 13.600 -2.22 3.845 -2.092 4.917
307.700 13.700 0.283 2.283 -2.312 3.271
307.700 13.800 0.494 -0.285 -3.068 3.132
307.700 13.900 -0.736 -1.592 -4.176 4.54
307.700 14.000 -2.128 -1.914 -4.873 5.662
307.700 14.100 -3.701 -1.503 -4.803 6.256
307.700 14.200 -4.644 0.233 -4.302 6.345
307.700 14.300 -3.746 1.824 -3.365 5.366
307.700 14.400 -2.527 2.212 -2.274 4.065
307.700 14.500 -1.178 2.152 -1.509 2.889
307.700 14.600 0.181 1.113 -1.112 1.594
307.700 14.700 -0.008 -0.848 -1.065 1.369
307.700 14.800 -2.183 -1.49 -1.334 2.967
307.700 14.900 -3.867 0.235 -1.53 4.172
307.700 15.000 -3.219 2.167 -1.251 4.085
307.800 0.000 -6.952 -5.861 -0.822 9.133
307.800 0.100 -10.152 -3.636 -1.481 10.887
307.800 0.200 -10.351 -0.477 -2.067 10.568
307.800 0.300 -9.61 0.851 -2.736 10.029
307.800 0.400 -8.561 2.036 -3.222 9.372
307.800 0.500 -7.169 2.084 -3.552 8.269
307.800 0.600 -6.388 2.104 -3.623 7.641
307.800 0.700 -5.431 2.157 -2.831 6.494
307.800 0.800 -4.784 2.599 -1.788 5.732
307.800 0.900 -2.715 3.509 -0.599 4.478
307.800 1.000 0.132 2.753 0.751 2.858
307.800 1.100 1.322 0.612 1.948 2.436
307.800 1.200 0.879 -0.869 2.926 3.181
307.800 1.300 0.067 -2.062 3.526 4.091
307.800 1.400 -1.629 -2.735 3.462 4.708
307.800 1.500 -3.352 -1.893 3.181 4.999
307.800 1.600 -3.67 -0.404 2.789 4.631
307.800 1.700 -3.255 0.357 2.343 4.03
307.800 1.800 -2.664 0.902 1.915 3.406
307.800 1.900 -1.788 1.027 1.459 2.53
307.800 2.000 -1.103 0.709 1.033 1.674
307.800 2.100 -0.703 0.216 0.678 1.005
307.800 2.200 -0.584 -0.605 0.328 0.91
307.800 2.300 -1.293 -1.609 0.159 2.076
307.800 2.400 -2.685 -1.869 0.123 3.279
307.800 2.500 -3.768 -1.257 0.133 3.98
307.800 2.600 -4.526 -0.545 0.222 4.569
307.800 2.700 -4.851 1.079 0.515 4.999
307.800 2.800 -3.068 2.422 1.272 4.113
307.800 2.900 -1.087 1.877 2.21 3.099
307.800 3.000 -0.295 0.508 3.172 3.23
307.800 3.100 -0.43 -0.864 4.113 4.23
307.800 3.200 -1.487 -2.289 4.689 5.432
307.800 3.300 -3.789 -2.804 4.751 6.7
307.800 3.400 -5.798 -1.007 4.615 7.484
307.800 3.500 -5.255 1.104 4.549 7.042
307.800 3.600 -4.146 1.879 4.514 6.415
307.800 3.700 -2.627 2.34 4.231 5.505
307.800 3.800 -0.848 1.5 3.797 4.172
307.800 3.900 -0.448 -0.501 3.399 3.471
307.800 4.000 -1.931 -1.919 2.92 3.999
307.800 4.100 -3.726 -1.683 2.459 4.778
307.800 4.200 -4.494 -0.933 2.308 5.143
307.800 4.300 -5.147 -0.002 2.236 5.617
307.800 4.400 -4.477 1.6 2.529 5.389
307.800 4.500 -2.822 1.8 3.049 4.53
307.800 4.600 -1.638 1.281 3.196 3.816
307.800 4.700 -0.591 0.513 2.896 3.004
307.800 4.800 -0.109 -0.675 2.42 2.521
307.800 4.900 -0.804 -1.657 1.973 2.707
307.800 5.000 -1.927 -1.651 1.778 3.106
307.800 5.100 -2.691 -1.037 1.971 3.5
307.800 5.200 -3.268 -0.248 2.635 4.211
307.800 5.300 -3.354 1.199 3.152 4.76
307.800 5.400 -2.269 2.591 2.902 4.505
307.800 5.500 -0.679 3.638 2.437 4.432
307.800 5.600 1.615 4.504 1.73 5.088
307.800 5.700 4.846 3.791 1.099 6.253
307.800 5.800 6.059 0.901 0.663 6.167
307.800 5.900 5.378 -1.16 0.614 5.544
307.800 6.000 3.948 -3.907 1.183 5.689
307.800 6.100 -0.281 -5.701 2.069 6.081
307.800 6.200 -4.613 -4.084 3.05 6.883
307.800 6.300 -5.845 -1.211 3.109 6.737
307.800 6.400 -6.04 1.016 2.609 6.663
307.800 6.500 -4.052 4.18 1.546 6.026
307.800 6.600 0.87 4.714 -0.07 4.797
307.800 6.700 4.151 1.463 -1.341 4.61
307.800 6.800 3.452 -1.842 -1.961 4.389
307.800 6.900 1.653 -4.243 -2.158 5.053
307.800 7.000 -2.027 -6.272 -1.685 6.817
307.800 7.100 -6.984 -5.067 -0.949 8.692
307.800 7.200 -8.862 -0.765 -0.698 8.931
307.800 7.300 -7.512 1.535 -0.958 7.735
307.800 7.400 -6.188 2.224 -1.436 6.739
307.800 7.500 -4.592 1.996 -2.134 5.451
307.800 7.600 -3.829 0.929 -2.507 4.68
307.800 7.700 -3.909 0.123 -2.027 4.415
307.800 7.800 -4.726 0.3 -0.827 4.816
307.800 7.900 -4.054 2.335 0.425 4.703
307.800 8.000 -0.883 3.047 1.467 3.499
307.800 8.100 1.573 1.495 1.902 2.888
307.800 8.200 1.981 -0.117 0.87 2.171
307.800 8.300 1.86 -1.197 -0.753 2.346
307.800 8.400 0.759 -2.178 -2.184 3.187
307.800 8.500 -0.899 -1.77 -3.304 3.866
307.800 8.600 -1.638 -0.421 -3.75 4.125
307.800 8.700 -1.431 0.463 -3.366 3.698
307.800 8.800 -1.058 0.787 -2.421 2.768
307.800 8.900 -0.455 0.738 -0.89 1.253
307.800 9.000 0.016 0.331 0.712 0.786
307.800 9.100 0.316 -0.186 1.755 1.793
307.800 9.200 0.45 -0.938 2.256 2.485
307.800 9.300 -0.03 -1.999 2.18 2.958
307.800 9.400 -1.426 -2.623 1.476 3.333
307.800 9.500 -2.933 -2.112 0.55 3.659
307.800 9.600 -3.547 -1.267 -0.463 3.799
307.800 9.700 -4.013 -0.294 -1.349 4.249
307.800 9.800 -3.42 1.047 -1.555 3.905
307.800 9.900 -2.091 1.112 -1.163 2.643
307.800 10.000 -1.443 0.263 -0.496 1.552
307.800 10.100 -1.661 -0.563 0.406 1.801
307.800 10.200 -2.257 -0.735 1.273 2.694
307.800 10.300 -2.461 -0.495 1.916 3.158
307.800 10.400 -2.562 0.009 2.169 3.357
307.800 10.500 -2.038 0.932 1.663 2.791
307.800 10.600 -0.853 1.189 0.528 1.555
307.800 10.700 -0.022 0.653 -0.833 1.06
307.800 10.800 0.195 0.224 -2.328 2.352
307.800 10.900 0.278 -0.045 -3.412 3.428
307.800 11.000 0.041 -0.126 -3.366 3.376
307.800 11.100 -0.111 0.238 -2.717 2.738
307.800 11.200 0.001 0.596 -1.666 1.777
307.800 11.300 0.35 0.652 -0.409 0.852
307.800 11.400 0.52 -0.011 0.506 0.728
307.800 11.500 -0.007 -0.755 1.033 1.283
307.800 11.600 -0.735 -1.234 1.346 1.972
307.800 11.700 -1.679 -1.599 1.685 2.87
307.800 11.800 -2.882 -1.41 2.165 3.874
307.800 11.900 -3.371 -0.516 2.746 4.381
307.800 12.000 -3.183 -0.009 3.404 4.662
307.800 12.100 -3.077 0.343 3.956 5.024
307.800 12.200 -2.94 0.48 4.277 5.213
307.800 12.300 -3.046 0.37 4.462 5.417
307.800 12.400 -3.314 0.154 4.106 5.281
307.800 12.500 -4.069 0.059 3.662 5.477
307.800 12.600 -4.518 0.56 3.273 5.61
307.800 12.700 -4.765 0.712 2.832 5.592
307.800 12.800 -4.95 1.566 2.394 5.721
307.800 12.900 -3.631 2.012 1.722 4.498
307.800 13.000 -2.646 1.372 0.907 3.121
307.800 13.100 -2.375 0.68 -0.279 2.493
307.800 13.200 -2.572 0.255 -1.575 3.036
307.800 13.300 -2.999 0.311 -2.277 3.788
307.800 13.400 -3.533 0.927 -2.338 4.346
307.800 13.500 -3.34 2.617 -2.2 4.789
307.800 13.600 -1.095 3.847 -2.084 4.518
307.800 13.700 1.518 2.735 -2.252 3.863
307.800 13.800 1.958 0.515 -2.827 3.486
307.800 13.900 1.289 -0.663 -3.707 3.989
307.800 14.000 0.296 -1.546 -4.445 4.725
307.800 14.100 -1.405 -1.606 -4.8 5.262
307.800 14.200 -2.613 -0.396 -4.648 5.356
307.800 14.300 -2.341 0.786 -3.738 4.49
307.800 14.400 -1.778 1.266 -2.68 3.466
307.800 14.500 -0.966 1.436 -1.772 2.487
307.800 14.600 -0.091 0.707 -1.077 1.302
307.800 14.700 -0.318 -0.738 -0.83 1.163
307.800 14.800 -1.901 -1.185 -0.987 2.454
307.800 14.900 -3.132 0.216 -1.087 3.329
307.800 15.000 -2.704 1.833 -0.964 3.414
307.900 0.000 -6.394 -5.233 -1.884 8.476
307.900 0.100 -9.491 -2.915 -2.683 10.287
307.900 0.200 -9.013 0.393 -3.633 9.727
307.900 0.300 -7.564 1.484 -4.45 8.902
307.900 0.400 -6.112 2.353 -4.812 8.127
307.900 0.500 -4.233 2.246 -4.8 6.783
307.900 0.600 -3.192 1.63 -4.478 5.736
307.900 0.700 -2.875 1.222 -3.754 4.885
307.900 0.800 -2.721 1.398 -2.78 4.134
307.900 0.900 -1.733 1.754 -1.099 2.7
307.900 1.000 -0.405 1.082 0.928 1.485
307.900 1.100 -0.028 -0.406 2.365 2.405
307.900 1.200 -0.686 -1.544 3.104 3.539
307.900 1.300 -1.701 -2.213 3.418 4.419
307.900 1.400 -3.172 -2.506 3.261 5.199
307.900 1.500 -4.817 -1.557 2.925 5.851
307.900 1.600 -4.708 0.118 2.462 5.318
307.900 1.700 -3.883 0.744 2.048 4.456
307.900 1.800 -3.074 1.266 1.787 3.777
307.900 1.900 -1.904 1.38 1.588 2.84
307.900 2.000 -1 1.034 1.38 1.996
307.900 2.100 -0.426 0.591 1.08 1.307
307.900 2.200 0.003 -0.245 0.696 0.745
307.900 2.300 -0.672 -1.421 0.3 1.607
307.900 2.400 -2.151 -1.729 -0.076 2.766
307.900 2.500 -3.182 -1.2 -0.305 3.419
307.900 2.600 -3.689 -0.622 -0.288 3.757
307.900 2.700 -3.852 0.518 0.059 3.89
307.900 2.800 -2.734 1.425 0.884 3.21
307.900 2.900 -1.433 0.896 1.905 2.55
307.900 3.000 -1.193 -0.392 2.795 3.07
307.900 3.100 -1.885 -1.532 3.453 4.229
307.900 3.200 -3.235 -2.484 3.725 5.53
307.900 3.300 -5.557 -2.765 3.712 7.238
307.900 3.400 -7.589 -0.821 3.631 8.459
307.900 3.500 -6.862 1.34 3.192 7.691
307.900 3.600 -5.7 2.008 2.877 6.697
307.900 3.700 -4.071 2.536 2.867 5.591
307.900 3.800 -2.132 1.723 2.941 4.024
307.900 3.900 -1.51 -0.044 2.731 3.126
307.900 4.000 -2.439 -1.312 2.123 3.497
307.900 4.100 -3.701 -1.282 1.556 4.221
307.900 4.200 -4.274 -0.791 1.202 4.515
307.900 4.300 -4.846 -0.106 1.168 4.991
307.900 4.400 -4.356 1.177 1.441 4.74
307.900 4.500 -3.077 1.415 1.862 3.869
307.900 4.600 -2.146 1.166 2.216 3.301
307.900 4.700 -1.298 0.637 2.415 2.818
307.900 4.800 -0.925 -0.328 2.342 2.544
307.900 4.900 -1.456 -1.276 1.952 2.757
307.900 5.000 -2.608 -1.582 1.611 3.458
307.900 5.100 -3.61 -1.333 1.579 4.166
307.900 5.200 -4.864 -0.906 1.869 5.295
307.900 5.300 -5.607 0.925 2.332 6.147
307.900 5.400 -4.41 2.517 2.9 5.849
307.900 5.500 -2.964 3.856 3.38 5.925
307.900 5.600 -0.196 5.137 3.102 6.004
307.900 5.700 3.34 4.224 2.563 5.965
307.900 5.800 4.942 1.352 2.155 5.563
307.900 5.900 4.847 -1.073 1.758 5.273
307.900 6.000 3.446 -4.211 1.502 5.654
307.900 6.100 -1.073 -6.171 1.477 6.446
307.900 6.200 -5.766 -4.296 1.292 7.315
307.900 6.300 -6.925 -0.921 1.176 7.091
307.900 6.400 -6.679 1.652 0.819 6.934
307.900 6.500 -4.291 4.979 0.409 6.588
307.900 6.600 0.837 5.515 0.156 5.582
307.900 6.700 4.366 2.226 -0.22 4.911
307.900 6.800 4.534 -1.14 -0.838 4.759
307.900 6.900 3.578 -4.005 -1.446 5.573
307.900 7.000 -0.636 -6.695 -1.754 6.963
307.900 7.100 -6.794 -5.338 -2.049 8.89
307.900 7.200 -8.875 -0.304 -2.584 9.258
307.900 7.300 -6.854 2.146 -3.339 7.929
307.900 7.400 -5.173 2.861 -4.077 7.191
307.900 7.500 -2.932 2.536 -4.553 5.992
307.900 7.600 -1.731 0.826 -4.711 5.099
307.900 7.700 -2.112 -0.827 -4.048 4.653
307.900 7.800 -3.648 -1.021 -2.845 4.749
307.900 7.900 -3.921 0.779 -1.237 4.193
307.900 8.000 -2.226 1.642 0.716 2.862
307.900 8.100 -0.759 1.431 1.896 2.496
307.900 8.200 0.671 1.124 1.673 2.125
307.900 8.300 2.057 0.251 0.666 2.181
307.900 8.400 1.792 -0.892 -0.63 2.106
307.900 8.500 0.895 -0.735 -2.033 2.351
307.900 8.600 0.605 -0.259 -2.845 2.932
307.900 8.700 0.719 0.041 -2.829 2.932
307.900 8.800 0.887 -0.309 -2.301 2.497
307.900 8.900 0.32 -0.886 -1.004 1.386
307.900 9.000 -0.428 -0.983 0.388 1.143
307.900 9.100 -0.74 -0.939 1.386 1.831
307.900 9.200 -0.903 -1.185 1.929 2.438
307.900 9.300 -1.327 -1.531 1.819 2.723
307.900 9.400 -2.121 -1.668 1.011 2.885
307.900 9.500 -2.906 -1.108 -0.056 3.114
307.900 9.600 -3.006 -0.361 -1.014 3.198
307.900 9.700 -2.979 0.259 -1.745 3.468
307.900 9.800 -2.292 0.976 -2.019 3.213
307.900 9.900 -1.213 0.648 -1.813 2.281
307.900 10.000 -0.939 -0.522 -1.223 1.633
307.900 10.100 -1.729 -1.495 -0.319 2.311
307.900 10.200 -2.875 -1.542 0.615 3.32
307.900 10.300 -3.686 -1.123 1.347 4.083
307.900 10.400 -4.518 -0.116 1.877 4.895
307.900 10.500 -3.778 1.784 1.612 4.479
307.900 10.600 -1.659 2.35 0.679 2.957
307.900 10.700 -0.043 1.879 -0.304 1.905
307.900 10.800 1.192 1.417 -1.236 2.229
307.900 10.900 2.282 0.359 -1.832 2.953
307.900 11.000 1.723 -0.661 -1.636 2.473
307.900 11.100 1.09 -0.546 -0.951 1.554
307.900 11.200 0.647 -0.479 -0.113 0.82
307.900 11.300 0.275 -0.269 0.724 0.821
307.900 11.400 0.1 -0.522 1.262 1.371
307.900 11.500 -0.505 -0.962 1.371 1.751
307.900 11.600 -1.204 -1.398 1.356 2.293
307.900 11.700 -2.194 -1.881 1.454 3.239
307.900 11.800 -3.529 -1.859 1.732 4.354
307.900 11.900 -4.412 -1.227 2.292 5.125
307.900 12.000 -5.012 -0.799 3.161 5.982
307.900 12.100 -5.466 0.043 3.761 6.638
307.900 12.200 -5.276 0.484 3.593 6.405
307.900 12.300 -5.483 0.599 3.22 6.39
307.900 12.400 -5.287 0.767 2.696 5.988
307.900 12.500 -5.523 0.579 2.022 5.914
307.900 12.600 -5.706 1.03 1.47 5.986
307.900 12.700 -5.654 1.191 1.037 5.876
307.900 12.800 -5.586 2.031 0.568 5.977
307.900 12.900 -4.364 2.506 0.145 5.04
307.900 13.000 -3.421 2.112 -0.348 4.042
307.900 13.100 -2.475 1.761 -1.052 3.223
307.900 13.200 -1.739 1.092 -1.752 2.708
307.900 13.300 -1.797 0.551 -2.117 2.84
307.900 13.400 -2.44 0.851 -2.151 3.37
307.900 13.500 -2.433 2.371 -1.966 3.933
307.900 13.600 -0.589 3.594 -1.528 3.957
307.900 13.700 1.675 2.939 -1.266 3.62
307.900 13.800 2.51 1.371 -1.806 3.391
307.900 13.900 2.667 0.276 -2.876 3.941
307.900 14.000 2.237 -0.976 -3.675 4.421
307.900 14.100 1.015 -1.31 -4.083 4.416
307.900 14.200 0.113 -0.859 -4.13 4.23
307.900 14.300 -0.527 -0.274 -3.359 3.421
307.900 14.400 -0.809 0.364 -2.433 2.6
307.900 14.500 -0.545 0.717 -1.727 1.958
307.900 14.600 -0.107 0.259 -1.225 1.267
307.900 14.700 -0.455 -0.827 -0.949 1.346
307.900 14.800 -1.9 -1.149 -0.844 2.381
307.900 14.900 -3.07 0.177 -0.787 3.18
307.900 15.000 -2.564 1.701 -0.685 3.16
308.000 0.000 -5.088 -4.036 -2.981 7.147
308.000 0.100 -7.22 -1.844 -4.454 8.683
308.000 0.200 -6.337 1.138 -5.252 8.309
308.000 0.300 -4.327 2.023 -5.791 7.506
308.000 0.400 -2.762 2.135 -5.763 6.738
308.000 0.500 -1.356 1.778 -5.084 5.554
308.000 0.600 -0.567 0.955 -4.351 4.49
308.000 0.700 -0.507 0.374 -3.461 3.519
308.000 0.800 -0.508 0.159 -2.436 2.494
308.000 0.900 -0.629 -0.156 -0.972 1.169
308.000 1.000 -0.865 -0.657 0.682 1.288
308.000 1.100 -1.32 -1.432 1.956 2.766
308.000 1.200 -2.227 -2.096 2.772 4.133
308.000 1.300 -3.317 -2.173 3.05 5.007
308.000 1.400 -4.336 -1.988 2.578 5.426
308.000 1.500 -5.401 -1.056 1.885 5.821
308.000 1.600 -5.067 0.417 1.551 5.319
308.000 1.700 -4.128 0.927 1.477 4.484
308.000 1.800 -3.285 1.297 1.528 3.851
308.000 1.900 -2.254 1.376 1.689 3.138
308.000 2.000 -1.432 1.174 1.77 2.565
308.000 2.100 -0.756 0.885 1.612 1.992
308.000 2.200 -0.255 0.177 1.27 1.313
308.000 2.300 -0.602 -0.811 0.645 1.206
308.000 2.400 -1.553 -1.195 -0.103 1.968
308.000 2.500 -2.326 -1.053 -0.568 2.621
308.000 2.600 -2.952 -0.832 -0.589 3.128
308.000 2.700 -3.354 -0.091 -0.202 3.365
308.000 2.800 -2.663 0.46 0.621 2.777
308.000 2.900 -1.998 -0.055 1.607 2.569
308.000 3.000 -2.186 -1.05 2.329 3.369
308.000 3.100 -3.23 -1.854 2.691 4.601
308.000 3.200 -4.658 -2.222 2.456 5.722
308.000 3.300 -6.758 -2.349 1.558 7.328
308.000 3.400 -8.83 -0.451 0.745 8.878
308.000 3.500 -7.67 1.578 0.644 7.861
308.000 3.600 -6.312 1.933 0.987 6.679
308.000 3.700 -4.848 2.31 1.328 5.535
308.000 3.800 -3.271 1.578 1.621 3.98
308.000 3.900 -2.641 0.357 1.625 3.126
308.000 4.000 -2.858 -0.632 1.086 3.128
308.000 4.100 -3.529 -0.79 0.472 3.653
308.000 4.200 -3.737 -0.546 0.143 3.785
308.000 4.300 -4.051 -0.201 0.024 4.061
308.000 4.400 -3.751 0.626 0.45 3.834
308.000 4.500 -2.95 0.844 1.242 3.314
308.000 4.600 -2.38 0.801 1.818 3.104
308.000 4.700 -1.872 0.527 2.061 2.839
308.000 4.800 -1.68 -0.063 1.955 2.583
308.000 4.900 -1.96 -0.747 1.472 2.569
308.000 5.000 -2.743 -1.208 0.864 3.127
308.000 5.100 -3.695 -1.338 0.545 3.975
308.000 5.200 -5.027 -1.12 0.571 5.189
308.000 5.300 -5.977 0.358 0.868 6.055
308.000 5.400 -5.802 1.665 1.517 6.228
308.000 5.500 -5.454 3.411 2.268 6.823
308.000 5.600 -2.342 5.327 2.793 6.456
308.000 5.700 1.845 4.424 3.188 5.757
308.000 5.800 3.684 1.597 3.242 5.163
308.000 5.900 3.808 -0.681 2.964 4.879
308.000 6.000 2.77 -3.778 2.439 5.29
308.000 6.100 -1.425 -5.638 1.502 6.016
308.000 6.200 -5.582 -3.867 0.721 6.838
308.000 6.300 -6.737 -0.733 0.221 6.788
308.000 6.400 -6.557 1.841 0.125 6.818
308.000 6.500 -4.159 5.105 0.208 6.591
308.000 6.600 1.019 5.684 0.245 5.782
308.000 6.700 4.664 2.384 0.313 5.252
308.000 6.800 4.607 -0.924 0.474 4.729
308.000 6.900 3.523 -3.463 0.262 4.956
308.000 7.000 -0.045 -5.621 -0.937 5.711
308.000 7.100 -4.851 -4.102 -2.762 6.938
308.000 7.200 -6.258 0.434 -4.115 7.513
308.000 7.300 -4.08 3.003 -4.991 7.122
308.000 7.400 -1.742 3.382 -5.764 6.917
308.000 7.500 0.502 2.762 -5.964 6.603
308.000 7.600 2.125 0.57 -6.003 6.406
308.000 7.700 1.11 -2.11 -5.031 5.581
308.000 7.800 -1.372 -2.483 -3.436 4.468
308.000 7.900 -2.666 -1.112 -1.772 3.4
308.000 8.000 -2.66 -0.109 -0.001 2.669
308.000 8.100 -2.281 0.652 1.368 2.741
308.000 8.200 -1.034 1.191 2.122 2.645
308.000 8.300 0.383 0.952 2.329 2.545
308.000 8.400 1.064 0.582 1.444 1.886
308.000 8.500 1.811 0.637 -0.03 1.926
308.000 8.600 2.326 0.125 -0.95 2.524
308.000 8.700 2.289 -0.107 -1.114 2.557
308.000 8.800 2.379 -1.002 -0.863 2.729
308.000 8.900 0.994 -2.029 -0.251 2.279
308.000 9.000 -0.547 -1.963 0.516 2.106
308.000 9.100 -1.421 -1.637 1.172 2.467
308.000 9.200 -2.112 -1.454 1.61 3.03
308.000 9.300 -2.571 -1.006 1.474 3.132
308.000 9.400 -2.693 -0.689 0.661 2.86
308.000 9.500 -2.823 -0.096 -0.3 2.845
308.000 9.600 -2.291 0.583 -1.306 2.707
308.000 9.700 -1.648 0.844 -2.176 2.865
308.000 9.800 -0.826 0.965 -2.442 2.759
308.000 9.900 0.114 0.321 -2.276 2.307
308.000 10.000 0.094 -1.245 -1.845 2.232
308.000 10.100 -1.43 -2.43 -1.046 3.01
308.000 10.200 -3.317 -2.285 -0.31 4.043
308.000 10.300 -4.48 -1.624 0.196 4.771
308.000 10.400 -5.709 -0.309 0.428 5.735
308.000 10.500 -4.938 2.164 0.484 5.414
308.000 10.600 -2.438 2.931 0.411 3.836
308.000 10.700 -0.496 2.5 0.156 2.555
308.000 10.800 1.043 1.835 -0.093 2.115
308.000 10.900 2.165 0.362 -0.013 2.198
308.000 11.000 1.571 -1.094 0.254 1.936
308.000 11.100 0.536 -1.273 0.847 1.624
308.000 11.200 -0.23 -1.105 1.42 1.817
308.000 11.300 -0.859 -0.805 1.821 2.17
308.000 11.400 -1.2 -0.585 1.969 2.38
308.000 11.500 -1.386 -0.716 1.621 2.252
308.000 11.600 -1.761 -1.262 1.232 2.496
308.000 11.700 -2.714 -1.973 1.069 3.526
308.000 11.800 -4.269 -2.174 1.17 4.936
308.000 11.900 -5.49 -1.733 1.381 5.925
308.000 12.000 -6.827 -1.493 1.678 7.192
308.000 12.100 -7.895 -0.025 1.923 8.13
308.000 12.200 -7.006 0.885 1.809 7.295
308.000 12.300 -6.608 1.042 1.522 6.866
308.000 12.400 -6.131 1.324 1.041 6.363
308.000 12.500 -6.009 1.195 0.466 6.15
308.000 12.600 -5.955 1.507 -0.128 6.15
308.000 12.700 -5.946 1.562 -0.641 6.188
308.000 12.800 -5.882 2.485 -1.027 6.475
308.000 12.900 -4.262 3.028 -1.555 5.463
308.000 13.000 -2.942 2.551 -1.983 4.378
308.000 13.100 -1.841 2.101 -2.069 3.485
308.000 13.200 -0.977 1.333 -2.032 2.629
308.000 13.300 -0.981 0.551 -1.932 2.245
308.000 13.400 -1.686 0.68 -1.67 2.477
308.000 13.500 -1.828 2.018 -1.323 3.035
308.000 13.600 -0.477 3.173 -0.951 3.354
308.000 13.700 1.337 2.944 -0.716 3.319
308.000 13.800 2.548 2.078 -0.885 3.412
308.000 13.900 3.783 1.154 -1.416 4.208
308.000 14.000 3.927 -0.605 -1.866 4.397
308.000 14.100 2.706 -1.098 -2.054 3.578
308.000 14.200 1.98 -1.086 -2.107 3.097
308.000 14.300 0.74 -0.908 -1.952 2.286
308.000 14.400 -0.091 -0.177 -1.711 1.733
308.000 14.500 -0.121 0.292 -1.452 1.497
308.000 14.600 0.122 -0.047 -1.213 1.23
308.000 14.700 -0.335 -1.029 -0.981 1.468
308.000 14.800 -1.797 -1.273 -0.724 2.324
308.000 14.900 -2.915 0.07 -0.52 2.968
308.000 15.000 -2.497 1.592 -0.434 2.999
308.100 0.000 -3.427 -2.611 -2.885 5.187
308.100 0.100 -4.342 -0.728 -4.025 5.967
308.100 0.200 -3.144 1.672 -4.726 5.918
308.100 0.300 -0.664 2.308 -5.04 5.582
308.100 0.400 0.804 1.506 -4.724 5.023
308.100 0.500 1.464 1.034 -3.946 4.334
308.100 0.600 1.944 0.076 -3.185 3.732
308.100 0.700 1.283 -0.637 -2.224 2.648
308.100 0.800 0.738 -0.918 -1.324 1.774
308.100 0.900 -0.029 -1.47 -0.405 1.529
308.100 1.000 -1.041 -1.873 0.552 2.218
308.100 1.100 -2.105 -2.322 1.341 3.414
308.100 1.200 -3.648 -2.684 1.903 4.917
308.100 1.300 -5.107 -1.998 2.052 5.86
308.100 1.400 -5.386 -1.308 1.585 5.768
308.100 1.500 -5.807 -0.578 1.127 5.947
308.100 1.600 -5.254 0.568 0.848 5.355
308.100 1.700 -4.379 0.808 0.893 4.544
308.100 1.800 -3.671 1.054 1.221 4.013
308.100 1.900 -2.797 1.091 1.648 3.428
308.100 2.000 -2.154 1.109 1.982 3.133
308.100 2.100 -1.415 1.125 1.965 2.673
308.100 2.200 -0.757 0.7 1.575 1.886
308.100 2.300 -0.734 -0.015 0.846 1.125
308.100 2.400 -1.157 -0.457 -0.031 1.249
308.100 2.500 -1.593 -0.707 -0.68 1.876
308.100 2.600 -2.091 -0.89 -0.908 2.452
308.100 2.700 -2.532 -0.697 -0.633 2.706
308.100 2.800 -2.475 -0.556 0.23 2.552
308.100 2.900 -2.517 -0.897 1.173 2.924
308.100 3.000 -3.056 -1.421 1.655 3.761
308.100 3.100 -4.306 -1.734 1.524 4.892
308.100 3.200 -5.457 -1.287 0.748 5.661
308.100 3.300 -6.251 -0.991 -0.589 6.361
308.100 3.400 -7.112 0.164 -1.782 7.338
308.100 3.500 -6.565 1.229 -2.028 6.984
308.100 3.600 -6.208 1.384 -1.681 6.582
308.100 3.700 -5.103 1.837 -1.016 5.521
308.100 3.800 -3.704 1.173 -0.258 3.897
308.100 3.900 -3.123 0.453 0.156 3.164
308.100 4.000 -2.807 -0.144 0.09 2.817
308.100 4.100 -2.855 -0.427 -0.167 2.898
308.100 4.200 -2.832 -0.415 -0.272 2.881
308.100 4.300 -2.834 -0.362 -0.171 2.868
308.100 4.400 -2.866 -0.162 0.374 2.9
308.100 4.500 -2.904 0.065 1.21 3.151
308.100 4.600 -2.819 0.41 1.784 3.365
308.100 4.700 -2.494 0.513 1.921 3.193
308.100 4.800 -2.292 0.315 1.67 2.856
308.100 4.900 -2.263 -0.064 1.032 2.493
308.100 5.000 -2.603 -0.585 0.243 2.686
308.100 5.100 -3.367 -1.065 -0.383 3.56
308.100 5.200 -4.875 -1.206 -0.682 5.075
308.100 5.300 -6.078 0.066 -0.627 6.117
308.100 5.400 -5.872 1.179 -0.334 6.004
308.100 5.500 -5.606 2.635 0.298 6.205
308.100 5.600 -3.439 4.213 1.559 5.659
308.100 5.700 -0.628 3.62 2.995 4.74
308.100 5.800 0.926 1.774 3.468 4.004
308.100 5.900 1.382 -0.265 3.056 3.368
308.100 6.000 0.589 -2.748 2.242 3.602
308.100 6.100 -2.309 -4.348 0.752 4.991
308.100 6.200 -5.693 -3.038 -0.627 6.494
308.100 6.300 -6.318 -0.344 -1.263 6.461
308.100 6.400 -6.045 1.687 -1.358 6.428
308.100 6.500 -3.947 4.535 -0.681 6.055
308.100 6.600 0.689 4.963 0.745 5.068
308.100 6.700 3.813 2.053 1.818 4.7
308.100 6.800 3.601 -0.778 1.805 4.107
308.100 6.900 2.535 -2.657 1.142 3.854
308.100 7.000 -0.123 -3.977 -0.133 3.991
308.100 7.100 -3.48 -2.394 -1.797 4.601
308.100 7.200 -3.976 1.61 -3.283 5.411
308.100 7.300 -1.151 3.958 -4.385 6.028
308.100 7.400 1.817 3.704 -4.939 6.445
308.100 7.500 3.893 2.691 -4.791 6.745
308.100 7.600 5.877 0.175 -4.337 7.317
308.100 7.700 4.057 -3.382 -3.664 6.438
308.100 7.800 0.342 -3.827 -2.825 4.78
308.100 7.900 -1.846 -2.618 -1.766 3.668
308.100 8.000 -2.929 -1.653 -0.391 3.393
308.100 8.100 -3.517 -0.429 0.907 3.662
308.100 8.200 -2.931 0.488 1.764 3.458
308.100 8.300 -2.299 0.873 2.384 3.427
308.100 8.400 -1.071 1.535 2.293 2.961
308.100 8.500 0.777 1.539 1.837 2.52
308.100 8.600 1.878 0.706 1.312 2.4
308.100 8.700 2.149 0.054 0.7 2.265
308.100 8.800 2.176 -1.179 0.47 2.523
308.100 8.900 0.829 -2.418 0.525 2.613
308.100 9.000 -0.899 -2.433 0.738 2.7
308.100 9.100 -2.001 -1.964 0.912 2.952
308.100 9.200 -2.983 -1.532 0.895 3.475
308.100 9.300 -3.427 -0.491 0.604 3.519
308.100 9.400 -2.918 0.15 0.022 2.926
308.100 9.500 -2.469 0.73 -0.679 2.668
308.100 9.600 -1.355 1.399 -1.253 2.322
308.100 9.700 0.067 1.374 -1.763 2.244
308.100 9.800 0.938 0.855 -1.838 2.242
308.100 9.900 1.705 0.148 -1.642 2.376
308.100 10.000 1.569 -1.735 -1.451 2.758
308.100 10.100 -0.595 -2.958 -1.203 3.252
308.100 10.200 -2.781 -2.703 -1.049 4.022
308.100 10.300 -4.332 -1.991 -0.761 4.831
308.100 10.400 -5.732 -0.457 -0.442 5.77
308.100 10.500 -5.179 2.057 -0.332 5.586
308.100 10.600 -3.086 2.879 -0.256 4.231
308.100 10.700 -1.299 2.604 -0.123 2.915
308.100 10.800 0.391 1.792 -0.019 1.836
308.100 10.900 1.393 0.048 0.295 1.427
308.100 11.000 0.641 -1.62 0.864 1.949
308.100 11.100 -0.818 -1.9 1.525 2.573
308.100 11.200 -1.78 -1.423 1.936 2.992
308.100 11.300 -2.444 -0.983 2.041 3.336
308.100 11.400 -2.792 -0.328 1.887 3.388
308.100 11.500 -2.426 -0.194 1.402 2.811
308.100 11.600 -2.382 -0.853 0.857 2.675
308.100 11.700 -3.156 -1.736 0.36 3.626
308.100 11.800 -4.688 -2.105 -0.054 5.145
308.100 11.900 -5.896 -1.733 -0.29 6.159
308.100 12.000 -7.056 -1.477 -0.466 7.23
308.100 12.100 -7.986 -0.108 -0.588 8.015
308.100 12.200 -7.52 0.808 -0.443 7.583
308.100 12.300 -7.475 1.279 -0.422 7.602
308.100 12.400 -6.614 1.937 -0.853 6.951
308.100 12.500 -6.087 1.791 -1.526 6.534
308.100 12.600 -5.677 2.17 -2.187 6.467
308.100 12.700 -5.147 2.131 -2.888 6.282
308.100 12.800 -4.795 2.788 -3.375 6.501
308.100 12.900 -3.048 3.179 -3.213 5.46
308.100 13.000 -1.528 2.517 -2.908 4.148
308.100 13.100 -0.688 1.789 -2.423 3.099
308.100 13.200 -0.099 1.092 -1.893 2.197
308.100 13.300 -0.29 0.244 -1.49 1.548
308.100 13.400 -1.348 0.339 -1.166 1.823
308.100 13.500 -1.773 1.671 -0.867 2.593
308.100 13.600 -0.615 2.823 -0.48 2.936
308.100 13.700 0.997 2.758 -0.085 2.94
308.100 13.800 2.136 2.12 0.17 3.02
308.100 13.900 3.268 1.269 0.419 3.536
308.100 14.000 3.464 -0.346 0.442 3.513
308.100 14.100 2.458 -0.959 0.202 2.65
308.100 14.200 1.71 -0.964 0.032 1.968
308.100 14.300 0.815 -0.742 -0.358 1.164
308.100 14.400 0.279 -0.134 -0.74 0.811
308.100 14.500 0.3 0.238 -0.935 1.02
308.100 14.600 0.586 -0.119 -1.053 1.22
308.100 14.700 0.054 -1.298 -0.978 1.633
308.100 14.800 -1.833 -1.645 -0.603 2.54
308.100 14.900 -3.316 -0.086 -0.283 3.334
308.100 15.000 -2.724 1.63 -0.261 3.191
308.200 0.000 -2.179 -1.522 -2.245 3.482
308.200 0.100 -2.466 0.05 -3.12 3.978
308.200 0.200 -1.058 1.884 -3.379 4.012
308.200 0.300 1.345 2.056 -3.044 3.912
308.200 0.400 2.49 0.758 -2.338 3.499
308.200 0.500 2.669 0.153 -1.313 2.979
308.200 0.600 2.817 -0.66 -0.398 2.923
308.200 0.700 1.898 -1.174 -0.136 2.238
308.200 0.800 1.275 -1.446 -0.07 1.934
308.200 0.900 0.232 -2.151 0.226 2.181
308.200 1.000 -1.196 -2.476 0.587 2.817
308.200 1.100 -2.509 -2.66 0.748 3.737
308.200 1.200 -4.109 -2.733 0.606 4.976
308.200 1.300 -5.478 -1.73 0.252 5.754
308.200 1.400 -5.539 -0.865 -0.105 5.61
308.200 1.500 -5.752 -0.275 -0.521 5.785
308.200 1.600 -5.063 0.566 -0.55 5.126
308.200 1.700 -4.217 0.466 -0.205 4.25
308.200 1.800 -3.776 0.423 0.467 3.831
308.200 1.900 -3.377 0.409 1.432 3.694
308.200 2.000 -3.106 0.785 2.183 3.88
308.200 2.100 -2.409 1.263 2.359 3.603
308.200 2.200 -1.611 1.282 2.051 2.908
308.200 2.300 -1.112 0.995 1.139 1.879
308.200 2.400 -0.841 0.516 -0.087 0.992
308.200 2.500 -0.838 -0.208 -0.954 1.291
308.200 2.600 -1.219 -0.904 -1.202 1.941
308.200 2.700 -1.792 -1.304 -0.877 2.389
308.200 2.800 -2.348 -1.56 -0.016 2.826
308.200 2.900 -3.072 -1.62 0.93 3.601
308.200 3.000 -3.778 -1.414 1.223 4.221
308.200 3.100 -4.639 -1.029 0.7 4.808
308.200 3.200 -5.147 -0.061 -0.453 5.172
308.200 3.300 -5.171 0.449 -2.026 5.576
308.200 3.400 -5.317 1.068 -3.409 6.408
308.200 3.500 -4.432 1.437 -4.091 6.203
308.200 3.600 -3.831 1.004 -4.14 5.732
308.200 3.700 -3.388 0.702 -3.226 4.735
308.200 3.800 -3.094 0.199 -1.812 3.594
308.200 3.900 -2.969 0.066 -0.893 3.106
308.200 4.000 -2.615 -0.124 -0.586 2.688
308.200 4.100 -2.474 -0.398 -0.475 2.557
308.200 4.200 -2.368 -0.561 -0.251 2.453
308.200 4.300 -2.392 -0.76 0.17 2.522
308.200 4.400 -2.763 -0.897 0.765 3.01
308.200 4.500 -3.46 -0.666 1.472 3.824
308.200 4.600 -3.783 0.162 1.912 4.246
308.200 4.700 -3.414 0.669 1.811 3.925
308.200 4.800 -3.1 0.845 1.41 3.512
308.200 4.900 -2.568 0.833 0.587 2.766
308.200 5.000 -2.277 0.306 -0.451 2.346
308.200 5.100 -2.552 -0.345 -1.412 2.945
308.200 5.200 -3.543 -0.725 -2.307 4.298
308.200 5.300 -4.513 -0.126 -2.689 5.262
308.200 5.400 -4.818 0.461 -2.058 5.266
308.200 5.500 -5.203 1.611 -1.054 5.553
308.200 5.600 -3.972 2.853 0.026 4.894
308.200 5.700 -2.566 2.538 1.136 3.785
308.200 5.800 -1.371 1.839 1.661 2.832
308.200 5.900 -0.337 0.3 1.438 1.509
308.200 6.000 -0.538 -1.6 0.713 1.841
308.200 6.100 -2.021 -2.735 -0.544 3.454
308.200 6.200 -3.821 -2.004 -1.822 4.693
308.200 6.300 -4.282 -0.223 -2.215 4.834
308.200 6.400 -3.946 1.365 -1.98 4.628
308.200 6.500 -2.554 3.086 -0.994 4.132
308.200 6.600 0.027 3.252 0.714 3.331
308.200 6.700 1.781 1.343 2.071 3.044
308.200 6.800 1.772 -0.569 2.571 3.177
308.200 6.900 1.158 -1.768 2.327 3.149
308.200 7.000 -0.664 -2.324 1.004 2.624
308.200 7.100 -2.793 -0.653 -0.941 3.028
308.200 7.200 -2.453 2.779 -2.426 4.438
308.200 7.300 0.691 4.585 -3.168 5.623
308.200 7.400 3.692 3.705 -3.347 6.217
308.200 7.500 5.34 2.098 -2.889 6.432
308.200 7.600 6.448 -0.468 -2.134 6.816
308.200 7.700 4.685 -3.662 -1.815 6.226
308.200 7.800 1.381 -4.232 -1.807 4.814
308.200 7.900 -0.971 -3.413 -1.653 3.925
308.200 8.000 -2.858 -2.688 -1.278 4.135
308.200 8.100 -4.29 -1.33 -0.699 4.553
308.200 8.200 -4 -0.289 0.179 4.021
308.200 8.300 -3.809 0.339 1.04 3.967
308.200 8.400 -2.781 1.438 1.672 3.552
308.200 8.500 -1.169 1.59 2.067 2.86
308.200 8.600 0.07 1.248 2.016 2.372
308.200 8.700 1.26 0.616 1.529 2.076
308.200 8.800 1.856 -1.002 1.136 2.398
308.200 8.900 0.533 -2.469 1.012 2.724
308.200 9.000 -1.198 -2.476 0.932 2.908
308.200 9.100 -2.258 -1.882 0.774 3.044
308.200 9.200 -3.006 -1.234 0.466 3.287
308.200 9.300 -3.21 -0.142 0.117 3.219
308.200 9.400 -2.586 0.63 -0.18 2.672
308.200 9.500 -1.833 1.114 -0.43 2.193
308.200 9.600 -0.718 1.595 -0.423 1.805
308.200 9.700 0.765 1.472 -0.244 1.681
308.200 9.800 1.504 0.71 -0.14 1.673
308.200 9.900 1.91 -0.016 -0.063 1.914
308.200 10.000 1.644 -1.679 -0.154 2.358
308.200 10.100 -0.256 -2.769 -0.616 2.852
308.200 10.200 -2.243 -2.602 -1.082 3.605
308.200 10.300 -3.955 -2.071 -1.452 4.699
308.200 10.400 -5.848 -0.57 -1.713 6.124
308.200 10.500 -5.314 2.11 -1.805 6
308.200 10.600 -3.073 2.724 -1.707 4.45
308.200 10.700 -1.435 2.302 -1.344 3.031
308.200 10.800 0.131 1.318 -0.629 1.469
308.200 10.900 0.87 -0.564 0.217 1.062
308.200 11.000 -0.254 -2.291 0.953 2.498
308.200 11.100 -2.119 -2.429 1.586 3.595
308.200 11.200 -3.228 -1.561 1.865 4.044
308.200 11.300 -3.79 -0.841 1.749 4.26
308.200 11.400 -3.957 0.08 1.368 4.191
308.200 11.500 -3.356 0.363 0.768 3.466
308.200 11.600 -3.099 -0.264 0.118 3.117
308.200 11.700 -3.514 -1.138 -0.603 3.748
308.200 11.800 -4.661 -1.65 -1.216 5.098
308.200 11.900 -5.669 -1.449 -1.704 6.101
308.200 12.000 -6.74 -1.297 -2.044 7.168
308.200 12.100 -7.595 -0.012 -2.199 7.914
308.200 12.200 -6.977 0.934 -2.464 7.465
308.200 12.300 -6.688 1.49 -2.753 7.391
308.200 12.400 -5.665 2.309 -2.838 6.751
308.200 12.500 -4.625 2.401 -3.146 6.095
308.200 12.600 -3.819 2.665 -3.578 5.881
308.200 12.700 -2.881 2.738 -4.002 5.649
308.200 12.800 -2.05 2.764 -4.258 5.483
308.200 12.900 -1.048 2.628 -3.792 4.741
308.200 13.000 -0.126 1.921 -3.059 3.624
308.200 13.100 0.162 1.037 -2.202 2.449
308.200 13.200 0.138 0.454 -1.286 1.381
308.200 13.300 -0.333 -0.067 -0.735 0.819
308.200 13.400 -1.328 0.171 -0.583 1.467
308.200 13.500 -1.725 1.402 -0.444 2.274
308.200 13.600 -0.851 2.417 -0.18 2.575
308.200 13.700 0.376 2.37 0.21 2.414
308.200 13.800 1.293 1.794 0.631 2.304
308.200 13.900 2.055 0.953 1.055 2.502
308.200 14.000 2.092 -0.308 1.325 2.498
308.200 14.100 1.299 -0.833 1.367 2.063
308.200 14.200 0.649 -0.677 1.212 1.533
308.200 14.300 0.197 -0.26 0.8 0.864
308.200 14.400 0.131 0.257 0.305 0.422
308.200 14.500 0.393 0.495 -0.128 0.651
308.200 14.600 0.898 0.035 -0.423 1
308.200 14.700 0.416 -1.421 -0.533 1.579
308.200 14.800 -1.709 -1.858 -0.529 2.584
308.200 14.900 -3.308 -0.218 -0.482 3.356
308.200 15.000 -2.776 1.583 -0.347 3.22
308.300 0.000 -1.152 -0.674 -1.123 1.746
308.300 0.100 -0.717 0.556 -1.694 1.922
308.300 0.200 0.546 1.706 -1.765 2.515
308.300 0.300 2.466 1.497 -1.467 3.237
308.300 0.400 2.974 -0.308 -0.65 3.062
308.300 0.500 1.975 -1.146 0.709 2.394
308.300 0.600 1.262 -1.187 1.711 2.438
308.300 0.700 0.933 -1.049 1.841 2.319
308.300 0.800 0.948 -1.339 1.652 2.333
308.300 0.900 0.037 -2.123 1.258 2.474
308.300 1.000 -1.364 -2.381 0.743 2.848
308.300 1.100 -2.576 -2.463 0.314 3.583
308.300 1.200 -3.947 -2.361 -0.049 4.603
308.300 1.300 -4.999 -1.274 -0.508 5.187
308.300 1.400 -4.813 -0.34 -1.128 4.958
308.300 1.500 -4.551 0.025 -1.617 4.832
308.300 1.600 -3.979 0.279 -1.628 4.311
308.300 1.700 -3.509 -0.14 -1.144 3.696
308.300 1.800 -3.55 -0.591 -0.251 3.611
308.300 1.900 -4.087 -0.757 0.982 4.274
308.300 2.000 -4.623 0.192 2.05 5.064
308.300 2.100 -3.909 1.291 2.381 4.758
308.300 2.200 -3.071 1.852 2.182 4.2
308.300 2.300 -1.868 2.298 1.198 3.195
308.300 2.400 -0.433 1.791 -0.236 1.857
308.300 2.500 0.194 0.404 -1.279 1.357
308.300 2.600 -0.175 -0.892 -1.663 1.899
308.300 2.700 -0.974 -1.919 -1.444 2.597
308.300 2.800 -2.29 -2.661 -0.528 3.556
308.300 2.900 -4.016 -2.391 0.543 4.711
308.300 3.000 -4.829 -1.219 0.85 5.057
308.300 3.100 -5.233 -0.162 0.322 5.25
308.300 3.200 -4.973 1.588 -0.983 5.315
308.300 3.300 -3.45 2.437 -3.11 5.247
308.300 3.400 -2.235 2.209 -4.985 5.896
308.300 3.500 -1.24 1.576 -5.433 5.794
308.300 3.600 -0.664 0.509 -5.074 5.146
308.300 3.700 -1.027 -0.671 -4.095 4.28
308.300 3.800 -2.146 -1.127 -2.753 3.673
308.300 3.900 -2.764 -0.592 -1.739 3.323
308.300 4.000 -2.402 -0.383 -1.195 2.714
308.300 4.100 -2.223 -0.662 -0.834 2.471
308.300 4.200 -2.308 -1.017 -0.389 2.559
308.300 4.300 -2.719 -1.345 0.223 3.049
308.300 4.400 -3.38 -1.463 0.772 3.77
308.300 4.500 -4.421 -1.194 1.186 4.737
308.300 4.600 -4.979 0.096 1.403 5.179
308.300 4.700 -4.32 0.984 1.259 4.61
308.300 4.800 -3.733 1.452 0.795 4.087
308.300 4.900 -2.65 1.781 0.086 3.196
308.300 5.000 -1.586 1.332 -0.843 2.239
308.300 5.100 -1.218 0.594 -1.767 2.233
308.300 5.200 -1.33 0.148 -2.663 2.987
308.300 5.300 -1.725 -0.151 -3.218 3.663
308.300 5.400 -2.722 -0.167 -3.136 4.164
308.300 5.500 -3.681 0.779 -2.809 4.702
308.300 5.600 -3.091 1.819 -1.957 4.091
308.300 5.700 -2.254 1.771 -1.122 3.083
308.300 5.800 -1.387 1.538 -0.554 2.147
308.300 5.900 -0.416 0.545 -0.32 0.761
308.300 6.000 -0.305 -0.889 -0.572 1.113
308.300 6.100 -1.133 -1.733 -1.086 2.349
308.300 6.200 -2.162 -1.356 -1.626 3.036
308.300 6.300 -2.573 -0.282 -1.786 3.153
308.300 6.400 -2.505 0.795 -1.464 3.016
308.300 6.500 -1.793 1.775 -0.604 2.599
308.300 6.600 -0.46 1.736 0.711 1.932
308.300 6.700 0.301 0.363 1.919 1.977
308.300 6.800 -0.36 -0.986 2.662 2.864
308.300 6.900 -1.481 -1.242 2.853 3.449
308.300 7.000 -2.261 -0.578 1.819 2.962
308.300 7.100 -2.658 1.076 0.215 2.88
308.300 7.200 -1.377 3.812 -1.017 4.183
308.300 7.300 2.185 5.126 -1.8 5.861
308.300 7.400 5.391 3.463 -1.967 6.709
308.300 7.500 6.323 1.347 -1.282 6.597
308.300 7.600 6.931 -0.972 -0.647 7.036
308.300 7.700 4.964 -3.786 -0.374 6.262
308.300 7.800 1.81 -4.055 -0.555 4.484
308.300 7.900 -0.213 -3.175 -1.118 3.383
308.300 8.000 -1.569 -2.47 -1.905 3.502
308.300 8.100 -2.637 -1.863 -2.245 3.943
308.300 8.200 -3.392 -1.479 -1.317 3.936
308.300 8.300 -4.251 -0.625 -0.001 4.303
308.300 8.400 -3.801 0.819 0.864 3.986
308.300 8.500 -2.601 1.244 1.398 3.207
308.300 8.600 -1.445 1.335 1.692 2.596
308.300 8.700 0.013 0.827 1.778 1.961
308.300 8.800 0.764 -0.801 1.774 2.091
308.300 8.900 -0.276 -2.255 1.504 2.727
308.300 9.000 -1.835 -2.277 1.226 3.174
308.300 9.100 -2.695 -1.565 0.896 3.247
308.300 9.200 -3.199 -0.889 0.512 3.363
308.300 9.300 -3.249 0.14 0.211 3.263
308.300 9.400 -2.522 0.803 0.058 2.651
308.300 9.500 -1.781 1.07 0.133 2.086
308.300 9.600 -0.982 1.275 0.457 1.675
308.300 9.700 -0.067 1.162 0.915 1.482
308.300 9.800 0.588 0.729 1.097 1.443
308.300 9.900 1.148 0.115 0.927 1.481
308.300 10.000 1.045 -1.238 0.512 1.702
308.300 10.100 -0.354 -2.101 -0.171 2.14
308.300 10.200 -1.836 -1.93 -1.043 2.865
308.300 10.300 -3.008 -1.364 -1.969 3.85
308.300 10.400 -4.055 -0.047 -2.904 4.992
308.300 10.500 -3.437 1.986 -3.176 5.089
308.300 10.600 -1.494 2.465 -2.942 4.123
308.300 10.700 -0.095 1.588 -2.446 2.923
308.300 10.800 0.539 0.292 -1.412 1.545
308.300 10.900 0.402 -1.446 -0.391 1.557
308.300 11.000 -1.223 -3.043 0.452 3.315
308.300 11.100 -3.727 -2.964 1.195 4.913
308.300 11.200 -4.949 -1.458 1.326 5.33
308.300 11.300 -5.284 -0.545 0.966 5.403
308.300 11.400 -5.3 0.723 0.446 5.372
308.300 11.500 -4.108 1.161 -0.474 4.3
308.300 11.600 -3.519 0.495 -1.378 3.818
308.300 11.700 -3.495 -0.375 -2.224 4.167
308.300 11.800 -4.365 -1.068 -3.006 5.415
308.300 11.900 -5.067 -0.905 -3.635 6.31
308.300 12.000 -5.689 -0.951 -4.159 7.119
308.300 12.100 -6.335 0.049 -4.367 7.703
308.300 12.200 -5.565 0.93 -3.995 6.921
308.300 12.300 -4.979 1.436 -3.594 6.314
308.300 12.400 -4.11 2.225 -3.272 5.713
308.300 12.500 -3.024 2.642 -3.164 5.121
308.300 12.600 -2.041 2.945 -3.311 4.888
308.300 12.700 -0.927 3.077 -3.582 4.822
308.300 12.800 0.109 2.659 -3.71 4.575
308.300 12.900 0.694 2.07 -3.447 4.09
308.300 13.000 1.153 1.159 -2.895 3.335
308.300 13.100 0.78 0.036 -1.958 2.118
308.300 13.200 -0.096 -0.38 -0.94 1.027
308.300 13.300 -0.903 -0.338 -0.387 1.046
308.300 13.400 -1.75 0.092 -0.284 1.781
308.300 13.500 -2.117 1.301 -0.258 2.505
308.300 13.600 -1.159 2.204 -0.19 2.504
308.300 13.700 -0.034 1.978 0.077 1.985
308.300 13.800 0.623 1.274 0.603 1.545
308.300 13.900 1.021 0.456 1.295 1.712
308.300 14.000 0.799 -0.561 1.812 2.058
308.300 14.100 -0.119 -0.887 2.049 2.236
308.300 14.200 -0.785 -0.426 2.038 2.225
308.300 14.300 -0.962 0.222 1.612 1.891
308.300 14.400 -0.763 0.75 1.084 1.525
308.300 14.500 -0.156 0.988 0.478 1.113
308.300 14.600 0.615 0.309 -0.072 0.698
308.300 14.700 0.238 -1.329 -0.315 1.392
308.300 14.800 -1.761 -1.9 -0.267 2.609
308.300 14.900 -3.337 -0.288 -0.131 3.356
308.300 15.000 -2.835 1.554 -0.17 3.242
308.400 0.000 -0.825 -0.349 0.606 1.084
308.400 0.100 -0.046 0.769 0.606 0.981
308.400 0.200 1.143 1.604 0.563 2.05
308.400 0.300 2.927 1.112 0.712 3.212
308.400 0.400 2.907 -1.296 1.201 3.405
308.400 0.500 0.768 -2.294 2.007 3.147
308.400 0.600 -0.699 -1.699 2.721 3.287
308.400 0.700 -0.994 -1.046 2.942 3.281
308.400 0.800 -0.953 -1.006 2.81 3.137
308.400 0.900 -1.189 -1.302 2.079 2.731
308.400 1.000 -1.664 -1.591 1.041 2.531
308.400 1.100 -2.444 -1.915 0.19 3.115
308.400 1.200 -3.749 -1.837 -0.53 4.212
308.400 1.300 -4.647 -0.631 -1.288 4.866
308.400 1.400 -4.021 0.293 -1.972 4.49
308.400 1.500 -3.419 0.329 -2.503 4.252
308.400 1.600 -2.754 0.09 -2.599 3.79
308.400 1.700 -2.448 -0.808 -2.222 3.407
308.400 1.800 -2.949 -1.731 -1.298 3.662
308.400 1.900 -4.26 -2.032 0.025 4.724
308.400 2.000 -5.486 -0.617 1.135 5.639
308.400 2.100 -5.032 1.097 1.779 5.452
308.400 2.200 -4.255 2.351 1.701 5.153
308.400 2.300 -2.434 3.56 0.866 4.399
308.400 2.400 0.017 3.099 -0.408 3.126
308.400 2.500 1.291 1.178 -1.479 2.29
308.400 2.600 1.206 -0.661 -2.051 2.473
308.400 2.700 0.411 -2.436 -2.021 3.196
308.400 2.800 -1.731 -3.732 -1.237 4.302
308.400 2.900 -4.368 -3.155 -0.352 5.406
308.400 3.000 -5.462 -1.215 0.13 5.602
308.400 3.100 -5.603 0.62 -0.052 5.641
308.400 3.200 -4.537 3.263 -1.106 5.698
308.400 3.300 -1.267 4.671 -2.954 5.671
308.400 3.400 1.746 3.401 -4.709 6.068
308.400 3.500 2.396 1.458 -5.232 5.94
308.400 3.600 2.326 -0.09 -5.055 5.569
308.400 3.700 1.261 -1.825 -4.264 4.812
308.400 3.800 -0.693 -2.236 -3.148 3.929
308.400 3.900 -1.861 -1.356 -2.292 3.254
308.400 4.000 -1.92 -0.851 -1.732 2.727
308.400 4.100 -1.981 -1.045 -1.368 2.63
308.400 4.200 -2.301 -1.534 -0.981 2.94
308.400 4.300 -3.155 -1.954 -0.467 3.747
308.400 4.400 -4.055 -1.929 0.085 4.499
308.400 4.500 -5.142 -1.539 0.621 5.41
308.400 4.600 -5.717 0.048 0.894 5.791
308.400 4.700 -4.955 1.268 0.738 5.171
308.400 4.800 -4.079 1.952 0.425 4.544
308.400 4.900 -2.645 2.475 -0.059 3.624
308.400 5.000 -1.064 2.127 -0.63 2.461
308.400 5.100 -0.226 1.361 -1.248 1.863
308.400 5.200 0.194 0.865 -1.882 2.085
308.400 5.300 0.274 0.178 -2.38 2.41
308.400 5.400 -0.424 -0.043 -2.747 2.788
308.400 5.500 -0.912 0.447 -2.887 3.068
308.400 5.600 -0.929 0.961 -2.411 2.764
308.400 5.700 -0.636 1.17 -1.798 2.243
308.400 5.800 -0.127 1.064 -1.315 1.702
308.400 5.900 0.525 0.475 -1.003 1.236
308.400 6.000 0.664 -0.716 -0.949 1.373
308.400 6.100 -0.232 -1.434 -0.982 1.765
308.400 6.200 -1.188 -1.118 -1.116 1.987
308.400 6.300 -1.674 -0.375 -1.153 2.076
308.400 6.400 -1.844 0.333 -0.96 2.113
308.400 6.500 -1.63 0.832 -0.451 1.891
308.400 6.600 -1.225 0.539 0.418 1.405
308.400 6.700 -1.308 -0.462 1.291 1.899
308.400 6.800 -2.311 -1.419 1.744 3.229
308.400 6.900 -3.832 -1.015 1.856 4.381
308.400 7.000 -3.906 0.569 1.434 4.204
308.400 7.100 -3.243 2.178 0.679 3.969
308.400 7.200 -1.344 4.514 0.112 4.714
308.400 7.300 2.597 5.343 0.025 5.944
308.400 7.400 5.789 3.05 0.399 6.56
308.400 7.500 6.056 0.523 1.023 6.169
308.400 7.600 5.898 -1.449 1.805 6.341
308.400 7.700 3.982 -3.512 1.727 5.589
308.400 7.800 1.335 -3.393 0.975 3.781
308.400 7.900 -0.008 -2.175 -0.071 2.184
308.400 8.000 -0.201 -1.423 -1.377 2.002
308.400 8.100 -0.454 -1.858 -2.238 2.954
308.400 8.200 -2.151 -2.492 -2.088 3.907
308.400 8.300 -4.323 -1.646 -1.441 4.852
308.400 8.400 -4.424 0.076 -0.58 4.468
308.400 8.500 -3.581 0.62 0.38 3.658
308.400 8.600 -2.679 1.071 0.997 3.055
308.400 8.700 -1.279 0.697 1.19 1.883
308.400 8.800 -0.635 -0.755 1.309 1.64
308.400 8.900 -1.353 -2.021 1.297 2.759
308.400 9.000 -2.645 -2.015 1.159 3.525
308.400 9.100 -3.285 -1.172 0.851 3.594
308.400 9.200 -3.51 -0.496 0.41 3.572
308.400 9.300 -3.425 0.325 0.088 3.445
308.400 9.400 -2.825 0.722 0.088 2.921
308.400 9.500 -2.337 0.772 0.379 2.494
308.400 9.600 -1.832 0.791 0.851 2.172
308.400 9.700 -1.32 0.727 1.432 2.08
308.400 9.800 -0.805 0.657 1.787 2.068
308.400 9.900 -0.12 0.349 1.829 1.866
308.400 10.000 0.07 -0.598 1.414 1.538
308.400 10.100 -0.757 -1.151 0.42 1.442
308.400 10.200 -1.548 -0.947 -0.676 1.94
308.400 10.300 -2.004 -0.385 -1.685 2.651
308.400 10.400 -2.169 0.626 -2.493 3.368
308.400 10.500 -1.335 1.959 -2.795 3.67
308.400 10.600 0.518 2.237 -2.678 3.532
308.400 10.700 1.746 0.864 -2.283 3.006
308.400 10.800 1.456 -0.643 -1.597 2.26
308.400 10.900 0.647 -2.173 -0.987 2.479
308.400 11.000 -1.513 -3.635 -0.591 3.986
308.400 11.100 -4.626 -3.283 -0.47 5.697
308.400 11.200 -5.855 -1.181 -0.572 6.005
308.400 11.300 -5.751 -0.052 -0.972 5.838
308.400 11.400 -5.443 1.417 -1.597 5.851
308.400 11.500 -3.697 2.058 -2.254 4.801
308.400 11.600 -2.513 1.352 -3.127 4.241
308.400 11.700 -2.168 0.405 -3.887 4.479
308.400 11.800 -2.521 -0.301 -4.677 5.331
308.400 11.900 -2.924 -0.481 -5.241 6.03
308.400 12.000 -3.304 -0.627 -5.47 6.43
308.400 12.100 -3.717 -0.276 -5.35 6.529
308.400 12.200 -3.73 0.197 -4.598 5.933
308.400 12.300 -3.748 0.825 -3.71 5.347
308.400 12.400 -3.228 1.771 -2.941 4.721
308.400 12.500 -2.358 2.495 -2.404 4.199
308.400 12.600 -1.293 3.161 -2.354 4.155
308.400 12.700 0.167 3.378 -2.724 4.351
308.400 12.800 1.421 2.613 -2.936 4.188
308.400 12.900 1.962 1.69 -2.639 3.706
308.400 13.000 2.348 0.503 -2.079 3.184
308.400 13.100 1.327 -0.93 -1.334 2.107
308.400 13.200 -0.333 -1.097 -0.609 1.305
308.400 13.300 -1.391 -0.527 -0.258 1.515
308.400 13.400 -2.03 0.179 -0.323 2.069
308.400 13.500 -2.165 1.333 -0.492 2.596
308.400 13.600 -1.172 2.083 -0.5 2.448
308.400 13.700 -0.116 1.61 -0.323 1.653
308.400 13.800 0.173 0.582 0.223 0.651
308.400 13.900 -0.153 -0.291 1.044 1.095
308.400 14.000 -0.843 -0.936 1.654 2.079
308.400 14.100 -1.982 -1.124 1.986 3.024
308.400 14.200 -2.917 -0.2 2.088 3.596
308.400 14.300 -2.605 0.805 1.565 3.147
308.400 14.400 -2.08 1.288 0.974 2.637
308.400 14.500 -0.977 1.637 0.397 1.952
308.400 14.600 0.456 0.756 -0.112 0.896
308.400 14.700 0.315 -1.283 -0.331 1.366
308.400 14.800 -1.928 -2.042 -0.312 2.83
308.400 14.900 -3.717 -0.34 -0.267 3.746
308.400 15.000 -3.057 1.616 -0.222 3.47
308.500 0.000 -1.611 -0.769 2.423 3.011
308.500 0.100 -1.243 0.69 2.95 3.276
308.500 0.200 0.095 1.864 2.669 3.258
308.500 0.300 1.901 1.075 2.104 3.034
308.500 0.400 1.648 -1.725 2.046 3.146
308.500 0.500 -0.977 -3.057 2.64 4.16
308.500 0.600 -3 -2.047 3.206 4.848
308.500 0.700 -3.289 -0.961 3.12 4.637
308.500 0.800 -3.207 -0.582 2.795 4.296
308.500 0.900 -2.825 -0.372 2.181 3.592
308.500 1.000 -2.43 -0.623 1.352 2.854
308.500 1.100 -2.646 -1.049 0.446 2.885
308.500 1.200 -3.449 -0.916 -0.551 3.614
308.500 1.300 -3.749 0.207 -1.527 4.056
308.500 1.400 -2.726 1.057 -2.456 3.82
308.500 1.500 -1.517 0.761 -3.225 3.646
308.500 1.600 -0.728 -0.082 -3.328 3.41
308.500 1.700 -0.392 -1.375 -2.989 3.317
308.500 1.800 -1.319 -3.078 -2.026 3.919
308.500 1.900 -3.811 -3.53 -0.353 5.211
308.500 2.000 -5.862 -1.59 1.048 6.168
308.500 2.100 -5.821 0.763 1.675 6.108
308.500 2.200 -5.046 2.766 1.738 6.013
308.500 2.300 -2.675 4.74 0.935 5.523
308.500 2.400 0.828 4.46 -0.517 4.566
308.500 2.500 2.79 1.96 -1.654 3.791
308.500 2.600 2.811 -0.382 -2.116 3.542
308.500 2.700 1.947 -2.798 -2.151 4.035
308.500 2.800 -0.909 -4.645 -1.579 4.994
308.500 2.900 -4.36 -3.913 -0.669 5.902
308.500 3.000 -5.918 -1.492 -0.154 6.11
308.500 3.100 -6.356 0.906 -0.006 6.424
308.500 3.200 -4.926 4.541 -0.483 6.718
308.500 3.300 -0.249 6.347 -1.737 6.586
308.500 3.400 3.935 4.469 -2.788 6.577
308.500 3.500 5.109 1.899 -3.558 6.512
308.500 3.600 5.585 -0.232 -4.002 6.878
308.500 3.700 3.918 -2.913 -3.486 6.006
308.500 3.800 0.721 -3.207 -2.5 4.137
308.500 3.900 -1.025 -1.838 -1.994 2.906
308.500 4.000 -1.216 -1.031 -1.971 2.54
308.500 4.100 -1.284 -1.25 -2.034 2.717
308.500 4.200 -1.786 -1.913 -1.833 3.202
308.500 4.300 -2.851 -2.417 -1.477 4.026
308.500 4.400 -4.12 -2.523 -1.028 4.946
308.500 4.500 -5.932 -2.118 -0.503 6.325
308.500 4.600 -6.885 0.038 -0.203 6.893
308.500 4.700 -5.636 1.497 -0.288 5.842
308.500 4.800 -4.589 2.186 -0.383 5.1
308.500 4.900 -2.869 2.792 -0.418 4.027
308.500 5.000 -1.096 2.454 -0.437 2.724
308.500 5.100 0.029 1.85 -0.604 1.947
308.500 5.200 0.928 1.361 -0.968 1.913
308.500 5.300 1.381 0.51 -1.285 1.96
308.500 5.400 1.033 0.184 -1.395 1.752
308.500 5.500 0.901 0.382 -1.439 1.747
308.500 5.600 0.71 0.565 -1.375 1.654
308.500 5.700 0.769 0.802 -1.234 1.666
308.500 5.800 1.066 0.685 -0.974 1.604
308.500 5.900 1.46 0.248 -0.663 1.629
308.500 6.000 1.429 -0.815 -0.443 1.713
308.500 6.100 0.348 -1.427 -0.312 1.512
308.500 6.200 -0.716 -1.008 -0.342 1.293
308.500 6.300 -1.314 -0.321 -0.547 1.468
308.500 6.400 -1.678 0.22 -0.764 1.864
308.500 6.500 -1.684 0.483 -0.868 1.962
308.500 6.600 -1.697 -0.096 -0.756 1.868
308.500 6.700 -2.269 -0.992 -0.391 2.516
308.500 6.800 -3.272 -1.737 0.101 3.713
308.500 6.900 -4.693 -1.082 0.563 4.855
308.500 7.000 -4.705 0.803 0.768 4.839
308.500 7.100 -3.807 2.515 0.833 4.642
308.500 7.200 -1.723 4.639 0.861 5.026
308.500 7.300 2.057 5.091 0.92 5.57
308.500 7.400 4.829 2.512 1.275 5.595
308.500 7.500 4.665 -0.272 2.022 5.096
308.500 7.600 3.657 -1.886 2.675 4.912
308.500 7.700 1.966 -2.989 2.643 4.452
308.500 7.800 -0.004 -2.52 2.022 3.236
308.500 7.900 -0.621 -0.86 0.929 1.414
308.500 8.000 0.311 -0.105 -0.536 0.638
308.500 8.100 0.792 -1.217 -1.718 2.259
308.500 8.200 -0.72 -2.46 -2.346 3.484
308.500 8.300 -2.771 -2.035 -2.524 4.274
308.500 8.400 -3.567 -0.89 -2.058 4.221
308.500 8.500 -3.929 -0.311 -1.235 4.137
308.500 8.600 -3.558 0.666 -0.564 3.669
308.500 8.700 -1.967 0.462 -0.092 2.027
308.500 8.800 -1.333 -0.976 0.318 1.687
308.500 8.900 -2.192 -2.179 0.709 3.175
308.500 9.000 -3.692 -1.942 0.98 4.289
308.500 9.100 -4.179 -0.724 0.715 4.305
308.500 9.200 -4.087 -0.05 0.168 4.094
308.500 9.300 -3.853 0.583 -0.263 3.91
308.500 9.400 -3.299 0.618 -0.483 3.395
308.500 9.500 -3.161 0.342 -0.254 3.194
308.500 9.600 -3.033 0.085 0.432 3.068
308.500 9.700 -3.154 0.056 1.403 3.455
308.500 9.800 -2.899 0.456 1.893 3.495
308.500 9.900 -2.363 0.39 1.961 3.097
308.500 10.000 -2.007 0.178 1.632 2.595
308.500 10.100 -1.719 -0.012 0.633 1.833
308.500 10.200 -1.616 0.041 -0.367 1.661
308.500 10.300 -1.397 0.447 -1.161 1.876
308.500 10.400 -0.979 1.112 -1.738 2.289
308.500 10.500 0.018 1.925 -1.858 2.681
308.500 10.600 1.691 1.95 -1.624 3.054
308.500 10.700 2.695 0.48 -1.346 3.055
308.500 10.800 2.219 -1.008 -1.185 2.716
308.500 10.900 1.23 -2.399 -1.179 2.949
308.500 11.000 -0.959 -3.64 -1.251 3.973
308.500 11.100 -3.737 -3.069 -1.476 5.062
308.500 11.200 -4.9 -1.008 -1.73 5.299
308.500 11.300 -4.723 0.434 -2.018 5.16
308.500 11.400 -4.045 1.911 -2.42 5.091
308.500 11.500 -2.235 2.746 -2.933 4.603
308.500 11.600 -0.561 2.133 -3.664 4.284
308.500 11.700 -0.096 1.074 -4.351 4.492
308.500 11.800 -0.163 0.409 -5.073 5.102
308.500 11.900 -0.394 -0.166 -5.623 5.649
308.500 12.000 -0.869 -0.599 -5.811 5.916
308.500 12.100 -1.453 -0.814 -5.536 5.791
308.500 12.200 -2.136 -0.789 -4.625 5.165
308.500 12.300 -2.839 -0.131 -3.473 4.496
308.500 12.400 -2.9 0.962 -2.479 3.942
308.500 12.500 -2.577 2.02 -1.694 3.693
308.500 12.600 -1.473 3.34 -1.421 3.924
308.500 12.700 0.755 3.792 -1.67 4.219
308.500 12.800 2.521 2.542 -1.835 4.03
308.500 12.900 2.597 1.169 -1.556 3.253
308.500 13.000 2.385 -0.084 -1.077 2.625
308.500 13.100 1.077 -1.487 -0.649 1.953
308.500 13.200 -0.887 -1.537 -0.23 1.795
308.500 13.300 -2.02 -0.53 -0.095 2.095
308.500 13.400 -2.358 0.384 -0.312 2.416
308.500 13.500 -2.229 1.49 -0.52 2.738
308.500 13.600 -1.012 2.135 -0.707 2.473
308.500 13.700 0.216 1.375 -0.718 1.574
308.500 13.800 0.155 -0.064 -0.358 0.403
308.500 13.900 -0.884 -0.959 0.183 1.321
308.500 14.000 -1.985 -1.263 0.564 2.423
308.500 14.100 -3.309 -1.303 0.682 3.625
308.500 14.200 -4.473 0.007 0.581 4.515
308.500 14.300 -3.687 1.331 0.329 3.938
308.500 14.400 -2.746 1.748 -0.044 3.26
308.500 14.500 -1.42 1.988 -0.319 2.469
308.500 14.600 0.082 0.913 -0.387 1.001
308.500 14.700 -0.021 -1.228 -0.363 1.285
308.500 14.800 -2.074 -2.052 -0.309 2.938
308.500 14.900 -3.702 -0.395 -0.189 3.732
308.500 15.000 -3.136 1.589 -0.181 3.525
308.600 0.000 -3.289 -1.75 3.815 5.334
308.600 0.100 -3.743 0.512 4.583 5.941
308.600 0.200 -1.884 2.754 4.063 5.258
308.600 0.300 1.005 1.913 2.829 3.561
308.600 0.400 0.871 -1.763 1.98 2.795
308.600 0.500 -2.891 -3.668 1.877 5.037
308.600 0.600 -5.856 -2.149 2.036 6.565
308.600 0.700 -5.646 -0.705 1.976 6.026
308.600 0.800 -5.282 -0.268 1.968 5.647
308.600 0.900 -4.646 0.207 1.663 4.942
308.600 1.000 -4.017 0.057 1.199 4.196
308.600 1.100 -3.787 -0.058 0.467 3.819
308.600 1.200 -3.822 0.101 -0.592 3.872
308.600 1.300 -3.511 1.142 -1.513 3.992
308.600 1.400 -1.612 1.958 -2.296 3.422
308.600 1.500 0.573 1.186 -2.827 3.12
308.600 1.600 1.455 -0.361 -2.741 3.126
308.600 1.700 1.833 -1.916 -2.241 3.475
308.600 1.800 0.521 -4.397 -1.412 4.653
308.600 1.900 -3.394 -5.029 -0.322 6.081
308.600 2.000 -6.511 -2.512 0.598 7.009
308.600 2.100 -6.708 0.355 1.246 6.835
308.600 2.200 -6.267 2.923 1.48 7.073
308.600 2.300 -3.279 5.804 1.111 6.759
308.600 2.400 1.562 5.725 0.344 5.944
308.600 2.500 4.305 2.781 -0.557 5.157
308.600 2.600 4.504 0.193 -1.578 4.779
308.600 2.700 3.803 -2.818 -2.299 5.266
308.600 2.800 0.327 -5.323 -2.139 5.752
308.600 2.900 -4.132 -4.579 -1.745 6.415
308.600 3.000 -6.026 -1.776 -1.33 6.425
308.600 3.100 -6.608 0.857 -1.065 6.751
308.600 3.200 -5.097 5.107 -1.06 7.294
308.600 3.300 0.328 7.165 -1.259 7.283
308.600 3.400 5.052 4.975 -1.587 7.268
308.600 3.500 6.488 2.075 -1.359 6.949
308.600 3.600 7.222 -0.319 -0.903 7.289
308.600 3.700 5.232 -3.39 -0.816 6.294
308.600 3.800 1.449 -3.507 -1.026 3.938
308.600 3.900 -0.438 -1.749 -1.346 2.257
308.600 4.000 -0.367 -0.686 -1.847 2.01
308.600 4.100 -0.09 -1.114 -2.347 2.606
308.600 4.200 -0.793 -2.136 -2.452 3.355
308.600 4.300 -2.193 -2.718 -2.312 4.196
308.600 4.400 -3.627 -2.804 -2.154 5.072
308.600 4.500 -5.397 -2.303 -2.097 6.238
308.600 4.600 -6.306 -0.148 -1.987 6.618
308.600 4.700 -5.205 1.408 -1.666 5.648
308.600 4.800 -4.087 2.05 -1.403 4.786
308.600 4.900 -2.624 2.489 -0.952 3.743
308.600 5.000 -1.128 2.229 -0.412 2.534
308.600 5.100 -0.03 1.816 0.034 1.817
308.600 5.200 1.154 1.491 0.361 1.921
308.600 5.300 1.899 0.565 0.513 2.05
308.600 5.400 1.478 0.23 0.449 1.565
308.600 5.500 1.404 0.441 0.304 1.506
308.600 5.600 1.473 0.639 0.178 1.619
308.600 5.700 1.919 0.788 0.008 2.077
308.600 5.800 2.2 0.383 0.125 2.241
308.600 5.900 2.342 0.037 0.393 2.38
308.600 6.000 2.139 -1.038 0.532 2.442
308.600 6.100 0.527 -1.574 0.785 1.843
308.600 6.200 -0.865 -0.768 0.685 1.35
308.600 6.300 -1.375 0.223 0.013 1.397
308.600 6.400 -1.46 0.769 -0.934 1.902
308.600 6.500 -1.206 0.865 -1.77 2.318
308.600 6.600 -0.946 0.048 -2.411 2.6
308.600 6.700 -1.459 -1.365 -2.581 3.274
308.600 6.800 -3.115 -2.532 -1.928 4.463
308.600 6.900 -5.418 -1.725 -0.989 5.78
308.600 7.000 -5.497 0.512 -0.325 5.536
308.600 7.100 -4.684 2.137 0.284 5.161
308.600 7.200 -2.652 4.426 0.902 5.24
308.600 7.300 1.504 4.821 1.489 5.267
308.600 7.400 4.359 1.933 2.101 5.214
308.600 7.500 3.541 -0.966 2.621 4.514
308.600 7.600 1.997 -2.179 3.001 4.214
308.600 7.700 0.276 -2.692 2.99 4.035
308.600 7.800 -1.437 -1.773 2.556 3.429
308.600 7.900 -1.476 0.437 1.629 2.242
308.600 8.000 0.559 1.428 0.168 1.545
308.600 8.100 2.013 -0.193 -1.293 2.408
308.600 8.200 0.694 -1.975 -2.125 2.992
308.600 8.300 -1.255 -1.929 -2.624 3.5
308.600 8.400 -2.201 -1.238 -2.775 3.762
308.600 8.500 -2.724 -0.768 -2.658 3.892
308.600 8.600 -2.6 -0.012 -2.178 3.4
308.600 8.700 -1.588 -0.172 -1.358 2.105
308.600 8.800 -1.319 -1.495 -0.684 2.115
308.600 8.900 -2.645 -2.62 -0.139 3.731
308.600 9.000 -4.687 -1.999 0.075 5.102
308.600 9.100 -5.034 -0.198 -0.194 5.046
308.600 9.200 -4.498 0.536 -0.823 4.609
308.600 9.300 -4.01 1.023 -1.45 4.391
308.600 9.400 -3.261 0.751 -1.821 3.816
308.600 9.500 -3.213 -0.044 -1.841 3.709
308.600 9.600 -3.851 -0.9 -1.239 4.15
308.600 9.700 -5.319 -0.869 -0.254 5.399
308.600 9.800 -5.243 0.34 0.262 5.264
308.600 9.900 -4.367 0.389 0.361 4.403
308.600 10.000 -3.786 0.676 0.335 3.864
308.600 10.100 -2.584 0.75 0.055 2.695
308.600 10.200 -1.773 0.653 -0.271 1.913
308.600 10.300 -1.05 0.93 -0.526 1.502
308.600 10.400 -0.107 1.323 -0.659 1.486
308.600 10.500 0.95 1.702 -0.44 2.002
308.600 10.600 2.522 1.751 -0.131 3.075
308.600 10.700 3.529 0.304 -0.002 3.546
308.600 10.800 2.921 -0.906 -0.022 3.062
308.600 10.900 2.2 -2.099 -0.499 3.086
308.600 11.000 -0.089 -3.365 -1.086 3.543
308.600 11.100 -3.003 -2.736 -1.677 4.401
308.600 11.200 -4.077 -0.713 -2.095 4.644
308.600 11.300 -3.777 0.667 -2.278 4.467
308.600 11.400 -3.05 2.197 -2.376 4.453
308.600 11.500 -1.059 3.216 -2.546 4.242
308.600 11.600 0.917 2.783 -2.954 4.167
308.600 11.700 1.683 1.855 -3.718 4.491
308.600 11.800 2.056 1.186 -4.697 5.271
308.600 11.900 2.098 0.249 -5.393 5.802
308.600 12.000 1.745 -0.504 -5.724 6.015
308.600 12.100 1.045 -1.422 -5.59 5.871
308.600 12.200 -0.554 -1.967 -4.624 5.066
308.600 12.300 -2.269 -1.257 -3.435 4.313
308.600 12.400 -2.863 0.063 -2.381 3.732
308.600 12.500 -2.98 1.368 -1.514 3.619
308.600 12.600 -2.02 3.172 -0.958 3.887
308.600 12.700 0.366 3.784 -0.629 3.859
308.600 12.800 2.197 2.529 -0.466 3.388
308.600 12.900 2.435 1.07 -0.604 2.734
308.600 13.000 2.24 -0.308 -0.692 2.371
308.600 13.100 0.767 -1.788 -0.6 2.041
308.600 13.200 -1.56 -1.774 -0.497 2.419
308.600 13.300 -2.703 -0.361 -0.558 2.79
308.600 13.400 -2.606 0.64 -0.791 2.804
308.600 13.500 -2.245 1.656 -0.995 2.968
308.600 13.600 -0.833 2.189 -1.013 2.559
308.600 13.700 0.475 1.239 -0.913 1.617
308.600 13.800 0.319 -0.363 -0.776 0.922
308.600 13.900 -0.84 -1.232 -0.647 1.63
308.600 14.000 -2.037 -1.421 -0.538 2.546
308.600 14.100 -3.323 -1.205 -0.531 3.578
308.600 14.200 -4.251 0.161 -0.688 4.314
308.600 14.300 -3.679 1.493 -0.836 4.063
308.600 14.400 -2.804 1.992 -0.99 3.585
308.600 14.500 -1.446 2.146 -1.204 2.861
308.600 14.600 0.004 0.89 -1.318 1.598
308.600 14.700 -0.194 -1.399 -1.153 1.829
308.600 14.800 -2.454 -2.376 -0.728 3.496
308.600 14.900 -4.391 -0.542 -0.331 4.44
308.600 15.000 -3.531 1.685 -0.26 3.925
308.700 0.000 -5.639 -3.128 4.908 8.106
308.700 0.100 -6.956 0.33 6.01 9.201
308.700 0.200 -4.612 4.063 5.166 8.031
308.700 0.300 -0.708 3.444 3.165 4.731
308.700 0.400 -0.088 -0.626 1.306 1.454
308.700 0.500 -3.322 -3.06 -0.149 4.524
308.700 0.600 -6.237 -2.08 -0.942 6.646
308.700 0.700 -6.785 -1.078 -0.726 6.911
308.700 0.800 -7.449 -0.411 -0.243 7.468
308.700 0.900 -6.64 0.602 -0.308 6.678
308.700 1.000 -5.825 0.403 -0.524 5.865
308.700 1.100 -5.248 0.759 -0.855 5.374
308.700 1.200 -4.268 0.964 -1.415 4.601
308.700 1.300 -3.264 1.734 -1.838 4.13
308.700 1.400 -0.991 2.303 -2.022 3.222
308.700 1.500 1.455 1.158 -1.888 2.652
308.700 1.600 2.395 -0.797 -1.472 2.925
308.700 1.700 2.533 -2.63 -0.829 3.748
308.700 1.800 0.973 -5.138 -0.145 5.237
308.700 1.900 -2.891 -5.66 0.388 6.373
308.700 2.000 -5.973 -3.113 0.807 6.788
308.700 2.100 -6.655 -0.049 1.181 6.762
308.700 2.200 -6.265 2.934 1.325 7.045
308.700 2.300 -3.393 5.997 1.377 7.027
308.700 2.400 1.209 6.165 1.285 6.413
308.700 2.500 4.244 3.677 0.857 5.681
308.700 2.600 5.668 1.296 0.105 5.818
308.700 2.700 6.065 -2.289 -0.699 6.524
308.700 2.800 2.353 -5.224 -1.383 5.899
308.700 2.900 -1.917 -4.589 -1.97 5.354
308.700 3.000 -4.242 -2.341 -1.79 5.169
308.700 3.100 -5.375 0.487 -1.071 5.505
308.700 3.200 -4.06 4.766 -0.412 6.275
308.700 3.300 1.033 7.033 0.227 7.112
308.700 3.400 5.858 4.748 0.828 7.588
308.700 3.500 6.517 1.531 1.182 6.801
308.700 3.600 6.182 -0.609 1.367 6.365
308.700 3.700 4.285 -2.973 1.128 5.342
308.700 3.800 1.168 -2.957 0.512 3.228
308.700 3.900 -0.308 -1.051 -0.313 1.147
308.700 4.000 0.293 0.107 -1.337 1.377
308.700 4.100 1.056 -0.585 -2.206 2.521
308.700 4.200 0.475 -1.929 -2.79 3.433
308.700 4.300 -0.881 -2.693 -3.165 4.256
308.700 4.400 -2.392 -2.974 -3.144 4.952
308.700 4.500 -4.272 -2.477 -2.819 5.693
308.700 4.600 -5.256 -0.379 -2.555 5.861
308.700 4.700 -4.356 1.114 -2.376 5.089
308.700 4.800 -3.442 1.614 -1.995 4.297
308.700 4.900 -2.318 1.814 -1.335 3.236
308.700 5.000 -1.308 1.48 -0.417 2.021
308.700 5.100 -0.636 1.106 0.551 1.391
308.700 5.200 -0.007 0.816 1.569 1.77
308.700 5.300 0.427 0.419 2.291 2.37
308.700 5.400 0.608 0.424 2.34 2.457
308.700 5.500 1.095 0.541 2.303 2.608
308.700 5.600 1.355 0.684 2.37 2.816
308.700 5.700 2.163 0.822 2.492 3.402
308.700 5.800 2.4 0.097 2.655 3.583
308.700 5.900 2.165 -0.122 2.86 3.592
308.700 6.000 1.811 -1.079 2.872 3.567
308.700 6.100 -0.291 -1.46 2.452 2.873
308.700 6.200 -1.983 -0.111 1.761 2.657
308.700 6.300 -1.94 1.461 0.441 2.47
308.700 6.400 -1.141 1.997 -1.129 2.566
308.700 6.500 -0.187 1.868 -2.472 3.11
308.700 6.600 0.867 0.791 -3.551 3.748
308.700 6.700 0.865 -1.465 -4.064 4.415
308.700 6.800 -1.313 -3.213 -3.798 5.155
308.700 6.900 -4.031 -2.546 -3.254 5.781
308.700 7.000 -4.696 -0.501 -2.065 5.162
308.700 7.100 -4.393 1.222 -0.7 4.618
308.700 7.200 -2.848 3.465 0.49 4.514
308.700 7.300 0.44 3.856 1.657 4.22
308.700 7.400 2.587 1.374 2.516 3.863
308.700 7.500 1.896 -1.245 2.847 3.642
308.700 7.600 0.245 -2.335 3.019 3.827
308.700 7.700 -1.511 -2.55 3.024 4.237
308.700 7.800 -3.313 -1.371 2.964 4.655
308.700 7.900 -3.073 1.507 2.464 4.219
308.700 8.000 -0.032 2.826 1.414 3.162
308.700 8.100 2.357 1.045 0.273 2.597
308.700 8.200 1.551 -0.934 -1.222 2.193
308.700 8.300 0.143 -1.272 -2.551 2.864
308.700 8.400 -0.617 -1.148 -3.086 3.36
308.700 8.500 -1.073 -0.999 -3.006 3.354
308.700 8.600 -1.155 -0.721 -2.526 2.879
308.700 8.700 -0.781 -0.952 -1.734 2.136
308.700 8.800 -0.928 -2.106 -1.012 2.522
308.700 8.900 -2.713 -2.987 -0.544 4.078
308.700 9.000 -4.891 -1.884 -0.437 5.265
308.700 9.100 -5.168 0.333 -0.877 5.257
308.700 9.200 -4.285 1.316 -1.702 4.8
308.700 9.300 -3.416 1.641 -2.555 4.577
308.700 9.400 -2.537 1.126 -3.256 4.286
308.700 9.500 -2.423 -0.088 -3.646 4.386
308.700 9.600 -3.327 -1.372 -3.679 5.153
308.700 9.700 -5.152 -1.46 -3.507 6.408
308.700 9.800 -5.367 -0.197 -2.849 6.085
308.700 9.900 -4.609 0.023 -1.97 5.019
308.700 10.000 -4.026 0.452 -1.325 4.268
308.700 10.100 -2.891 0.644 -0.817 3.078
308.700 10.200 -2.041 0.55 -0.343 2.146
308.700 10.300 -1.208 0.749 0.21 1.441
308.700 10.400 -0.177 0.959 0.926 1.346
308.700 10.500 0.65 1.114 1.72 2.151
308.700 10.600 1.837 1.321 2.549 3.41
308.700 10.700 2.723 0.337 2.875 3.975
308.700 10.800 2.229 -0.401 2.266 3.205
308.700 10.900 1.852 -1.209 1.286 2.561
308.700 11.000 0.302 -2.203 -0.224 2.24
308.700 11.100 -1.674 -1.84 -1.789 3.071
308.700 11.200 -2.532 -0.571 -2.396 3.539
308.700 11.300 -2.519 0.581 -2.173 3.384
308.700 11.400 -1.936 2.081 -1.847 3.395
308.700 11.500 -0.167 3.298 -1.615 3.681
308.700 11.600 1.896 3.241 -1.768 4.155
308.700 11.700 3.132 2.75 -2.295 4.764
308.700 11.800 4.508 2.203 -3.313 6.019
308.700 11.900 4.936 0.656 -4.059 6.431
308.700 12.000 4.554 -0.242 -4.37 6.323
308.700 12.100 3.928 -1.842 -4.503 6.26
308.700 12.200 1.354 -2.901 -4.053 5.174
308.700 12.300 -1.092 -2.217 -3.392 4.205
308.700 12.400 -2.427 -0.985 -2.436 3.585
308.700 12.500 -3.26 0.545 -1.351 3.578
308.700 12.600 -2.65 2.738 -0.679 3.876
308.700 12.700 -0.468 3.509 -0.416 3.57
308.700 12.800 1.242 2.508 -0.26 2.816
308.700 12.900 1.834 1.194 -0.241 2.207
308.700 13.000 1.895 -0.232 -0.281 1.934
308.700 13.100 0.603 -1.65 -0.53 1.839
308.700 13.200 -1.415 -1.578 -0.921 2.315
308.700 13.300 -2.393 -0.253 -1.152 2.674
308.700 13.400 -2.263 0.792 -1.205 2.69
308.700 13.500 -1.747 1.716 -1.253 2.757
308.700 13.600 -0.423 2.142 -1.266 2.53
308.700 13.700 0.826 1.155 -1.274 1.915
308.700 13.800 0.641 -0.475 -1.184 1.434
308.700 13.900 -0.524 -1.296 -1.1 1.785
308.700 14.000 -1.742 -1.437 -1.126 2.529
308.700 14.100 -3.132 -1.128 -1.24 3.557
308.700 14.200 -4.132 0.392 -1.461 4.405
308.700 14.300 -3.389 1.784 -1.865 4.266
308.700 14.400 -2.466 2.225 -2.28 4.036
308.700 14.500 -0.976 2.306 -2.482 3.533
308.700 14.600 0.611 0.81 -2.43 2.642
308.700 14.700 0.299 -1.807 -2.069 2.769
308.700 14.800 -2.262 -2.872 -1.446 3.936
308.700 14.900 -4.354 -0.877 -0.901 4.536
308.700 15.000 -3.641 1.56 -0.558 4.005
308.800 0.000 -9.146 -5.205 5.161 11.725
308.800 0.100 -12.587 0.01 6.797 14.309
308.800 0.200 -8.829 6.38 5.478 12.195
308.800 0.300 -2.166 6.027 2.55 6.894
308.800 0.400 -0.083 1.236 0.081 1.242
308.800 0.500 -2.61 -1.678 -1.7 3.541
308.800 0.600 -5.065 -1.452 -2.982 6.058
308.800 0.700 -5.96 -1.039 -3.811 7.153
308.800 0.800 -7.027 -0.512 -4.253 8.233
308.800 0.900 -6.477 0.461 -3.942 7.599
308.800 1.000 -5.802 0.356 -3.453 6.764
308.800 1.100 -5.255 0.841 -3.193 6.208
308.800 1.200 -4.335 1.011 -2.938 5.336
308.800 1.300 -3.333 1.724 -2.595 4.563
308.800 1.400 -0.678 2.129 -2.186 3.127
308.800 1.500 1.998 0.601 -1.504 2.574
308.800 1.600 2.784 -1.605 -0.415 3.244
308.800 1.700 2.847 -3.327 0.588 4.423
308.800 1.800 1.142 -5.798 1.273 6.05
308.800 1.900 -3.159 -6.112 1.717 7.097
308.800 2.000 -6.471 -3.337 1.841 7.514
308.800 2.100 -7.118 -0.218 1.839 7.358
308.800 2.200 -6.895 2.764 2.031 7.703
308.800 2.300 -4.021 5.974 2.234 7.541
308.800 2.400 0.81 6.322 2.381 6.804
308.800 2.500 3.961 3.952 2.39 6.086
308.800 2.600 5.145 1.727 2.186 5.854
308.800 2.700 5.504 -1.476 1.627 5.93
308.800 2.800 2.887 -4.146 0.511 5.083
308.800 2.900 -0.296 -4.047 -0.495 4.094
308.800 3.000 -2.708 -2.728 -0.797 3.931
308.800 3.100 -4.734 -0.275 -0.468 4.768
308.800 3.200 -4.129 3.952 0.316 5.725
308.800 3.300 0.303 5.989 1.518 6.186
308.800 3.400 4.138 4.087 2.663 6.397
308.800 3.500 5.008 1.444 3.154 6.095
308.800 3.600 5.034 -0.412 3.161 5.963
308.800 3.700 3.307 -2.384 2.616 4.85
308.800 3.800 0.436 -2.064 1.567 2.636
308.800 3.900 -0.555 0.074 0.354 0.666
308.800 4.000 0.876 1.271 -0.907 1.792
308.800 4.100 2.338 0.239 -2.038 3.115
308.800 4.200 2.111 -1.384 -2.674 3.683
308.800 4.300 1.244 -2.348 -3.173 4.146
308.800 4.400 -0.362 -3.154 -3.346 4.619
308.800 4.500 -2.763 -2.677 -3.342 5.103
308.800 4.600 -3.955 -0.532 -3.352 5.217
308.800 4.700 -3.095 0.888 -3.15 4.508
308.800 4.800 -2.285 1.093 -2.852 3.819
308.800 4.900 -1.686 0.862 -2.06 2.803
308.800 5.000 -1.486 0.37 -0.92 1.791
308.800 5.100 -1.465 0.005 0.255 1.491
308.800 5.200 -1.62 -0.333 1.485 2.227
308.800 5.300 -1.798 -0.181 2.571 3.146
308.800 5.400 -1.441 0.099 3.35 3.651
308.800 5.500 -1.025 0.275 4.047 4.185
308.800 5.600 -0.698 0.502 4.343 4.429
308.800 5.700 -0.198 0.52 4.671 4.706
308.800 5.800 -0.076 0.07 4.81 4.813
308.800 5.900 -0.417 -0.219 4.728 4.754
308.800 6.000 -1.025 -0.55 4.41 4.563
308.800 6.100 -2.356 -0.462 3.255 4.047
308.800 6.200 -3.557 1.151 1.804 4.153
308.800 6.300 -2.502 3.195 0.133 4.062
308.800 6.400 -0.517 3.599 -1.67 4.005
308.800 6.500 1.285 3.102 -3.128 4.595
308.800 6.600 3.07 1.624 -4.118 5.394
308.800 6.700 3.508 -1.376 -4.544 5.912
308.800 6.800 1.32 -3.605 -4.275 5.755
308.800 6.900 -1.293 -3.396 -3.579 5.11
308.800 7.000 -2.934 -2.046 -2.334 4.28
308.800 7.100 -3.976 -0.213 -0.781 4.064
308.800 7.200 -3.21 2.34 0.512 4.008
308.800 7.300 -0.404 2.952 1.442 3.311
308.800 7.400 1.407 0.859 2.074 2.65
308.800 7.500 0.567 -1.442 2.343 2.811
308.800 7.600 -1.217 -2.36 2.334 3.539
308.800 7.700 -3.01 -2.451 2.174 4.453
308.800 7.800 -5.148 -1.255 1.943 5.647
308.800 7.900 -5.009 2.08 1.711 5.689
308.800 8.000 -1.721 3.484 1.49 4.163
308.800 8.100 0.766 2.268 0.87 2.549
308.800 8.200 1.446 0.799 -0.604 1.765
308.800 8.300 1.571 -0.13 -2.151 2.676
308.800 8.400 1.121 -0.951 -2.866 3.231
308.800 8.500 0.423 -1.238 -2.918 3.208
308.800 8.600 -0.006 -1.398 -2.511 2.884
308.800 8.700 -0.32 -1.796 -1.694 2.499
308.800 8.800 -1.094 -2.643 -1.005 3.039
308.800 8.900 -3.158 -3.183 -0.811 4.562
308.800 9.000 -5.713 -1.678 -0.967 6.037
308.800 9.100 -5.623 1.201 -1.633 5.982
308.800 9.200 -4.014 2.291 -2.667 5.342
308.800 9.300 -2.625 2.594 -3.743 5.263
308.800 9.400 -1.154 1.928 -4.818 5.324
308.800 9.500 -0.633 0.28 -5.643 5.693
308.800 9.600 -1.389 -1.383 -5.832 6.16
308.800 9.700 -2.968 -1.799 -5.597 6.593
308.800 9.800 -3.649 -1.15 -4.956 6.268
308.800 9.900 -3.889 -0.993 -3.923 5.62
308.800 10.000 -3.874 -0.328 -2.825 4.812
308.800 10.100 -2.871 -0.091 -1.79 3.391
308.800 10.200 -2.27 -0.279 -0.671 2.388
308.800 10.300 -1.919 -0.265 0.565 2.021
308.800 10.400 -1.69 -0.132 1.949 2.584
308.800 10.500 -1.455 0.172 3.126 3.453
308.800 10.600 -1.14 0.446 4.147 4.324
308.800 10.700 -0.747 0.657 4.519 4.628
308.800 10.800 -0.156 0.67 3.625 3.69
308.800 10.900 0.301 0.178 2.276 2.303
308.800 11.000 0.122 -0.403 0.595 0.73
308.800 11.100 -0.226 -0.569 -1.03 1.206
308.800 11.200 -0.791 -0.584 -1.652 1.93
308.800 11.300 -1.504 0.082 -1.268 1.975
308.800 11.400 -1.439 1.547 -0.549 2.188
308.800 11.500 0.018 2.972 0.226 2.983
308.800 11.600 2.129 3.318 0.748 4.016
308.800 11.700 3.453 3.276 0.666 4.81
308.800 11.800 5.41 3.067 0.187 6.225
308.800 11.900 6.206 1.28 -0.656 6.375
308.800 12.000 5.783 0.244 -1.654 6.025
308.800 12.100 5.205 -1.651 -2.34 5.947
308.800 12.200 2.65 -3.046 -2.751 4.892
308.800 12.300 0.088 -2.686 -2.783 3.876
308.800 12.400 -1.82 -1.832 -2.437 3.557
308.800 12.500 -3.639 -0.308 -1.855 4.102
308.800 12.600 -3.405 2.371 -1.303 4.354
308.800 12.700 -0.992 3.256 -0.841 3.511
308.800 12.800 0.738 2.354 -0.487 2.519
308.800 12.900 1.324 1.162 -0.362 1.804
308.800 13.000 1.355 -0.109 -0.417 1.427
308.800 13.100 0.371 -1.287 -0.658 1.498
308.800 13.200 -1.219 -1.248 -0.983 2.008
308.800 13.300 -2.007 -0.104 -1.234 2.365
308.800 13.400 -1.895 0.825 -1.366 2.484
308.800 13.500 -1.429 1.712 -1.365 2.621
308.800 13.600 -0.025 2.135 -1.278 2.495
308.800 13.700 1.366 1.133 -1.177 2.137
308.800 13.800 1.114 -0.53 -1.177 1.711
308.800 13.900 -0.117 -1.235 -1.302 1.805
308.800 14.000 -1.282 -1.273 -1.507 2.358
308.800 14.100 -2.506 -0.813 -1.842 3.221
308.800 14.200 -3.229 0.763 -2.309 4.049
308.800 14.300 -2.29 2.243 -2.73 4.218
308.800 14.400 -0.904 2.621 -3.25 4.279
308.800 14.500 0.632 2.333 -3.479 4.244
308.800 14.600 2.118 0.637 -3.486 4.136
308.800 14.700 1.527 -2.505 -3.039 4.231
308.800 14.800 -1.881 -3.809 -1.891 4.655
308.800 14.900 -4.665 -1.406 -0.885 4.957
308.800 15.000 -3.908 1.455 -0.628 4.222
308.900 0.000 -12.179 -6.986 3.343 14.438
308.900 0.100 -17.268 -0.237 4.004 17.736
308.900 0.200 -12.54 8.358 3.449 15.464
308.900 0.300 -3.925 8.525 1.788 9.555
308.900 0.400 -0.338 3.638 -0.609 3.704
308.900 0.500 -1.581 0.334 -3.315 3.69
308.900 0.600 -3.189 -0.168 -5.336 6.221
308.900 0.700 -3.476 -0.26 -6.296 7.199
308.900 0.800 -3.923 -0.361 -6.73 7.8
308.900 0.900 -4.094 -0.228 -6.471 7.663
308.900 1.000 -4.518 -0.228 -5.771 7.334
308.900 1.100 -4.309 0.591 -5.303 6.86
308.900 1.200 -3.244 0.709 -5.089 6.079
308.900 1.300 -2.265 0.945 -4.397 5.037
308.900 1.400 -0.05 0.892 -2.717 2.862
308.900 1.500 2.084 -0.853 -0.639 2.344
308.900 1.600 2.087 -3.154 1.294 4.003
308.900 1.700 1.282 -4.485 3.086 5.598
308.900 1.800 -0.665 -6.053 3.841 7.205
308.900 1.900 -4.471 -5.828 3.285 8.052
308.900 2.000 -7.263 -3.044 2.576 8.291
308.900 2.100 -7.721 -0.09 2.091 8.003
308.900 2.200 -7.446 2.557 1.896 8.1
308.900 2.300 -4.948 5.326 2.531 7.699
308.900 2.400 -0.947 5.674 3.743 6.863
308.900 2.500 1.876 4.059 4.328 6.225
308.900 2.600 3.62 2.345 3.853 5.786
308.900 2.700 4.608 -0.588 3.018 5.544
308.900 2.800 2.599 -3.092 2.089 4.553
308.900 2.900 0.093 -3.276 1.118 3.469
308.900 3.000 -1.92 -2.494 0.48 3.189
308.900 3.100 -3.597 -0.516 0.281 3.648
308.900 3.200 -3.245 2.811 0.891 4.386
308.900 3.300 -0.101 4.569 2.341 5.135
308.900 3.400 2.83 3.106 3.639 5.56
308.900 3.500 3.034 0.929 4.466 5.48
308.900 3.600 2.453 -0.28 4.77 5.374
308.900 3.700 1.182 -1.24 4.01 4.365
308.900 3.800 -0.531 -0.68 2.559 2.705
308.900 3.900 -0.697 1.33 1.212 1.931
308.900 4.000 1.433 2.47 0.067 2.857
308.900 4.100 3.683 1.052 -0.801 3.916
308.900 4.200 3.493 -0.947 -1.357 3.871
308.900 4.300 2.801 -1.962 -1.72 3.835
308.900 4.400 1.294 -2.951 -2.083 3.845
308.900 4.500 -0.871 -2.368 -2.541 3.588
308.900 4.600 -1.797 -0.53 -2.875 3.437
308.900 4.700 -1.2 0.796 -2.972 3.306
308.900 4.800 -0.35 0.732 -2.983 3.096
308.900 4.900 -0.361 -0.034 -2.536 2.568
308.900 5.000 -0.945 -0.684 -1.799 2.151
308.900 5.100 -1.591 -1.215 -0.754 2.146
308.900 5.200 -2.501 -1.6 0.572 3.029
308.900 5.300 -3.348 -1.233 1.795 3.998
308.900 5.400 -3.708 -0.914 2.885 4.791
308.900 5.500 -4.202 -0.377 3.852 5.716
308.900 5.600 -3.76 0.288 4.273 5.702
308.900 5.700 -3.394 0.201 4.56 5.69
308.900 5.800 -3.288 0.177 4.673 5.719
308.900 5.900 -3.449 -0.04 4.489 5.664
308.900 6.000 -3.984 0.265 3.997 5.653
308.900 6.100 -4.258 0.942 2.951 5.269
308.900 6.200 -4.323 2.718 1.606 5.355
308.900 6.300 -2.275 4.986 -0.039 5.483
308.900 6.400 1.053 5.312 -1.87 5.733
308.900 6.500 3.732 4.165 -3.127 6.412
308.900 6.600 6.103 2.417 -3.935 7.659
308.900 6.700 6.999 -1.474 -4.362 8.385
308.900 6.800 4.043 -4.386 -3.62 6.986
308.900 6.900 0.734 -4.33 -2.728 5.179
308.900 7.000 -1.635 -3.274 -1.827 4.1
308.900 7.100 -3.499 -1.445 -0.881 3.894
308.900 7.200 -3.404 1.228 0.151 3.626
308.900 7.300 -1.255 2.043 1.269 2.714
308.900 7.400 0.121 0.514 1.937 2.008
308.900 7.500 -0.533 -1.306 1.825 2.309
308.900 7.600 -2.035 -2.109 1.448 3.273
308.900 7.700 -3.656 -2.168 1.103 4.396
308.900 7.800 -5.475 -0.954 0.842 5.626
308.900 7.900 -5.358 2.105 0.741 5.808
308.900 8.000 -2.7 3.619 0.73 4.576
308.900 8.100 -0.324 3.092 0.414 3.139
308.900 8.200 1.227 2.154 -0.438 2.523
308.900 8.300 2.404 0.909 -1.402 2.935
308.900 8.400 2.385 -0.537 -2.078 3.217
308.900 8.500 1.871 -1.236 -2.412 3.302
308.900 8.600 1.231 -2.006 -2.217 3.241
308.900 8.700 0.07 -2.553 -1.565 3.002
308.900 8.800 -1.286 -2.933 -1.16 3.413
308.900 8.900 -3.299 -2.929 -1.321 4.611
308.900 9.000 -5.426 -1.094 -1.945 5.872
308.900 9.100 -5.013 1.998 -2.657 6.02
308.900 9.200 -2.884 3.355 -3.56 5.685
308.900 9.300 -0.829 3.665 -4.616 5.959
308.900 9.400 1.414 3.104 -5.775 6.714
308.900 9.500 2.848 0.905 -6.917 7.543
308.900 9.600 1.852 -1.46 -7.231 7.614
308.900 9.700 -0.122 -2.135 -7.237 7.554
308.900 9.800 -1.112 -1.899 -6.796 7.151
308.900 9.900 -1.737 -1.989 -5.963 6.53
308.900 10.000 -2.256 -1.633 -4.768 5.529
308.900 10.100 -2.162 -1.562 -2.983 4.009
308.900 10.200 -2.419 -1.654 -1.269 3.199
308.900 10.300 -2.777 -1.658 0.191 3.243
308.900 10.400 -3.512 -1.501 1.597 4.142
308.900 10.500 -3.897 -0.859 2.804 4.879
308.900 10.600 -4.196 -0.383 3.741 5.636
308.900 10.700 -4.141 0.877 4.137 5.92
308.900 10.800 -2.682 1.678 3.732 4.893
308.900 10.900 -1.34 1.544 2.781 3.452
308.900 11.000 -0.465 1.214 1.356 1.879
308.900 11.100 0.263 0.541 0.014 0.604
308.900 11.200 -0.019 -0.531 -0.55 0.772
308.900 11.300 -1.186 -0.543 -0.243 1.332
308.900 11.400 -1.777 0.592 0.643 1.983
308.900 11.500 -1.311 1.843 1.95 2.988
308.900 11.600 -0.289 2.795 3.184 4.248
308.900 11.700 1.168 3.577 3.322 5.021
308.900 11.800 3.191 3.585 2.919 5.619
308.900 11.900 4.62 2.542 2.022 5.65
308.900 12.000 5.679 1.522 0.506 5.905
308.900 12.100 5.938 -0.885 -0.811 6.062
308.900 12.200 3.584 -2.638 -1.537 4.713
308.900 12.300 1.144 -2.543 -2.108 3.502
308.900 12.400 -0.75 -1.936 -2.41 3.189
308.900 12.500 -2.418 -0.539 -2.557 3.567
308.900 12.600 -2.436 1.734 -2.231 3.737
308.900 12.700 -0.793 2.626 -1.446 3.106
308.900 12.800 0.517 2.035 -0.876 2.281
308.900 12.900 1.096 1.103 -0.62 1.68
308.900 13.000 1.248 0.022 -0.593 1.387
308.900 13.100 0.439 -0.985 -0.815 1.358
308.900 13.200 -0.887 -0.926 -1.205 1.766
308.900 13.300 -1.498 0.063 -1.462 2.101
308.900 13.400 -1.297 0.884 -1.518 2.19
308.900 13.500 -0.793 1.605 -1.473 2.326
308.900 13.600 0.359 1.913 -1.237 2.313
308.900 13.700 1.464 1.025 -1.032 2.07
308.900 13.800 1.287 -0.403 -1.033 1.705
308.900 13.900 0.314 -1.009 -1.224 1.623
308.900 14.000 -0.69 -1.021 -1.483 1.935
308.900 14.100 -1.761 -0.44 -1.765 2.538
308.900 14.200 -2.209 1.181 -2.119 3.288
308.900 14.300 -1.019 2.734 -2.585 3.906
308.900 14.400 0.854 3.036 -3.051 4.396
308.900 14.500 2.515 2.423 -3.281 4.799
308.900 14.600 4.223 0.6 -3.297 5.397
308.900 14.700 3.482 -3.278 -2.978 5.639
308.900 14.800 -1.108 -4.82 -2.321 5.468
308.900 14.900 -4.693 -2.004 -1.735 5.395
308.900 15.000 -3.982 1.234 -1.183 4.339
309.000 0.000 -14.288 -8.208 1.491 16.548
309.000 0.100 -20.119 -0.374 2.658 20.3
309.000 0.200 -15.179 9.652 1.773 18.077
309.000 0.300 -5.675 10.493 -0.163 11.931
309.000 0.400 -0.606 6.204 -2.189 6.607
309.000 0.500 0.53 2.964 -4.571 5.474
309.000 0.600 0.628 1.256 -6.601 6.75
309.000 0.700 0.175 0.308 -7.516 7.526
309.000 0.800 -0.403 -0.136 -8.096 8.109
309.000 0.900 -0.857 -0.515 -8.274 8.336
309.000 1.000 -1.724 -0.655 -8.254 8.46
309.000 1.100 -1.731 0.109 -7.818 8.01
309.000 1.200 -0.524 0.073 -6.843 6.866
309.000 1.300 0.33 -0.593 -5.494 5.538
309.000 1.400 0.916 -1.524 -3.253 3.71
309.000 1.500 1.113 -3.222 -0.658 3.477
309.000 1.600 -0.136 -5.254 1.698 5.528
309.000 1.700 -2.59 -6.17 3.793 7.697
309.000 1.800 -4.956 -5.866 4.6 8.956
309.000 1.900 -7.312 -4.984 3.956 9.697
309.000 2.000 -9.25 -2.263 3.16 10.038
309.000 2.100 -8.811 0.508 2.297 9.123
309.000 2.200 -7.992 2.427 2.029 8.598
309.000 2.300 -6.056 4.265 2.557 7.838
309.000 2.400 -3.551 4.431 3.698 6.778
309.000 2.500 -1.436 3.815 4.64 6.178
309.000 2.600 0.807 2.628 5.046 5.749
309.000 2.700 2.174 0.184 4.999 5.458
309.000 2.800 1.106 -1.866 3.868 4.438
309.000 2.900 -0.386 -2.318 2.597 3.507
309.000 3.000 -1.858 -2.087 1.913 3.391
309.000 3.100 -3.24 -0.693 1.847 3.797
309.000 3.200 -3.168 1.73 2.463 4.371
309.000 3.300 -1.223 3.056 3.724 4.972
309.000 3.400 0.549 2.139 4.957 5.429
309.000 3.500 0.431 0.626 5.301 5.358
309.000 3.600 -0.463 0.039 5.052 5.077
309.000 3.700 -1.207 0.031 4.147 4.322
309.000 3.800 -1.939 0.668 2.823 3.493
309.000 3.900 -1.49 2.479 1.668 3.34
309.000 4.000 1.122 3.262 0.861 3.555
309.000 4.100 3.431 1.597 0.394 3.808
309.000 4.200 3.559 -0.515 0.029 3.601
309.000 4.300 2.964 -1.676 -0.258 3.421
309.000 4.400 1.665 -2.54 -0.52 3.089
309.000 4.500 -0.051 -1.926 -0.846 2.112
309.000 4.600 -0.689 -0.221 -1.244 1.445
309.000 4.700 0.051 1.055 -1.674 1.982
309.000 4.800 1.126 0.786 -2.027 2.453
309.000 4.900 1.029 -0.293 -2.234 2.483
309.000 5.000 0.398 -1.219 -2.228 2.578
309.000 5.100 -0.797 -2.375 -1.63 2.997
309.000 5.200 -2.882 -2.943 -0.447 4.15
309.000 5.300 -4.567 -2.221 0.639 5.124
309.000 5.400 -5.213 -1.724 1.289 5.645
309.000 5.500 -6.068 -1.042 1.87 6.438
309.000 5.600 -5.787 -0.156 2.533 6.323
309.000 5.700 -5.571 -0.116 3.079 6.37
309.000 5.800 -5.545 0.159 3.323 6.47
309.000 5.900 -5.648 0.212 3.293 6.544
309.000 6.000 -5.969 0.957 2.906 6.711
309.000 6.100 -5.843 1.93 2.072 6.496
309.000 6.200 -5.569 3.9 1.183 6.903
309.000 6.300 -2.382 6.524 0.215 6.951
309.000 6.400 2.549 6.597 -0.624 7.102
309.000 6.500 5.86 4.653 -0.99 7.552
309.000 6.600 8.445 2.862 -0.946 8.971
309.000 6.700 9.81 -1.622 -0.877 9.988
309.000 6.800 5.912 -4.922 -1.009 7.766
309.000 6.900 2.074 -4.83 -1.097 5.378
309.000 7.000 -0.73 -3.981 -0.819 4.138
309.000 7.100 -3.009 -2.199 -0.271 3.744
309.000 7.200 -3.412 0.339 0.303 3.447
309.000 7.300 -2.097 1.246 0.852 2.587
309.000 7.400 -1.236 0.383 1.151 1.733
309.000 7.500 -1.506 -0.909 0.897 1.979
309.000 7.600 -2.631 -1.672 0.412 3.15
309.000 7.700 -4.013 -1.825 -0.088 4.415
309.000 7.800 -5.966 -0.895 -0.362 6.049
309.000 7.900 -6.005 2.134 -0.342 6.386
309.000 8.000 -3.26 3.616 -0.152 4.874
309.000 8.100 -0.897 3.462 -0.045 3.579
309.000 8.200 1.082 2.927 -0.428 3.154
309.000 8.300 2.776 1.57 -1.042 3.361
309.000 8.400 3.063 -0.201 -1.332 3.352
309.000 8.500 2.744 -1.179 -1.309 3.267
309.000 8.600 1.962 -2.357 -1.195 3.297
309.000 8.700 0.194 -2.941 -1.048 3.135
309.000 8.800 -1.496 -2.889 -1.078 3.433
309.000 8.900 -3.365 -2.463 -1.511 4.441
309.000 9.000 -5.19 -0.458 -2.049 5.604
309.000 9.100 -4.335 2.795 -2.73 5.841
309.000 9.200 -1.515 4.266 -3.484 5.718
309.000 9.300 1.145 4.517 -4.124 6.229
309.000 9.400 4.076 4.193 -4.77 7.552
309.000 9.500 6.602 1.72 -5.565 8.811
309.000 9.600 5.751 -0.956 -6.485 8.727
309.000 9.700 4.423 -1.893 -7.455 8.88
309.000 9.800 3.206 -2.69 -7.276 8.401
309.000 9.900 1.982 -2.915 -6.302 7.228
309.000 10.000 0.902 -3.197 -5.146 6.132
309.000 10.100 -0.607 -3.368 -3.513 4.911
309.000 10.200 -2.038 -3.154 -2.02 4.271
309.000 10.300 -3.134 -3.004 -0.67 4.397
309.000 10.400 -4.499 -2.725 0.573 5.295
309.000 10.500 -5.489 -1.932 1.674 6.058
309.000 10.600 -6.38 -1.162 2.691 7.024
309.000 10.700 -6.607 0.747 3.282 7.417
309.000 10.800 -5.129 2.075 3.233 6.41
309.000 10.900 -3.589 2.515 2.82 5.213
309.000 11.000 -1.668 2.681 1.656 3.567
309.000 11.100 0.191 1.528 0.354 1.583
309.000 11.200 0.197 -0.506 -0.114 0.56
309.000 11.300 -1.445 -1.223 0.308 1.921
309.000 11.400 -2.761 -0.447 1.137 3.022
309.000 11.500 -3.334 0.467 2.201 4.024
309.000 11.600 -3.668 1.957 3.358 5.345
309.000 11.700 -1.968 3.716 3.862 5.71
309.000 11.800 0.592 3.973 3.915 5.61
309.000 11.900 2.554 3.483 3.582 5.613
309.000 12.000 4.638 2.754 2.893 6.123
309.000 12.100 5.82 0.21 1.92 6.134
309.000 12.200 4.01 -1.589 0.44 4.339
309.000 12.300 2.288 -1.795 -0.925 3.057
309.000 12.400 0.6 -1.639 -1.597 2.372
309.000 12.500 -0.873 -0.449 -1.875 2.124
309.000 12.600 -1.064 1.263 -1.847 2.484
309.000 12.700 -0.128 2.045 -1.503 2.548
309.000 12.800 0.765 1.652 -1.125 2.147
309.000 12.900 1.127 0.9 -0.823 1.666
309.000 13.000 1.172 0.051 -0.679 1.362
309.000 13.100 0.577 -0.679 -0.787 1.196
309.000 13.200 -0.307 -0.58 -1.067 1.26
309.000 13.300 -0.735 0.15 -1.257 1.471
309.000 13.400 -0.623 0.859 -1.262 1.656
309.000 13.500 -0.167 1.44 -1.146 1.855
309.000 13.600 0.782 1.69 -0.919 2.083
309.000 13.700 1.825 0.935 -0.753 2.19
309.000 13.800 1.575 -0.358 -0.715 1.771
309.000 13.900 0.636 -0.788 -0.855 1.332
309.000 14.000 -0.245 -0.745 -1.134 1.386
309.000 14.100 -1.222 -0.122 -1.492 1.939
309.000 14.200 -1.542 1.528 -1.851 2.859
309.000 14.300 -0.129 3.09 -2.094 3.742
309.000 14.400 1.957 3.311 -2.311 4.494
309.000 14.500 3.736 2.531 -2.492 5.161
309.000 14.600 5.349 0.471 -2.578 5.962
309.000 14.700 4.428 -3.616 -2.432 6.217
309.000 14.800 -0.156 -5.254 -2.025 5.638
309.000 14.900 -3.766 -2.474 -1.562 4.774
309.000 15.000 -3.548 0.801 -1.235 3.846
309.100 0.000 -15.907 -9.148 -2.734 18.553
309.100 0.100 -24.119 -0.646 -2.961 24.309
309.100 0.200 -17.756 10.973 -2.968 21.083
309.100 0.300 -6.199 11.726 -2.891 13.575
309.100 0.400 -0.044 7.688 -3.227 8.338
309.100 0.500 2.553 4.823 -4.153 6.858
309.100 0.600 4.075 2.575 -5.295 7.162
309.100 0.700 4.051 1.363 -6.6 7.865
309.100 0.800 4.333 0.585 -7.964 9.087
309.100 0.900 3.948 -0.405 -8.384 9.278
309.100 1.000 3.523 -0.547 -8.598 9.31
309.100 1.100 3.333 -0.865 -8.297 8.985
309.100 1.200 3.152 -1.244 -7.078 7.849
309.100 1.300 3.08 -2.382 -5.648 6.862
309.100 1.400 2.213 -3.931 -3.687 5.829
309.100 1.500 0.852 -5.603 -1.456 5.856
309.100 1.600 -1.739 -7.395 0.625 7.627
309.100 1.700 -5.643 -7.682 2.252 9.799
309.100 1.800 -8.423 -5.822 2.921 10.652
309.100 1.900 -9.898 -4.234 2.586 11.076
309.100 2.000 -11.155 -1.441 1.802 11.395
309.100 2.100 -10.022 1.087 1.161 10.15
309.100 2.200 -8.989 2.307 0.87 9.323
309.100 2.300 -7.265 3.461 1.323 8.157
309.100 2.400 -5.447 3.297 2.325 6.781
309.100 2.500 -4.04 2.96 3.377 6.042
309.100 2.600 -2.58 1.956 4.332 5.411
309.100 2.700 -1.901 0.525 4.812 5.203
309.100 2.800 -1.713 -0.668 4.264 4.647
309.100 2.900 -2 -1.472 3.573 4.355
309.100 3.000 -2.936 -1.732 3.103 4.613
309.100 3.100 -4.14 -0.921 3.025 5.212
309.100 3.200 -4.32 0.878 3.501 5.632
309.100 3.300 -3.19 1.858 4.354 5.71
309.100 3.400 -2.277 1.494 5.125 5.806
309.100 3.500 -2.231 0.792 5.234 5.748
309.100 3.600 -2.738 0.701 4.761 5.539
309.100 3.700 -2.888 1.248 3.778 4.919
309.100 3.800 -2.717 1.956 2.491 4.175
309.100 3.900 -1.683 3.283 1.527 3.993
309.100 4.000 1.016 3.699 1.145 4.004
309.100 4.100 3.433 1.799 1.02 4.01
309.100 4.200 3.402 -0.442 1.14 3.619
309.100 4.300 2.831 -1.526 1.237 3.451
309.100 4.400 1.482 -2.393 1.179 3.058
309.100 4.500 -0.365 -1.637 0.998 1.959
309.100 4.600 -0.855 0.304 0.573 1.076
309.100 4.700 0.322 1.686 -0.212 1.729
309.100 4.800 1.788 1.277 -1.021 2.425
309.100 4.900 2.028 0.037 -1.563 2.566
309.100 5.000 1.742 -1.17 -1.941 2.865
309.100 5.100 0.367 -2.91 -2.074 3.601
309.100 5.200 -2.442 -3.73 -1.975 4.884
309.100 5.300 -4.7 -2.933 -1.605 5.775
309.100 5.400 -5.571 -2.417 -0.788 6.129
309.100 5.500 -6.706 -1.702 0.065 6.924
309.100 5.600 -6.876 -0.798 0.619 6.955
309.100 5.700 -7.31 -0.614 1.173 7.433
309.100 5.800 -7.474 0.13 1.393 7.607
309.100 5.900 -7.602 0.266 1.318 7.724
309.100 6.000 -7.936 1.578 1.127 8.173
309.100 6.100 -6.713 2.901 0.38 7.326
309.100 6.200 -5.523 4.499 -0.221 7.13
309.100 6.300 -2.281 6.617 0.032 7.001
309.100 6.400 2.209 6.428 0.803 6.846
309.100 6.500 5.235 4.425 1.471 7.013
309.100 6.600 7.259 2.366 2.057 7.91
309.100 6.700 7.966 -1.46 2.374 8.443
309.100 6.800 5.208 -4.276 1.835 6.99
309.100 6.900 2.256 -4.488 1.13 5.155
309.100 7.000 -0.522 -4.014 0.558 4.093
309.100 7.100 -3.131 -2.409 0.134 3.959
309.100 7.200 -3.741 0.079 0.013 3.747
309.100 7.300 -2.545 0.987 0.123 2.736
309.100 7.400 -1.784 0.482 0.091 1.855
309.100 7.500 -1.767 -0.411 -0.294 1.844
309.100 7.600 -2.45 -1.07 -0.953 2.846
309.100 7.700 -3.411 -1.257 -1.608 3.982
309.100 7.800 -4.812 -0.564 -2.241 5.345
309.100 7.900 -4.881 1.716 -2.19 5.624
309.100 8.000 -3.027 2.971 -1.274 4.433
309.100 8.100 -1.228 3.27 -0.515 3.535
309.100 8.200 0.975 3.216 -0.229 3.373
309.100 8.300 3.211 1.875 -0.193 3.727
309.100 8.400 3.394 -0.224 -0.241 3.414
309.100 8.500 2.565 -1.253 -0.311 2.877
309.100 8.600 1.549 -2.283 -0.487 2.808
309.100 8.700 -0.24 -2.833 -0.782 2.955
309.100 8.800 -1.985 -2.428 -1.231 3.375
309.100 8.900 -3.3 -1.67 -2.149 4.284
309.100 9.000 -4.592 0.146 -3.097 5.547
309.100 9.100 -3.438 3.146 -3.316 5.725
309.100 9.200 -0.448 4.505 -3.058 5.468
309.100 9.300 2.308 4.774 -2.892 6.045
309.100 9.400 5.252 4.537 -2.923 7.536
309.100 9.500 7.85 2.383 -3.18 8.803
309.100 9.600 8.183 0.154 -3.8 9.03
309.100 9.700 8.652 -1.216 -4.52 9.843
309.100 9.800 7.288 -3.385 -4.592 9.261
309.100 9.900 4.976 -3.738 -4.107 7.463
309.100 10.000 3.294 -4.277 -3.511 6.446
309.100 10.100 0.874 -4.53 -2.84 5.424
309.100 10.200 -1.185 -4.203 -2.171 4.883
309.100 10.300 -3.039 -4.104 -1.457 5.316
309.100 10.400 -5.312 -3.725 -0.67 6.527
309.100 10.500 -6.822 -2.741 -0.078 7.356
309.100 10.600 -8.482 -2.081 0.555 8.755
309.100 10.700 -9.35 0.535 1.152 9.439
309.100 10.800 -7.394 2.17 1.287 7.816
309.100 10.900 -5.861 2.954 1.345 6.703
309.100 11.000 -3.008 3.707 1.053 4.892
309.100 11.100 0.028 2.283 0.623 2.37
309.100 11.200 0.292 -0.475 0.302 0.637
309.100 11.300 -1.787 -1.65 0.194 2.444
309.100 11.400 -3.545 -1.153 0.476 3.762
309.100 11.500 -4.508 -0.472 1.171 4.685
309.100 11.600 -5.329 1.052 2.033 5.803
309.100 11.700 -4.159 2.995 3.129 6.007
309.100 11.800 -2.18 3.607 4.19 5.944
309.100 11.900 -0.314 3.775 4.511 5.892
309.100 12.000 1.781 3.226 4.221 5.604
309.100 12.100 3.082 1.385 3.593 4.933
309.100 12.200 2.894 -0.004 2.315 3.707
309.100 12.300 2.558 -0.687 1.079 2.863
309.100 12.400 1.233 -1.059 0.109 1.632
309.100 12.500 -0.124 -0.099 -0.636 0.663
309.100 12.600 -0.271 1.281 -1.06 1.691
309.100 12.700 0.533 1.874 -1.207 2.298
309.100 12.800 1.267 1.386 -1.141 2.204
309.100 12.900 1.436 0.645 -0.851 1.795
309.100 13.000 1.392 -0.03 -0.608 1.525
309.100 13.100 0.802 -0.573 -0.544 1.132
309.100 13.200 0.042 -0.389 -0.639 0.756
309.100 13.300 -0.294 0.234 -0.765 0.86
309.100 13.400 -0.203 0.817 -0.807 1.174
309.100 13.500 0.163 1.239 -0.696 1.438
309.100 13.600 0.869 1.383 -0.379 1.682
309.100 13.700 1.63 0.777 -0.033 1.81
309.100 13.800 1.412 -0.222 -0.051 1.434
309.100 13.900 0.666 -0.526 -0.334 0.917
309.100 14.000 -0.027 -0.421 -0.649 0.781
309.100 14.100 -0.721 0.234 -0.956 1.228
309.100 14.200 -0.761 1.746 -1.178 2.246
309.100 14.300 0.661 3.23 -1.265 3.538
309.100 14.400 2.908 3.458 -1.355 4.722
309.100 14.500 4.801 2.664 -1.371 5.665
309.100 14.600 6.864 0.709 -1.594 7.087
309.100 14.700 6.045 -3.907 -1.752 7.412
309.100 14.800 0.529 -5.738 -1.522 5.964
309.100 14.900 -3.745 -2.737 -1.394 4.849
309.100 15.000 -3.426 0.653 -1.271 3.718
309.200 0.000 -13.136 -7.378 -7.24 16.716
309.200 0.100 -18.775 -0.109 -9.169 20.895
309.200 0.200 -14.13 9.357 -8.135 18.799
309.200 0.300 -5.149 10.491 -5.77 13.034
309.200 0.400 0.288 7.42 -4.132 8.499
309.200 0.500 3.035 5.034 -3.253 6.718
309.200 0.600 4.882 3.32 -2.987 6.618
309.200 0.700 6.33 2.702 -3.455 7.702
309.200 0.800 8.588 1.517 -4.215 9.689
309.200 0.900 8.135 -0.322 -4.606 9.357
309.200 1.000 7.765 -0.265 -4.881 9.178
309.200 1.100 7.59 -1.307 -5.161 9.273
309.200 1.200 6.687 -1.914 -5.402 8.809
309.200 1.300 6.179 -3.69 -5.154 8.854
309.200 1.400 4.056 -5.888 -3.747 8.075
309.200 1.500 1.356 -7.52 -2.124 7.934
309.200 1.600 -2.384 -9.122 -0.57 9.45
309.200 1.700 -7.285 -8.78 0.831 11.442
309.200 1.800 -10.454 -5.91 1.321 12.086
309.200 1.900 -11.772 -3.714 0.982 12.387
309.200 2.000 -12.592 -0.699 0.48 12.623
309.200 2.100 -10.814 1.748 -0.398 10.965
309.200 2.200 -9.166 2.327 -0.807 9.494
309.200 2.300 -7.692 2.639 -0.43 8.145
309.200 2.400 -6.658 2.186 0.557 7.032
309.200 2.500 -5.847 2.05 1.549 6.389
309.200 2.600 -4.86 1.251 2.158 5.466
309.200 2.700 -4.606 0.387 2.561 5.287
309.200 2.800 -4.212 -0.426 2.809 5.084
309.200 2.900 -4.543 -1.26 3.009 5.596
309.200 3.000 -5.159 -1.472 2.904 6.104
309.200 3.100 -6.174 -1.236 3.016 6.985
309.200 3.200 -6.547 0.299 3.556 7.459
309.200 3.300 -5.492 1.122 4.159 6.982
309.200 3.400 -4.848 1.099 4.755 6.882
309.200 3.500 -4.72 1 4.786 6.799
309.200 3.600 -5.049 1.383 4.361 6.816
309.200 3.700 -4.546 2.472 3.391 6.188
309.200 3.800 -3.438 3.058 2.235 5.117
309.200 3.900 -1.981 3.762 1.58 4.536
309.200 4.000 0.52 3.635 1.584 3.999
309.200 4.100 2.507 1.577 2.012 3.581
309.200 4.200 2.209 -0.712 2.348 3.306
309.200 4.300 1.18 -1.713 2.748 3.451
309.200 4.400 -0.188 -2.152 2.721 3.479
309.200 4.500 -1.853 -1.331 2.33 3.266
309.200 4.600 -2.155 0.935 1.912 3.031
309.200 4.700 -0.129 2.573 1.284 2.878
309.200 4.800 2.203 2.052 0.55 3.061
309.200 4.900 2.7 0.683 -0.334 2.808
309.200 5.000 2.683 -0.58 -1.362 3.07
309.200 5.100 1.644 -2.518 -2.163 3.712
309.200 5.200 -0.63 -3.45 -2.777 4.482
309.200 5.300 -2.676 -3.313 -3.091 5.27
309.200 5.400 -4.565 -3.189 -2.831 6.254
309.200 5.500 -6.631 -2.248 -2.542 7.454
309.200 5.600 -6.929 -1.116 -2.277 7.383
309.200 5.700 -7.545 -0.906 -2.171 7.908
309.200 5.800 -7.73 0.126 -2.057 8.004
309.200 5.900 -7.574 0.371 -2.024 7.854
309.200 6.000 -7.708 1.713 -2.036 8.159
309.200 6.100 -6.227 3.018 -1.543 7.093
309.200 6.200 -4.796 4.205 -0.851 6.437
309.200 6.300 -2.065 5.695 0.129 6.06
309.200 6.400 1.555 5.384 1.383 5.773
309.200 6.500 3.928 3.552 2.631 5.916
309.200 6.600 5.474 1.783 3.613 6.799
309.200 6.700 5.996 -1.429 3.967 7.334
309.200 6.800 3.306 -3.755 3.709 6.232
309.200 6.900 0.552 -3.706 3.02 4.817
309.200 7.000 -1.477 -2.981 1.767 3.773
309.200 7.100 -3.105 -1.661 0.465 3.557
309.200 7.200 -3.399 0.226 -0.24 3.42
309.200 7.300 -2.455 1.002 -0.463 2.697
309.200 7.400 -1.719 0.727 -0.654 1.983
309.200 7.500 -1.407 0.154 -1.062 1.777
309.200 7.600 -1.522 -0.405 -1.661 2.297
309.200 7.700 -2.065 -0.672 -2.215 3.11
309.200 7.800 -2.843 -0.193 -2.619 3.878
309.200 7.900 -2.923 1.126 -2.502 4.015
309.200 8.000 -2.104 2.036 -1.786 3.435
309.200 8.100 -1.046 2.549 -0.931 2.912
309.200 8.200 0.615 2.663 -0.042 2.737
309.200 8.300 2.258 1.623 0.669 2.863
309.200 8.400 2.522 0.008 0.719 2.625
309.200 8.500 2.051 -0.904 0.295 2.264
309.200 8.600 1.237 -1.812 -0.317 2.222
309.200 8.700 -0.395 -2.25 -1.152 2.565
309.200 8.800 -1.884 -1.637 -2.077 3.255
309.200 8.900 -2.346 -0.689 -2.88 3.785
309.200 9.000 -2.534 0.641 -3.422 4.313
309.200 9.100 -1.553 2.656 -3.145 4.405
309.200 9.200 0.629 3.898 -2.282 4.566
309.200 9.300 2.997 4.37 -1.427 5.492
309.200 9.400 5.956 4.498 -0.816 7.512
309.200 9.500 8.917 2.506 -0.611 9.287
309.200 9.600 8.97 0.265 -0.401 8.987
309.200 9.700 9.069 -1.031 -0.294 9.136
309.200 9.800 7.919 -3.142 -0.69 8.551
309.200 9.900 5.911 -3.759 -1.315 7.132
309.200 10.000 4.172 -4.491 -1.625 6.346
309.200 10.100 1.67 -4.79 -1.697 5.354
309.200 10.200 -0.5 -4.39 -1.89 4.811
309.200 10.300 -2.445 -4.236 -2.309 5.415
309.200 10.400 -4.794 -3.879 -2.871 6.808
309.200 10.500 -6.323 -2.972 -3.06 7.633
309.200 10.600 -7.898 -2.399 -3.043 8.803
309.200 10.700 -8.861 -0.034 -2.704 9.269
309.200 10.800 -7.39 1.62 -1.635 7.745
309.200 10.900 -6.071 2.625 -0.784 6.665
309.200 11.000 -3.631 3.479 -0.073 5.033
309.200 11.100 -1.117 2.274 0.442 2.575
309.200 11.200 -0.661 -0.06 0.305 0.733
309.200 11.300 -2.012 -1.402 -0.223 2.466
309.200 11.400 -3.528 -1.488 -0.375 3.852
309.200 11.500 -4.916 -1.253 0.082 5.078
309.200 11.600 -6.306 0.077 0.99 6.387
309.200 11.700 -5.892 1.83 1.972 6.48
309.200 11.800 -5.165 2.627 3.118 6.582
309.200 11.900 -3.606 3.798 3.744 6.44
309.200 12.000 -0.986 3.53 3.719 5.223
309.200 12.100 0.591 2.052 3.502 4.102
309.200 12.200 0.965 0.863 3.06 3.323
309.200 12.300 0.952 0.178 2.528 2.708
309.200 12.400 0.385 -0.05 1.623 1.669
309.200 12.500 -0.157 0.659 0.638 0.932
309.200 12.600 0.109 1.722 -0.082 1.732
309.200 12.700 1.215 2.135 -0.603 2.534
309.200 12.800 2.122 1.243 -0.808 2.594
309.200 12.900 1.874 0.26 -0.508 1.964
309.200 13.000 1.47 -0.25 -0.137 1.501
309.200 13.100 0.824 -0.56 -0.013 1
309.200 13.200 0.148 -0.267 -0.08 0.32
309.200 13.300 -0.108 0.348 -0.22 0.432
309.200 13.400 0.04 0.84 -0.346 0.916
309.200 13.500 0.362 1.044 -0.31 1.154
309.200 13.600 0.759 1.014 -0.027 1.272
309.200 13.700 1.144 0.573 0.271 1.311
309.200 13.800 0.977 -0.063 0.332 1.037
309.200 13.900 0.53 -0.241 0.155 0.605
309.200 14.000 0.047 -0.155 -0.099 0.196
309.200 14.100 -0.531 0.42 -0.309 0.75
309.200 14.200 -0.533 1.756 -0.328 1.87
309.200 14.300 0.871 3.095 -0.04 3.22
309.200 14.400 3.088 3.293 0.436 4.539
309.200 14.500 4.81 2.527 0.78 5.493
309.200 14.600 6.719 0.79 1.059 6.851
309.200 14.700 6.022 -3.522 0.744 7.019
309.200 14.800 1.005 -5.188 -0.441 5.306
309.200 14.900 -2.747 -2.568 -1.334 3.994
309.200 15.000 -2.784 0.405 -1.379 3.138
309.300 0.000 -9.332 -4.984 -9.275 14.071
309.300 0.100 -13.448 0.417 -10.851 17.289
309.300 0.200 -9.603 7.41 -10.111 15.793
309.300 0.300 -2.588 8.037 -7.584 11.35
309.300 0.400 1.403 5.467 -4.788 7.401
309.300 0.500 3.255 3.763 -2.479 5.56
309.300 0.600 4.697 2.683 -0.893 5.483
309.300 0.700 5.782 2.429 0.236 6.278
309.300 0.800 7.576 1.657 0.959 7.817
309.300 0.900 7.689 0.306 0.513 7.715
309.300 1.000 7.802 0.198 -0.302 7.814
309.300 1.100 8.189 -0.611 -1.005 8.275
309.300 1.200 8.816 -1.219 -1.801 9.082
309.300 1.300 9.29 -4.077 -2.258 10.396
309.300 1.400 6 -6.951 -2.138 9.432
309.300 1.500 2.448 -8.453 -1.952 9.018
309.300 1.600 -2.299 -10.202 -1.687 10.596
309.300 1.700 -8.813 -9.544 -1.48 13.077
309.300 1.800 -12.461 -5.481 -1.783 13.732
309.300 1.900 -13.13 -3.146 -2.585 13.749
309.300 2.000 -13.936 -0.023 -3.32 14.329
309.300 2.100 -11.21 2.304 -3.667 12.02
309.300 2.200 -9.26 2.189 -3.603 10.177
309.300 2.300 -7.771 2.022 -3.16 8.631
309.300 2.400 -7.144 1.152 -2.4 7.626
309.300 2.500 -6.758 1.229 -1.427 7.018
309.300 2.600 -5.669 0.662 -0.439 5.727
309.300 2.700 -5.438 0.007 0.226 5.446
309.300 2.800 -5.398 -0.683 0.442 5.462
309.300 2.900 -6.25 -1.369 0.437 6.417
309.300 3.000 -6.741 -1.418 0.469 6.908
309.300 3.100 -7.663 -1.669 0.696 7.877
309.300 3.200 -8.369 -0.464 1.386 8.499
309.300 3.300 -7.813 0.105 2.667 8.26
309.300 3.400 -7.845 0.675 3.748 8.723
309.300 3.500 -7.286 1.41 3.651 8.273
309.300 3.600 -7.082 2.094 2.975 7.964
309.300 3.700 -5.886 3.533 2.176 7.203
309.300 3.800 -3.962 3.91 1.33 5.724
309.300 3.900 -2.227 3.946 0.9 4.62
309.300 4.000 -0.12 3.23 1.146 3.429
309.300 4.100 1.205 1.09 1.647 2.315
309.300 4.200 0.532 -1.184 2.178 2.539
309.300 4.300 -1.151 -2.067 2.67 3.571
309.300 4.400 -2.479 -1.868 2.762 4.16
309.300 4.500 -3.571 -0.997 2.575 4.519
309.300 4.600 -3.645 1.218 2.456 4.563
309.300 4.700 -1.647 2.849 2.449 4.104
309.300 4.800 0.621 2.709 2.312 3.616
309.300 4.900 2.078 1.961 1.346 3.16
309.300 5.000 3.512 0.669 -0.035 3.579
309.300 5.100 3.104 -1.737 -1.176 3.752
309.300 5.200 1.093 -2.713 -2.152 3.639
309.300 5.300 -0.583 -2.948 -3.017 4.265
309.300 5.400 -2.406 -2.957 -3.695 5.315
309.300 5.500 -4.052 -2.189 -4.257 6.278
309.300 5.600 -4.665 -1.308 -4.287 6.475
309.300 5.700 -5.161 -0.884 -4.241 6.744
309.300 5.800 -5.398 -0.152 -4.09 6.78
309.300 5.900 -5.419 0.303 -3.784 6.622
309.300 6.000 -5.409 1.255 -3.416 6.525
309.300 6.100 -4.759 2.16 -2.683 5.879
309.300 6.200 -4.063 3.108 -1.655 5.38
309.300 6.300 -2.127 4.151 -0.012 4.666
309.300 6.400 0.409 3.741 2.053 4.287
309.300 6.500 1.834 2.208 3.781 4.747
309.300 6.600 2.417 0.804 5.108 5.709
309.300 6.700 2.322 -1.297 5.658 6.254
309.300 6.800 0.185 -2.871 4.666 5.484
309.300 6.900 -2.204 -2.526 3.3 4.707
309.300 7.000 -3.128 -1.41 1.733 3.847
309.300 7.100 -3.606 -0.556 0.313 3.666
309.300 7.200 -3.389 0.775 -0.543 3.523
309.300 7.300 -2.242 1.239 -0.955 2.738
309.300 7.400 -1.438 0.978 -1.164 2.098
309.300 7.500 -0.913 0.572 -1.391 1.766
309.300 7.600 -0.685 0.09 -1.727 1.867
309.300 7.700 -0.939 -0.241 -2.124 2.343
309.300 7.800 -1.441 -0.017 -2.443 2.844
309.300 7.900 -1.552 0.704 -2.341 2.903
309.300 8.000 -1.158 1.267 -1.731 2.444
309.300 8.100 -0.582 1.656 -0.902 1.978
309.300 8.200 0.341 1.766 0.017 1.801
309.300 8.300 1.29 1.15 0.735 1.88
309.300 8.400 1.472 0.158 0.952 1.762
309.300 8.500 1.223 -0.414 0.707 1.475
309.300 8.600 0.824 -0.889 -0.048 1.217
309.300 8.700 0.118 -1.059 -1.326 1.709
309.300 8.800 -0.458 -0.763 -2.507 2.669
309.300 8.900 -0.702 -0.252 -3.043 3.141
309.300 9.000 -0.766 0.549 -3.044 3.194
309.300 9.100 -0.148 1.753 -2.287 2.892
309.300 9.200 1.262 2.709 -0.876 3.118
309.300 9.300 2.894 3.211 0.647 4.373
309.300 9.400 5.006 3.526 2.151 6.492
309.300 9.500 7.329 2.148 3.296 8.321
309.300 9.600 7.536 0.452 3.164 8.188
309.300 9.700 7.874 -0.692 2.562 8.312
309.300 9.800 7.096 -2.565 2.094 7.833
309.300 9.900 5.828 -3.085 1.557 6.779
309.300 10.000 4.562 -4.062 0.817 6.166
309.300 10.100 1.931 -4.293 -0.089 4.712
309.300 10.200 -0.008 -3.635 -1.21 3.836
309.300 10.300 -1.29 -3.223 -2.513 4.292
309.300 10.400 -2.484 -3.021 -3.86 5.501
309.300 10.500 -3.689 -2.855 -4.565 6.533
309.300 10.600 -5.206 -2.43 -4.645 7.394
309.300 10.700 -6.203 -0.879 -4.233 7.567
309.300 10.800 -6.052 0.386 -3.156 6.842
309.300 10.900 -5.757 1.695 -1.939 6.312
309.300 11.000 -3.92 2.805 -1.1 4.949
309.300 11.100 -1.967 2.008 -0.612 2.882
309.300 11.200 -1.403 0.352 -0.682 1.605
309.300 11.300 -2.132 -0.953 -1.182 2.623
309.300 11.400 -3.33 -1.443 -1.568 3.959
309.300 11.500 -4.737 -1.684 -1.629 5.29
309.300 11.600 -6.548 -0.703 -1.33 6.724
309.300 11.700 -6.506 0.859 -0.46 6.583
309.300 11.800 -6.346 1.683 0.502 6.589
309.300 11.900 -5.209 3.233 1.423 6.297
309.300 12.000 -2.827 3.223 2.311 4.873
309.300 12.100 -1.41 2.116 2.782 3.77
309.300 12.200 -0.957 1.121 2.786 3.152
309.300 12.300 -0.995 0.648 2.621 2.877
309.300 12.400 -1.039 0.766 2.189 2.542
309.300 12.500 -0.903 1.41 1.597 2.315
309.300 12.600 -0.163 2.362 0.94 2.55
309.300 12.700 1.369 2.576 0.319 2.938
309.300 12.800 2.487 1.255 0.038 2.79
309.300 12.900 2.063 -0.041 0.113 2.071
309.300 13.000 1.401 -0.501 0.371 1.537
309.300 13.100 0.671 -0.608 0.556 1.065
309.300 13.200 0.021 -0.163 0.547 0.571
309.300 13.300 -0.143 0.54 0.358 0.666
309.300 13.400 0.145 0.971 0.113 0.992
309.300 13.500 0.483 0.917 0.045 1.042
309.300 13.600 0.622 0.685 0.282 0.971
309.300 13.700 0.735 0.354 0.624 1.028
309.300 13.800 0.498 -0.035 0.74 0.894
309.300 13.900 0.127 -0.071 0.668 0.684
309.300 14.000 -0.188 0.088 0.484 0.528
309.300 14.100 -0.501 0.573 0.253 0.806
309.300 14.200 -0.418 1.523 0.307 1.613
309.300 14.300 0.499 2.453 0.896 2.662
309.300 14.400 1.906 2.693 1.697 3.713
309.300 14.500 3.284 2.254 2.166 4.536
309.300 14.600 4.674 0.727 2.229 5.232
309.300 14.700 4.076 -2.524 1.643 5.07
309.300 14.800 0.55 -3.922 0.412 3.984
309.300 14.900 -2.312 -1.958 -0.622 3.097
309.300 15.000 -2.284 0.409 -1.086 2.567
309.400 0.000 -4.255 -1.815 -11.044 11.975
309.400 0.100 -5.942 1.156 -13.931 15.192
309.400 0.200 -3.287 4.764 -12.446 13.727
309.400 0.300 0.939 4.568 -8.568 9.756
309.400 0.400 2.739 2.249 -4.728 5.909
309.400 0.500 2.714 1.11 -1.135 3.146
309.400 0.600 2.823 1.064 1.478 3.362
309.400 0.700 3.227 1.439 2.693 4.446
309.400 0.800 4.278 1.368 3.299 5.576
309.400 0.900 5.016 0.985 3.288 6.081
309.400 1.000 6.278 0.904 2.844 6.953
309.400 1.100 7.209 -0.09 2.387 7.597
309.400 1.200 7.804 -0.859 2.067 8.121
309.400 1.300 8.207 -3.532 1.565 9.074
309.400 1.400 5.76 -6.269 0.35 8.524
309.400 1.500 2.754 -7.887 -0.918 8.408
309.400 1.600 -1.608 -9.481 -2.27 9.885
309.400 1.700 -7.279 -8.547 -3.975 11.912
309.400 1.800 -10.442 -4.746 -5.343 12.656
309.400 1.900 -10.934 -2.183 -6.22 12.77
309.400 2.000 -10.97 0.458 -7.05 13.049
309.400 2.100 -8.807 2.204 -7.163 11.566
309.400 2.200 -6.987 1.856 -6.968 10.043
309.400 2.300 -5.753 1.212 -6.216 8.558
309.400 2.400 -5.223 0.282 -5.21 7.385
309.400 2.500 -5.153 -0.035 -4.047 6.555
309.400 2.600 -5.181 -0.448 -2.72 5.872
309.400 2.700 -5.601 -0.411 -1.958 5.951
309.400 2.800 -5.28 -0.52 -1.902 5.639
309.400 2.900 -5.534 -1.184 -2.213 6.08
309.400 3.000 -6.087 -1.662 -2.211 6.69
309.400 3.100 -7.242 -2.131 -1.773 7.758
309.400 3.200 -8.34 -1.508 -1.043 8.542
309.400 3.300 -9.062 -1.232 -0.054 9.149
309.400 3.400 -10.183 0.032 0.861 10.223
309.400 3.500 -9.201 1.614 1.415 9.451
309.400 3.600 -8.311 2.588 1.576 8.848
309.400 3.700 -6.583 4.263 1.169 7.931
309.400 3.800 -3.99 4.565 0.486 6.083
309.400 3.900 -1.965 3.925 0.228 4.396
309.400 4.000 -0.319 2.758 0.554 2.831
309.400 4.100 0.538 0.605 1.049 1.326
309.400 4.200 -0.517 -1.592 1.373 2.17
309.400 4.300 -2.537 -2.317 1.544 3.771
309.400 4.400 -4.028 -1.939 1.677 4.778
309.400 4.500 -5.405 -1.157 1.967 5.871
309.400 4.600 -5.754 1.19 2.252 6.295
309.400 4.700 -3.771 2.751 2.337 5.223
309.400 4.800 -1.808 2.969 2.493 4.279
309.400 4.900 0.296 2.87 2.242 3.654
309.400 5.000 2.453 1.674 1.728 3.438
309.400 5.100 2.81 -0.462 0.672 2.93
309.400 5.200 1.818 -1.445 -0.884 2.492
309.400 5.300 0.856 -1.987 -2.218 3.106
309.400 5.400 -0.442 -2.148 -3.186 3.875
309.400 5.500 -1.537 -1.716 -3.959 4.588
309.400 5.600 -2.242 -1.256 -4.372 5.078
309.400 5.700 -2.861 -0.888 -4.532 5.439
309.400 5.800 -3.216 -0.404 -4.46 5.519
309.400 5.900 -3.463 -0.044 -4.164 5.422
309.400 6.000 -3.618 0.695 -3.702 5.229
309.400 6.100 -3.186 1.354 -2.988 4.578
309.400 6.200 -2.72 1.808 -1.976 3.821
309.400 6.300 -2.015 2.078 -0.301 2.913
309.400 6.400 -1.378 1.675 1.763 2.795
309.400 6.500 -1.135 0.824 3.368 3.649
309.400 6.600 -1.546 -0.259 4.424 4.695
309.400 6.700 -2.379 -0.854 4.698 5.336
309.400 6.800 -2.995 -1.301 3.52 4.804
309.400 6.900 -3.998 -0.99 1.913 4.545
309.400 7.000 -3.931 0.058 0.506 3.968
309.400 7.100 -3.471 0.543 -0.691 3.585
309.400 7.200 -2.807 1.235 -1.351 3.356
309.400 7.300 -1.642 1.402 -1.485 2.626
309.400 7.400 -0.813 1.052 -1.484 1.998
309.400 7.500 -0.335 0.7 -1.43 1.633
309.400 7.600 -0.039 0.36 -1.521 1.571
309.400 7.700 -0.073 0.098 -1.748 1.76
309.400 7.800 -0.207 0.167 -2.007 2.032
309.400 7.900 -0.292 0.325 -1.944 2
309.400 8.000 -0.372 0.552 -1.416 1.572
309.400 8.100 -0.279 0.802 -0.683 1.095
309.400 8.200 0.065 0.898 0.182 0.921
309.400 8.300 0.47 0.653 0.923 1.225
309.400 8.400 0.506 0.218 1.101 1.232
309.400 8.500 0.312 0.056 0.774 0.836
309.400 8.600 0.338 0.157 0.03 0.377
309.400 8.700 0.716 0.22 -1.079 1.32
309.400 8.800 1.083 0.044 -2.044 2.321
309.400 8.900 1.086 -0.008 -2.516 2.748
309.400 9.000 1.147 0.144 -2.486 2.75
309.400 9.100 1.092 0.34 -1.422 1.832
309.400 9.200 1.101 0.947 0.428 1.516
309.400 9.300 1.551 1.637 2.189 3.143
309.400 9.400 2.472 1.991 3.706 4.88
309.400 9.500 3.531 1.506 4.876 6.206
309.400 9.600 4.289 0.754 5.244 6.817
309.400 9.700 5.255 -0.344 5.359 7.515
309.400 9.800 4.688 -2.108 5.019 7.185
309.400 9.900 3.343 -2.544 4.462 6.13
309.400 10.000 2.312 -2.872 3.523 5.102
309.400 10.100 0.876 -2.742 1.664 3.327
309.400 10.200 -0.024 -2.113 -0.223 2.13
309.400 10.300 -0.356 -1.671 -1.977 2.618
309.400 10.400 -0.475 -1.775 -3.556 4.008
309.400 10.500 -1.192 -2.344 -4.611 5.314
309.400 10.600 -2.671 -2.403 -5.129 6.268
309.400 10.700 -3.846 -1.519 -5.003 6.496
309.400 10.800 -4.333 -0.669 -4.198 6.076
309.400 10.900 -4.744 0.692 -3.292 5.821
309.400 11.000 -3.499 2.022 -2.274 4.643
309.400 11.100 -1.957 1.734 -1.61 3.077
309.400 11.200 -1.298 0.723 -1.665 2.238
309.400 11.300 -1.421 -0.326 -2.289 2.721
309.400 11.400 -2.08 -1.15 -2.868 3.732
309.400 11.500 -3.213 -1.642 -3.01 4.705
309.400 11.600 -4.593 -1.162 -2.883 5.552
309.400 11.700 -5.244 -0.201 -2.108 5.661
309.400 11.800 -5.758 0.764 -1.061 5.909
309.400 11.900 -5.24 2.253 -0.154 5.711
309.400 12.000 -3.847 2.382 0.686 4.579
309.400 12.100 -3.024 1.763 1.371 3.762
309.400 12.200 -2.5 1.033 1.768 3.234
309.400 12.300 -2.536 0.689 2.068 3.345
309.400 12.400 -2.525 1.005 2.172 3.48
309.400 12.500 -2.336 1.797 2.136 3.641
309.400 12.600 -1.212 3.091 1.657 3.713
309.400 12.700 1.07 3.199 0.774 3.464
309.400 12.800 2.571 1.329 0.332 2.917
309.400 12.900 2.07 -0.36 0.648 2.201
309.400 13.000 1.192 -0.808 1.143 1.84
309.400 13.100 0.328 -0.702 1.389 1.591
309.400 13.200 -0.318 -0.017 1.33 1.367
309.400 13.300 -0.346 0.861 1.011 1.373
309.400 13.400 0.161 1.27 0.54 1.393
309.400 13.500 0.57 0.895 0.248 1.094
309.400 13.600 0.392 0.332 0.424 0.668
309.400 13.700 0.022 0.074 0.793 0.797
309.400 13.800 -0.273 -0.024 0.922 0.962
309.400 13.900 -0.555 0.006 0.896 1.055
309.400 14.000 -0.723 0.277 0.822 1.13
309.400 14.100 -0.694 0.661 0.735 1.209
309.400 14.200 -0.523 1.169 0.924 1.582
309.400 14.300 -0.087 1.703 1.519 2.286
309.400 14.400 0.643 2.029 2.26 3.107
309.400 14.500 1.679 2.002 2.756 3.8
309.400 14.600 3.04 1.005 2.82 4.269
309.400 14.700 2.819 -1.494 2.099 3.821
309.400 14.800 0.131 -2.576 0.586 2.647
309.400 14.900 -1.98 -1.158 -0.757 2.419
309.400 15.000 -1.819 0.543 -1.172 2.236
309.500 0.000 2.074 2.095 -9.522 9.968
309.500 0.100 4.787 2.155 -12.047 13.141
309.500 0.200 5.218 1.294 -10.59 11.877
309.500 0.300 5.563 0.76 -7.184 9.119
309.500 0.400 4.597 -1.624 -3.747 6.151
309.500 0.500 1.331 -2.338 -0.263 2.708
309.500 0.600 -0.658 -0.759 2.274 2.491
309.500 0.700 -0.215 0.622 3.48 3.546
309.500 0.800 0.791 0.867 4.355 4.514
309.500 0.900 1.549 0.869 4.889 5.205
309.500 1.000 2.692 0.907 5.424 6.126
309.500 1.100 3.816 0.474 5.355 6.595
309.500 1.200 5.071 -0.124 4.378 6.703
309.500 1.300 5.99 -2.468 3.287 7.268
309.500 1.400 4.55 -4.734 1.937 6.849
309.500 1.500 2.686 -6.228 0.081 6.787
309.500 1.600 -0.798 -7.667 -1.91 7.945
309.500 1.700 -5.354 -6.608 -4.033 9.415
309.500 1.800 -7.758 -3.348 -6.067 10.404
309.500 1.900 -8.094 -1.11 -7.703 11.23
309.500 2.000 -7.893 1.065 -8.75 11.833
309.500 2.100 -5.557 2.26 -9.171 10.96
309.500 2.200 -3.549 1.329 -8.887 9.662
309.500 2.300 -2.718 0.007 -7.777 8.24
309.500 2.400 -2.669 -0.973 -6.232 6.852
309.500 2.500 -3.065 -1.367 -4.769 5.835
309.500 2.600 -3.724 -1.326 -3.727 5.437
309.500 2.700 -4.251 -0.698 -3.351 5.461
309.500 2.800 -4.038 -0.351 -3.386 5.285
309.500 2.900 -4.098 -0.847 -3.826 5.674
309.500 3.000 -4.653 -1.707 -4.248 6.531
309.500 3.100 -6.271 -2.604 -4.313 8.048
309.500 3.200 -7.835 -2.245 -3.867 9.025
309.500 3.300 -8.7 -2.125 -2.917 9.423
309.500 3.400 -9.98 -0.82 -1.867 10.189
309.500 3.500 -9.718 0.921 -1.039 9.819
309.500 3.600 -9.549 2.362 -0.506 9.852
309.500 3.700 -7.483 4.711 -0.367 8.851
309.500 3.800 -4.051 4.915 -0.448 6.386
309.500 3.900 -1.79 3.793 -0.375 4.211
309.500 4.000 -0.465 2.326 -0.079 2.374
309.500 4.100 -0.025 0.263 0.223 0.346
309.500 4.200 -1.203 -1.749 0.394 2.164
309.500 4.300 -3.304 -2.349 0.442 4.082
309.500 4.400 -4.808 -1.882 0.21 5.172
309.500 4.500 -6.298 -1.29 -0.146 6.434
309.500 4.600 -6.884 0.887 -0.027 6.944
309.500 4.700 -5.058 2.264 0.779 5.598
309.500 4.800 -3.426 2.642 1.597 4.614
309.500 4.900 -1.447 2.901 2.089 3.857
309.500 5.000 0.594 2.094 2.173 3.076
309.500 5.100 1.511 0.741 1.666 2.369
309.500 5.200 1.885 0.051 0.561 1.971
309.500 5.300 1.934 -0.843 -0.704 2.23
309.500 5.400 0.908 -1.174 -1.862 2.388
309.500 5.500 0.195 -0.942 -2.985 3.143
309.500 5.600 -0.325 -0.824 -3.742 3.852
309.500 5.700 -0.783 -0.683 -4.23 4.362
309.500 5.800 -1.194 -0.602 -4.309 4.518
309.500 5.900 -1.656 -0.406 -3.997 4.353
309.500 6.000 -1.95 0.079 -3.517 4.028
309.500 6.100 -1.899 0.498 -2.765 3.397
309.500 6.200 -1.809 0.621 -1.824 2.648
309.500 6.300 -1.937 0.442 -0.66 2.098
309.500 6.400 -2.484 0.112 0.558 2.551
309.500 6.500 -2.997 -0.162 1.505 3.361
309.500 6.600 -3.827 -0.74 1.952 4.362
309.500 6.700 -4.811 -0.391 1.786 5.15
309.500 6.800 -4.7 -0.129 1.176 4.85
309.500 6.900 -4.906 0.264 0.313 4.927
309.500 7.000 -4.079 1.232 -0.731 4.327
309.500 7.100 -2.873 1.324 -1.537 3.522
309.500 7.200 -1.935 1.389 -1.762 2.969
309.500 7.300 -0.863 1.3 -1.559 2.212
309.500 7.400 -0.092 0.859 -1.234 1.512
309.500 7.500 0.164 0.584 -0.933 1.119
309.500 7.600 0.462 0.456 -0.836 1.065
309.500 7.700 0.511 0.29 -0.931 1.108
309.500 7.800 0.6 0.32 -1.093 1.294
309.500 7.900 0.57 0.09 -1.111 1.26
309.500 8.000 0.205 0.049 -0.884 0.916
309.500 8.100 -0.024 0.091 -0.423 0.44
309.500 8.200 -0.262 0.067 0.287 0.396
309.500 8.300 -0.499 0.176 0.938 1.077
309.500 8.400 -0.452 0.4 1.043 1.205
309.500 8.500 -0.248 0.59 0.651 0.913
309.500 8.600 0.244 0.979 0.052 1.013
309.500 8.700 1.289 1.126 -0.664 1.841
309.500 8.800 2.224 0.574 -1.223 2.608
309.500 8.900 2.564 0.105 -1.258 2.864
309.500 9.000 3.029 -0.352 -0.897 3.184
309.500 9.100 2.181 -1.216 0.113 2.504
309.500 9.200 0.622 -0.779 1.567 1.859
309.500 9.300 0.007 0.228 2.896 2.905
309.500 9.400 0.173 0.785 3.994 4.074
309.500 9.500 0.497 0.776 4.828 4.915
309.500 9.600 0.799 0.323 5.353 5.422
309.500 9.700 0.823 -0.519 5.784 5.866
309.500 9.800 0.398 -1.441 5.497 5.697
309.500 9.900 -0.597 -1.923 4.781 5.189
309.500 10.000 -1.316 -1.388 3.82 4.274
309.500 10.100 -1.074 -0.821 2.207 2.589
309.500 10.200 -0.693 -0.325 0.518 0.926
309.500 10.300 0.078 0.103 -1.288 1.301
309.500 10.400 1.05 -0.361 -3.025 3.228
309.500 10.500 1.029 -1.513 -4.143 4.535
309.500 10.600 0.22 -1.975 -4.793 5.195
309.500 10.700 -0.718 -2.042 -4.827 5.296
309.500 10.800 -1.957 -1.557 -3.986 4.711
309.500 10.900 -2.741 -0.196 -3.131 4.171
309.500 11.000 -2.374 1.126 -2.311 3.504
309.500 11.100 -1.488 1.463 -1.824 2.776
309.500 11.200 -0.757 1.126 -1.949 2.381
309.500 11.300 -0.184 0.411 -2.559 2.607
309.500 11.400 -0.238 -0.844 -3.119 3.248
309.500 11.500 -1.47 -1.677 -3.218 3.923
309.500 11.600 -2.886 -1.509 -3.088 4.494
309.500 11.700 -3.979 -0.974 -2.7 4.913
309.500 11.800 -5.2 -0.032 -2.193 5.649
309.500 11.900 -5.067 1.631 -1.69 5.59
309.500 12.000 -3.862 1.784 -1.236 4.435
309.500 12.100 -3.362 1.157 -0.716 3.632
309.500 12.200 -3.331 0.367 0.136 3.358
309.500 12.300 -3.991 0.244 0.989 4.122
309.500 12.400 -4.12 0.87 1.359 4.427
309.500 12.500 -4.224 1.789 1.533 4.839
309.500 12.600 -2.785 3.765 1.38 4.885
309.500 12.700 0.739 3.851 0.937 4.034
309.500 12.800 2.867 1.221 0.897 3.245
309.500 12.900 1.898 -0.97 1.392 2.547
309.500 13.000 0.472 -1.281 2.046 2.46
309.500 13.100 -0.544 -0.802 2.395 2.584
309.500 13.200 -1.13 0.199 2.355 2.62
309.500 13.300 -0.931 1.392 1.904 2.537
309.500 13.400 0.06 1.885 1.147 2.21
309.500 13.500 0.814 1.095 0.534 1.468
309.500 13.600 0.288 0.101 0.389 0.496
309.500 13.700 -0.566 -0.148 0.489 0.764
309.500 13.800 -0.934 -0.061 0.6 1.113
309.500 13.900 -1.157 -0.022 0.704 1.356
309.500 14.000 -1.269 0.283 0.808 1.533
309.500 14.100 -1.121 0.545 0.965 1.578
309.500 14.200 -1.015 0.746 1.31 1.82
309.500 14.300 -0.952 1.005 1.904 2.356
309.500 14.400 -0.776 1.397 2.62 3.07
309.500 14.500 -0.142 1.692 3.065 3.505
309.500 14.600 0.749 1.162 3.167 3.456
309.500 14.700 0.806 -0.186 2.42 2.558
309.500 14.800 -0.281 -0.87 0.712 1.159
309.500 14.900 -1.195 -0.258 -0.692 1.409
309.500 15.000 -1.114 0.593 -1.159 1.718
309.600 0.000 5.314 4.01 -4.585 8.084
309.600 0.100 9.822 2.439 -4.513 11.083
309.600 0.200 9.16 -0.778 -4.032 10.04
309.600 0.300 7.39 -1.799 -2.745 8.088
309.600 0.400 4.864 -4.089 -1.255 6.481
309.600 0.500 0.093 -4.541 -0.114 4.548
309.600 0.600 -3.072 -2.21 0.922 3.9
309.600 0.700 -3.225 -0.533 2.048 3.861
309.600 0.800 -3.26 -0.03 3.209 4.577
309.600 0.900 -2.715 0.312 3.841 4.717
309.600 1.000 -2.435 0.138 4.664 5.267
309.600 1.100 -1.445 0.887 5.233 5.504
309.600 1.200 1.123 0.559 5.225 5.376
309.600 1.300 2.673 -1.489 5.024 5.885
309.600 1.400 2.088 -3.135 3.863 5.399
309.600 1.500 1.288 -4.157 2.185 4.874
309.600 1.600 -1.088 -5.112 -0.459 5.251
309.600 1.700 -4.293 -3.94 -3.751 6.933
309.600 1.800 -5.499 -1.098 -6.665 8.712
309.600 1.900 -4.778 0.678 -9.025 10.235
309.600 2.000 -3.691 1.899 -10.651 11.432
309.600 2.100 -1.314 2.184 -10.913 11.208
309.600 2.200 0.623 0.439 -10.369 10.398
309.600 2.300 0.699 -1.829 -8.636 8.858
309.600 2.400 -0.407 -2.88 -6.248 6.895
309.600 2.500 -1.625 -2.834 -4.265 5.376
309.600 2.600 -2.635 -2.045 -2.994 4.486
309.600 2.700 -3.028 -0.677 -2.652 4.086
309.600 2.800 -2.57 0.338 -3.361 4.247
309.600 2.900 -1.958 0.091 -4.771 5.16
309.600 3.000 -2.06 -1.099 -5.901 6.35
309.600 3.100 -3.202 -2.31 -6.725 7.803
309.600 3.200 -4.829 -3.015 -6.811 8.881
309.600 3.300 -7.129 -3.499 -5.701 9.78
309.600 3.400 -9.675 -1.875 -4.427 10.807
309.600 3.500 -9.406 0.323 -3.478 10.036
309.600 3.600 -8.904 1.925 -2.713 9.508
309.600 3.700 -6.975 4.303 -2.001 8.437
309.600 3.800 -3.766 4.665 -1.437 6.166
309.600 3.900 -1.585 3.477 -1.002 3.951
309.600 4.000 -0.442 2.024 -0.598 2.157
309.600 4.100 -0.094 0.154 -0.438 0.477
309.600 4.200 -1.383 -1.658 -0.663 2.265
309.600 4.300 -3.572 -2.069 -1.192 4.301
309.600 4.400 -4.741 -1.39 -1.73 5.239
309.600 4.500 -5.459 -0.999 -2.078 5.93
309.600 4.600 -5.888 0.239 -1.863 6.184
309.600 4.700 -5.236 1.045 -0.805 5.402
309.600 4.800 -4.665 1.661 0.581 4.988
309.600 4.900 -3.095 2.328 1.606 4.194
309.600 5.000 -1.29 1.917 2.383 3.32
309.600 5.100 -0.322 1.18 2.618 2.89
309.600 5.200 0.385 0.855 2.391 2.57
309.600 5.300 0.951 0.357 1.706 1.988
309.600 5.400 0.992 0.312 0.194 1.061
309.600 5.500 1.413 0.215 -1.347 1.969
309.600 5.600 1.207 -0.131 -2.354 2.655
309.600 5.700 1.05 -0.209 -3.098 3.284
309.600 5.800 0.635 -0.724 -3.409 3.549
309.600 5.900 -0.226 -0.77 -3.227 3.332
309.600 6.000 -0.766 -0.478 -2.842 2.989
309.600 6.100 -1.084 -0.246 -2.293 2.555
309.600 6.200 -1.351 -0.232 -1.648 2.15
309.600 6.300 -1.825 -0.46 -0.994 2.134
309.600 6.400 -2.638 -0.639 -0.435 2.754
309.600 6.500 -3.404 -0.642 -0.086 3.47
309.600 6.600 -4.358 -0.716 -0.027 4.421
309.600 6.700 -5.117 0.119 -0.4 5.138
309.600 6.800 -4.788 0.68 -1.314 5.016
309.600 6.900 -4.742 1.077 -2.296 5.383
309.600 7.000 -3.424 1.867 -2.714 4.756
309.600 7.100 -1.849 1.507 -2.7 3.608
309.600 7.200 -1.01 1.02 -2.261 2.684
309.600 7.300 -0.406 0.68 -1.368 1.586
309.600 7.400 -0.058 0.371 -0.538 0.661
309.600 7.500 -0.012 0.299 -0.074 0.312
309.600 7.600 0.158 0.405 0.167 0.467
309.600 7.700 0.339 0.476 0.088 0.593
309.600 7.800 0.628 0.47 -0.154 0.803
309.600 7.900 0.708 0.084 -0.291 0.775
309.600 8.000 0.429 -0.152 -0.258 0.529
309.600 8.100 0.126 -0.364 -0.039 0.393
309.600 8.200 -0.514 -0.531 0.347 0.819
309.600 8.300 -1.166 -0.185 0.72 1.385
309.600 8.400 -1.078 0.507 0.893 1.49
309.600 8.500 -0.467 0.966 0.813 1.347
309.600 8.600 0.403 1.433 0.614 1.612
309.600 8.700 1.922 1.68 0.339 2.578
309.600 8.800 3.358 0.639 0.159 3.425
309.600 8.900 3.134 -0.475 0.683 3.245
309.600 9.000 2.847 -1.119 1.57 3.441
309.600 9.100 1.561 -2.101 2.198 3.42
309.600 9.200 -0.424 -1.767 2.733 3.284
309.600 9.300 -1.512 -0.647 3.321 3.707
309.600 9.400 -1.858 0.047 3.815 4.244
309.600 9.500 -2.018 0.409 4.118 4.604
309.600 9.600 -1.862 0.206 3.912 4.338
309.600 9.700 -2.259 -0.497 3.57 4.255
309.600 9.800 -2.522 -0.88 3.253 4.21
309.600 9.900 -3.051 -1.267 2.817 4.343
309.600 10.000 -3.459 -0.392 2.204 4.122
309.600 10.100 -2.688 0.38 1.491 3.099
309.600 10.200 -1.831 1.075 0.604 2.209
309.600 10.300 0.075 1.781 -0.649 1.901
309.600 10.400 2.517 0.966 -1.891 3.298
309.600 10.500 3.01 -0.971 -2.539 4.061
309.600 10.600 2.437 -1.665 -2.712 4.014
309.600 10.700 1.633 -2.508 -2.596 3.966
309.600 10.800 -0.538 -2.362 -2.093 3.207
309.600 10.900 -1.911 -0.833 -1.57 2.615
309.600 11.000 -1.971 0.675 -1.279 2.449
309.600 11.100 -1.317 1.427 -1.248 2.313
309.600 11.200 -0.434 1.544 -1.542 2.23
309.600 11.300 0.604 1.005 -2.065 2.381
309.600 11.400 0.934 -0.509 -2.511 2.733
309.600 11.500 -0.21 -1.591 -2.79 3.224
309.600 11.600 -1.566 -1.615 -2.906 3.68
309.600 11.700 -2.745 -1.219 -2.849 4.146
309.600 11.800 -3.85 -0.237 -2.81 4.779
309.600 11.900 -3.775 1.272 -2.713 4.826
309.600 12.000 -2.704 1.499 -2.556 4.018
309.600 12.100 -2.262 0.558 -2.283 3.269
309.600 12.200 -2.995 -0.485 -1.672 3.47
309.600 12.300 -4.401 -0.39 -1.069 4.55
309.600 12.400 -4.689 0.546 -0.468 4.748
309.600 12.500 -4.708 1.637 -0.047 4.989
309.600 12.600 -3.169 3.757 0.264 4.926
309.600 12.700 0.421 3.757 0.6 3.831
309.600 12.800 2.421 0.755 1.107 2.769
309.600 12.900 1.15 -1.748 2.048 2.929
309.600 13.000 -0.797 -1.897 2.993 3.633
309.600 13.100 -2.096 -0.984 3.448 4.154
309.600 13.200 -2.761 0.437 3.439 4.433
309.600 13.300 -2.29 2.143 2.852 4.241
309.600 13.400 -0.692 2.749 1.807 3.364
309.600 13.500 0.5 1.657 0.903 1.956
309.600 13.600 0.189 0.334 0.294 0.487
309.600 13.700 -0.606 -0.14 0.005 0.626
309.600 13.800 -1.115 -0.227 0.061 1.143
309.600 13.900 -1.564 -0.227 0.342 1.62
309.600 14.000 -1.787 0.111 0.602 1.891
309.600 14.100 -1.707 0.26 0.852 1.927
309.600 14.200 -1.797 0.292 1.255 2.212
309.600 14.300 -2.066 0.365 1.759 2.739
309.600 14.400 -2.509 0.841 2.336 3.532
309.600 14.500 -2.094 1.571 2.568 3.669
309.600 14.600 -1.381 1.426 2.4 3.116
309.600 14.700 -0.989 1.06 1.651 2.199
309.600 14.800 -0.721 0.663 0.295 1.026
309.600 14.900 -0.715 0.568 -0.819 1.232
309.600 15.000 -0.535 0.68 -1.174 1.465
309.700 0.000 4.519 3.35 -1.011 5.718
309.700 0.100 7.232 1.844 0.029 7.466
309.700 0.200 7.236 -0.805 0.105 7.284
309.700 0.300 6.067 -2.461 -0.153 6.552
309.700 0.400 3.622 -4.602 -0.171 5.863
309.700 0.500 -0.622 -4.904 -0.201 4.952
309.700 0.600 -3.549 -2.593 -0.396 4.416
309.700 0.700 -4.121 -1.045 -0.881 4.344
309.700 0.800 -4.889 -0.599 -1.196 5.07
309.700 0.900 -4.407 -0.297 -0.715 4.476
309.700 1.000 -4.565 -0.842 0.174 4.648
309.700 1.100 -4.288 0.021 1.421 4.519
309.700 1.200 -2.764 -0.355 3.126 4.191
309.700 1.300 -2.323 -1.255 4.122 4.898
309.700 1.400 -2.288 -2.023 3.691 4.794
309.700 1.500 -2.972 -2.292 2.672 4.611
309.700 1.600 -3.48 -1.685 0.052 3.87
309.700 1.700 -3.876 -0.519 -3.444 5.212
309.700 1.800 -3.188 1.7 -6.561 7.491
309.700 1.900 -0.815 2.955 -9.213 9.71
309.700 2.000 1.698 2.763 -10.761 11.24
309.700 2.100 4.191 1.992 -10.806 11.761
309.700 2.200 6.617 -0.687 -10.165 12.151
309.700 2.300 5.178 -4.553 -7.933 10.513
309.700 2.400 1.644 -5.382 -5.067 7.576
309.700 2.500 -1.002 -4.658 -2.895 5.578
309.700 2.600 -2.996 -3.118 -1.247 4.504
309.700 2.700 -3.667 -0.428 -0.618 3.745
309.700 2.800 -2.058 1.954 -1.773 3.348
309.700 2.900 0.604 1.876 -3.875 4.349
309.700 3.000 1.33 -0.003 -5.503 5.665
309.700 3.100 0.811 -1.374 -6.785 6.973
309.700 3.200 -0.473 -3.217 -7.572 8.245
309.700 3.300 -3.579 -4.212 -7.617 9.416
309.700 3.400 -6.513 -2.916 -7.266 10.188
309.700 3.500 -7.406 -1.118 -5.793 9.472
309.700 3.600 -8.094 0.739 -4.074 9.094
309.700 3.700 -6.581 3.539 -2.873 8.007
309.700 3.800 -3.381 4.076 -1.993 5.659
309.700 3.900 -1.353 2.942 -1.275 3.481
309.700 4.000 -0.598 1.682 -0.817 1.964
309.700 4.100 -0.443 0.305 -0.774 0.945
309.700 4.200 -1.249 -0.951 -1.369 2.088
309.700 4.300 -2.54 -1.223 -2.363 3.683
309.700 4.400 -3.3 -0.872 -3.238 4.709
309.700 4.500 -4.021 -0.842 -3.828 5.619
309.700 4.600 -4.637 -0.331 -3.799 6.008
309.700 4.700 -4.654 -0.226 -2.901 5.492
309.700 4.800 -5.175 0.283 -1.597 5.426
309.700 4.900 -4.442 1.027 0.004 4.562
309.700 5.000 -3.796 0.931 1.611 4.229
309.700 5.100 -3.243 1.074 2.336 4.14
309.700 5.200 -2.697 0.902 2.482 3.776
309.700 5.300 -2.216 1.231 2.39 3.485
309.700 5.400 -0.787 1.642 1.686 2.482
309.700 5.500 0.716 1.372 0.937 1.81
309.700 5.600 1.198 0.949 -0.272 1.555
309.700 5.700 1.64 0.556 -1.496 2.293
309.700 5.800 1.479 -0.519 -2.157 2.672
309.700 5.900 0.534 -0.943 -2.292 2.542
309.700 6.000 -0.178 -0.829 -2.129 2.298
309.700 6.100 -0.674 -0.702 -1.849 2.098
309.700 6.200 -1.121 -0.711 -1.529 2.033
309.700 6.300 -1.737 -0.877 -1.258 2.323
309.700 6.400 -2.681 -0.884 -1.134 3.048
309.700 6.500 -3.42 -0.56 -1.311 3.71
309.700 6.600 -4.253 -0.388 -1.842 4.656
309.700 6.700 -4.777 0.859 -2.525 5.476
309.700 6.800 -3.313 1.789 -3.298 5.011
309.700 6.900 -1.939 1.696 -4.036 4.794
309.700 7.000 -0.858 1.575 -3.846 4.25
309.700 7.100 0.191 1.072 -3.234 3.419
309.700 7.200 0.458 0.056 -2.412 2.462
309.700 7.300 -0.136 -0.459 -1.196 1.295
309.700 7.400 -0.639 -0.357 -0.178 0.759
309.700 7.500 -0.767 -0.096 0.425 0.884
309.700 7.600 -0.729 0.252 0.792 1.107
309.700 7.700 -0.367 0.68 0.822 1.129
309.700 7.800 0.324 0.729 0.596 0.997
309.700 7.900 0.597 0.169 0.382 0.731
309.700 8.000 0.262 -0.221 0.293 0.453
309.700 8.100 -0.125 -0.549 0.31 0.645
309.700 8.200 -0.825 -0.805 0.42 1.23
309.700 8.300 -1.56 -0.464 0.677 1.765
309.700 8.400 -1.57 0.306 1.006 1.891
309.700 8.500 -0.982 0.868 1.381 1.905
309.700 8.600 -0.14 1.354 1.741 2.21
309.700 8.700 1.272 1.594 2.153 2.966
309.700 8.800 2.601 0.456 2.545 3.669
309.700 8.900 2.02 -0.949 2.544 3.385
309.700 9.000 1.034 -1.699 2.701 3.355
309.700 9.100 -0.338 -2.427 2.972 3.854
309.700 9.200 -2.247 -2.162 3.25 4.506
309.700 9.300 -3.406 -0.78 3.284 4.798
309.700 9.400 -3.677 0.04 2.85 4.654
309.700 9.500 -3.934 0.69 2.315 4.619
309.700 9.600 -3.047 0.853 1.661 3.575
309.700 9.700 -2.582 -0.027 0.999 2.77
309.700 9.800 -2.857 -0.805 0.829 3.085
309.700 9.900 -3.775 -1.05 0.985 4.042
309.700 10.000 -4.235 0.102 0.824 4.318
309.700 10.100 -3.429 1.009 0.259 3.586
309.700 10.200 -2.491 1.768 -0.266 3.069
309.700 10.300 -0.278 2.436 -0.436 2.494
309.700 10.400 2.287 1.383 -0.321 2.695
309.700 10.500 2.818 -0.772 -0.344 2.945
309.700 10.600 2.009 -1.809 -0.27 2.72
309.700 10.700 0.878 -2.647 -0.104 2.794
309.700 10.800 -1.267 -2.632 -0.158 2.928
309.700 10.900 -2.866 -1.014 -0.058 3.044
309.700 11.000 -2.754 0.803 -0.315 2.89
309.700 11.100 -1.857 1.663 -0.67 2.584
309.700 11.200 -0.623 2.041 -1.069 2.391
309.700 11.300 0.982 1.541 -1.64 2.461
309.700 11.400 1.661 -0.224 -2.036 2.642
309.700 11.500 0.624 -1.446 -2.098 2.629
309.700 11.600 -0.599 -1.525 -2.206 2.754
309.700 11.700 -1.808 -1.188 -2.376 3.219
309.700 11.800 -2.907 -0.163 -2.585 3.898
309.700 11.900 -2.703 1.331 -2.818 4.131
309.700 12.000 -1.394 1.503 -3.01 3.647
309.700 12.100 -0.83 0.251 -2.981 3.111
309.700 12.200 -1.737 -0.919 -2.699 3.344
309.700 12.300 -3.106 -0.902 -2.322 3.986
309.700 12.400 -3.925 -0.197 -1.652 4.268
309.700 12.500 -4.498 1.044 -0.78 4.686
309.700 12.600 -3.159 3.291 -0.026 4.565
309.700 12.700 0.556 3.344 0.596 3.445
309.700 12.800 2.519 -0.163 1.403 2.89
309.700 12.900 -0.044 -3.023 2.668 4.034
309.700 13.000 -3.219 -2.645 3.79 5.633
309.700 13.100 -4.85 -1.08 3.998 6.378
309.700 13.200 -5.749 0.654 3.888 6.972
309.700 13.300 -4.888 3.228 3.198 6.676
309.700 13.400 -1.98 3.992 1.727 4.781
309.700 13.500 0.071 2.468 0.592 2.542
309.700 13.600 0.167 0.805 -0.034 0.827
309.700 13.700 -0.418 0.039 -0.404 0.588
309.700 13.800 -1.012 -0.36 -0.517 1.196
309.700 13.900 -1.814 -0.514 -0.394 1.93
309.700 14.000 -2.241 -0.119 -0.144 2.252
309.700 14.100 -2.177 -0.076 0.195 2.19
309.700 14.200 -2.463 -0.118 0.596 2.539
309.700 14.300 -2.891 -0.062 0.975 3.054
309.700 14.400 -3.578 0.519 1.246 3.826
309.700 14.500 -3.252 1.573 1.38 3.869
309.700 14.600 -2.442 1.822 1.213 3.282
309.700 14.700 -1.653 2.007 0.611 2.674
309.700 14.800 -0.538 1.832 -0.363 1.948
309.700 14.900 0.174 1.148 -1.19 1.669
309.700 15.000 0.202 0.59 -1.256 1.409
309.800 0.000 3.159 2.313 0.292 3.928
309.800 0.100 4.858 1.234 1.133 5.141
309.800 0.200 5.051 -0.586 1.346 5.263
309.800 0.300 4.672 -2.091 1.067 5.232
309.800 0.400 2.76 -4.169 0.372 5.018
309.800 0.500 -1.172 -4.358 -0.726 4.575
309.800 0.600 -3.566 -1.652 -1.94 4.386
309.800 0.700 -2.306 0.297 -3.44 4.154
309.800 0.800 -1.002 -0.225 -4.797 4.907
309.800 0.900 -1.117 -1.413 -4.248 4.616
309.800 1.000 -2.192 -1.906 -2.955 4.145
309.800 1.100 -3.022 -1.651 -1.71 3.847
309.800 1.200 -3.879 -1.882 -0.404 4.333
309.800 1.300 -4.957 -1.562 0.234 5.205
309.800 1.400 -5.09 -1.541 0.203 5.325
309.800 1.500 -6.226 -0.928 -0.548 6.321
309.800 1.600 -5.284 1.169 -2.184 5.837
309.800 1.700 -3.485 2.401 -4.446 6.138
309.800 1.800 -1.101 4.38 -6.81 8.172
309.800 1.900 3.077 4.963 -8.911 10.654
309.800 2.000 6.613 2.948 -9.669 12.08
309.800 2.100 8.658 0.771 -8.075 11.865
309.800 2.200 10.778 -2.408 -5.471 12.327
309.800 2.300 7.741 -6.939 -3.615 11.01
309.800 2.400 2.244 -7.342 -2.376 8.04
309.800 2.500 -1.641 -6.241 -1.305 6.588
309.800 2.600 -5.208 -4.525 -0.148 6.904
309.800 2.700 -7.098 -0.307 0.683 7.139
309.800 2.800 -3.937 3.603 -0.042 5.337
309.800 2.900 0.684 3.648 -1.166 3.891
309.800 3.000 2.667 1.752 -2.942 4.342
309.800 3.100 3.348 0.158 -5.139 6.139
309.800 3.200 2.895 -2.535 -6.553 7.604
309.800 3.300 0.346 -3.984 -7.093 8.147
309.800 3.400 -2.074 -3.551 -7.086 8.197
309.800 3.500 -4.184 -2.544 -6.385 8.05
309.800 3.600 -6.015 -0.569 -5.527 8.192
309.800 3.700 -5.39 2.137 -4.133 7.123
309.800 3.800 -3.182 2.869 -2.384 4.904
309.800 3.900 -1.717 2.325 -1.279 3.161
309.800 4.000 -1.016 1.541 -1.014 2.107
309.800 4.100 -0.76 0.636 -1.192 1.553
309.800 4.200 -1.036 -0.116 -1.762 2.051
309.800 4.300 -1.53 -0.202 -2.651 3.071
309.800 4.400 -1.498 0.161 -3.757 4.052
309.800 4.500 -1.113 -0.028 -5.043 5.168
309.800 4.600 -1.257 -0.817 -5.476 5.682
309.800 4.700 -2.248 -1.417 -4.459 5.196
309.800 4.800 -3.484 -1.075 -3.265 4.899
309.800 4.900 -4.169 -0.618 -2 4.669
309.800 5.000 -5.22 -0.274 -0.914 5.31
309.800 5.100 -5.153 0.771 -0.279 5.221
309.800 5.200 -4.552 0.701 0.013 4.608
309.800 5.300 -4.349 1.213 0.316 4.529
309.800 5.400 -3.133 1.575 0.997 3.647
309.800 5.500 -2.22 1.893 1.479 3.271
309.800 5.600 -0.533 2.443 0.598 2.57
309.800 5.700 1.507 1.664 -0.77 2.376
309.800 5.800 1.91 -0.159 -1.463 2.417
309.800 5.900 0.909 -0.956 -1.586 2.07
309.800 6.000 0.093 -0.965 -1.582 1.863
309.800 6.100 -0.478 -0.893 -1.519 1.833
309.800 6.200 -0.982 -0.883 -1.444 1.964
309.800 6.300 -1.585 -0.922 -1.45 2.345
309.800 6.400 -2.357 -0.68 -1.649 2.962
309.800 6.500 -2.708 0.007 -2.155 3.467
309.800 6.600 -2.654 0.51 -3.059 4.088
309.800 6.700 -2.303 1.325 -3.76 4.609
309.800 6.800 -0.855 2.038 -3.58 4.213
309.800 6.900 0.912 1.685 -3.225 3.757
309.800 7.000 1.439 0.894 -2.675 3.172
309.800 7.100 1.84 0.431 -1.987 2.749
309.800 7.200 1.572 -0.841 -1.384 2.263
309.800 7.300 0.053 -1.397 -0.835 1.635
309.800 7.400 -1.087 -1.098 -0.234 1.568
309.800 7.500 -1.568 -0.691 0.492 1.787
309.800 7.600 -1.84 -0.075 1.123 2.16
309.800 7.700 -1.49 0.723 1.333 2.128
309.800 7.800 -0.679 0.902 1.29 1.715
309.800 7.900 -0.223 0.455 1.036 1.154
309.800 8.000 -0.278 0.005 0.58 0.644
309.800 8.100 -0.523 -0.472 0.268 0.757
309.800 8.200 -1.176 -0.911 0.155 1.5
309.800 8.300 -2.096 -0.787 0.289 2.261
309.800 8.400 -2.359 -0.201 0.768 2.493
309.800 8.500 -2.304 0.223 1.607 2.82
309.800 8.600 -1.941 0.909 2.289 3.138
309.800 8.700 -1.038 1.037 2.711 3.083
309.800 8.800 -0.385 0.364 3.055 3.102
309.800 8.900 -0.222 -0.637 2.754 2.837
309.800 9.000 -0.682 -1.764 2.495 3.133
309.800 9.100 -2.042 -2.684 2.651 4.293
309.800 9.200 -4.125 -2.313 2.931 5.566
309.800 9.300 -5.115 -0.255 2.648 5.767
309.800 9.400 -4.426 1.04 1.495 4.788
309.800 9.500 -3.69 1.42 0.282 3.966
309.800 9.600 -2.552 1.307 -0.161 2.875
309.800 9.700 -1.766 0.329 -0.376 1.839
309.800 9.800 -2.208 -0.848 -0.56 2.435
309.800 9.900 -3.793 -1.084 -0.738 4.017
309.800 10.000 -4.501 0.415 -0.928 4.618
309.800 10.100 -3.246 1.429 -1.032 3.697
309.800 10.200 -2.008 1.855 -1.014 2.92
309.800 10.300 -0.362 2.082 -0.634 2.209
309.800 10.400 1.303 1.069 -0.146 1.695
309.800 10.500 1.517 -0.81 0.093 1.725
309.800 10.600 0.413 -1.985 0.175 2.038
309.800 10.700 -1.013 -2.498 0.062 2.699
309.800 10.800 -2.921 -2.559 -0.285 3.897
309.800 10.900 -4.815 -0.886 -0.485 4.923
309.800 11.000 -4.025 1.264 -0.817 4.301
309.800 11.100 -2.575 1.893 -1.024 3.36
309.800 11.200 -1.022 2.331 -1.017 2.744
309.800 11.300 1.123 1.847 -0.924 2.355
309.800 11.400 2.088 -0.156 -0.859 2.267
309.800 11.500 0.77 -1.426 -0.908 1.862
309.800 11.600 -0.534 -1.293 -1.084 1.775
309.800 11.700 -1.503 -0.752 -1.619 2.338
309.800 11.800 -2.168 0.28 -2.328 3.199
309.800 11.900 -1.638 1.627 -2.82 3.65
309.800 12.000 -0.048 1.694 -3.152 3.584
309.800 12.100 0.683 0.108 -3.275 3.353
309.800 12.200 -0.383 -1.267 -2.96 3.248
309.800 12.300 -1.906 -1.317 -2.603 3.49
309.800 12.400 -3.016 -0.798 -2.278 3.867
309.800 12.500 -4.086 0.257 -1.849 4.497
309.800 12.600 -3.282 2.279 -0.835 4.086
309.800 12.700 -0.343 2.139 0.876 2.338
309.800 12.800 0.739 -1.065 2.206 2.559
309.800 12.900 -2.515 -3.854 2.482 5.23
309.800 13.000 -6.911 -2.997 2.599 7.971
309.800 13.100 -8.153 -0.572 1.995 8.415
309.800 13.200 -8.884 0.925 1.271 9.024
309.800 13.300 -7.615 4.218 0.842 8.748
309.800 13.400 -3.095 4.984 0.478 5.889
309.800 13.500 -0.21 3.111 0.169 3.127
309.800 13.600 0.235 1.308 -0.344 1.378
309.800 13.700 -0.065 0.363 -0.865 0.946
309.800 13.800 -0.527 -0.265 -1.142 1.291
309.800 13.900 -1.221 -0.573 -1.261 1.851
309.800 14.000 -1.747 -0.472 -1.092 2.118
309.800 14.100 -2.081 -0.518 -0.592 2.229
309.800 14.200 -2.63 -0.496 -0.158 2.684
309.800 14.300 -3.282 -0.376 0.156 3.31
309.800 14.400 -4.108 0.339 0.431 4.147
309.800 14.500 -3.832 1.593 0.462 4.179
309.800 14.600 -2.982 2.084 0.342 3.657
309.800 14.700 -1.913 2.633 0.072 3.259
309.800 14.800 -0.059 2.657 -0.456 2.701
309.800 14.900 1.321 1.47 -0.884 2.17
309.800 15.000 0.962 0.368 -0.874 1.356
309.900 0.000 1.949 1.375 0.761 2.506
309.900 0.100 2.838 0.666 1.522 3.292
309.900 0.200 2.986 -0.513 1.719 3.487
309.900 0.300 2.676 -1.632 1.464 3.463
309.900 0.400 1.499 -2.85 0.493 3.261
309.900 0.500 -0.602 -2.706 -1.238 3.04
309.900 0.600 -1.437 -0.459 -2.669 3.068
309.900 0.700 0.855 1.471 -3.238 3.658
309.900 0.800 3.913 0.18 -3.582 5.31
309.900 0.900 2.896 -2.536 -3.268 5.052
309.900 1.000 0.374 -2.816 -2.701 3.923
309.900 1.100 -1.175 -2.47 -2.343 3.604
309.900 1.200 -2.496 -2.23 -2.304 4.066
309.900 1.300 -3.532 -1.604 -2.545 4.642
309.900 1.400 -4.031 -1.061 -2.876 5.067
309.900 1.500 -4.628 0.118 -3.714 5.937
309.900 1.600 -3.606 2.306 -4.294 6.064
309.900 1.700 -1.383 4.086 -4.963 6.576
309.900 1.800 2.1 6.215 -6.111 8.966
309.900 1.900 8.005 6.597 -7.643 12.885
309.900 2.000 12.566 1.948 -8.067 15.06
309.900 2.100 11.246 -2.804 -4.958 12.609
309.900 2.200 8.896 -5.134 -1.31 10.357
309.900 2.300 5.263 -7.47 -0.172 9.143
309.900 2.400 0.562 -7.626 -0.5 7.667
309.900 2.500 -3.176 -6.379 -1.065 7.208
309.900 2.600 -6.866 -4.87 -1.943 8.642
309.900 2.700 -9.459 -0.469 -2.316 9.751
309.900 2.800 -6.163 3.598 -1.478 7.289
309.900 2.900 -2.098 4.164 -0.532 4.693
309.900 3.000 1.314 3.998 -1.4 4.435
309.900 3.100 5.02 2.374 -3.664 6.655
309.900 3.200 5.981 -1.814 -5.078 8.056
309.900 3.300 3.084 -3.968 -5.084 7.153
309.900 3.400 0.491 -3.729 -5.007 6.267
309.900 3.500 -1.672 -2.875 -5.101 6.094
309.900 3.600 -3.227 -1.25 -4.997 6.082
309.900 3.700 -3.465 0.511 -4.116 5.407
309.900 3.800 -3.036 1.321 -2.692 4.269
309.900 3.900 -2.429 1.725 -1.686 3.425
309.900 4.000 -1.459 1.559 -1.427 2.57
309.900 4.100 -0.881 0.955 -1.522 2.004
309.900 4.200 -0.762 0.524 -1.89 2.107
309.900 4.300 -0.677 0.653 -2.479 2.655
309.900 4.400 0.157 1.235 -3.161 3.4
309.900 4.500 2.108 1.061 -3.955 4.609
309.900 4.600 2.769 -1.188 -4.31 5.263
309.900 4.700 0.363 -2.464 -3.805 4.553
309.900 4.800 -1.759 -1.92 -3.286 4.197
309.900 4.900 -2.87 -1.268 -2.986 4.336
309.900 5.000 -3.814 -0.664 -2.939 4.865
309.900 5.100 -3.959 0.258 -2.644 4.771
309.900 5.200 -3.636 0.442 -2.211 4.282
309.900 5.300 -3.62 0.58 -1.814 4.094
309.900 5.400 -3.83 0.647 -1.093 4.038
309.900 5.500 -4.224 1.719 -0.546 4.595
309.900 5.600 -1.954 3.202 -0.332 3.766
309.900 5.700 1.156 2.332 -0.288 2.619
309.900 5.800 1.936 0.145 -0.494 2.007
309.900 5.900 0.926 -0.794 -0.865 1.501
309.900 6.000 0.14 -0.886 -1.125 1.445
309.900 6.100 -0.417 -0.875 -1.276 1.609
309.900 6.200 -0.918 -0.846 -1.382 1.869
309.900 6.300 -1.457 -0.79 -1.53 2.263
309.900 6.400 -2.108 -0.375 -1.735 2.762
309.900 6.500 -2.029 0.667 -2.116 3.012
309.900 6.600 -0.951 1.317 -2.663 3.125
309.900 6.700 0.068 1.299 -2.856 3.144
309.900 6.800 0.615 1.324 -2.269 2.703
309.900 6.900 1.379 1.058 -1.416 2.247
309.900 7.000 1.53 0.375 -0.919 1.829
309.900 7.100 1.474 -0.122 -0.521 1.573
309.900 7.200 1.048 -1.032 -0.341 1.516
309.900 7.300 -0.077 -1.569 -0.484 1.651
309.900 7.400 -1.191 -1.618 -0.381 2.051
309.900 7.500 -2.344 -1.509 0.221 2.801
309.900 7.600 -3.485 -0.592 0.986 3.673
309.900 7.700 -3.175 0.766 1.13 3.459
309.900 7.800 -2.265 1.003 0.997 2.673
309.900 7.900 -1.592 0.897 0.769 1.985
309.900 8.000 -0.965 0.476 0.308 1.121
309.900 8.100 -0.802 -0.183 -0.07 0.83
309.900 8.200 -1.195 -0.756 -0.371 1.467
309.900 8.300 -1.937 -0.943 -0.537 2.226
309.900 8.400 -2.637 -0.904 -0.237 2.802
309.900 8.500 -3.726 -0.669 0.452 3.816
309.900 8.600 -3.981 0.566 0.973 4.14
309.900 8.700 -2.927 0.755 1.157 3.239
309.900 8.800 -2.439 0.334 1.291 2.781
309.900 8.900 -1.769 -0.372 1.316 2.237
309.900 9.000 -1.867 -1.784 1.329 2.906
309.900 9.100 -3.471 -3.077 1.57 4.9
309.900 9.200 -6.378 -2.627 2.134 7.223
309.900 9.300 -7.346 0.648 1.974 7.636
309.900 9.400 -4.914 2.545 0.578 5.566
309.900 9.500 -2.743 2.199 -0.524 3.558
309.900 9.600 -1.678 1.398 -0.803 2.33
309.900 9.700 -1.201 0.484 -0.833 1.544
309.900 9.800 -1.542 -0.463 -1.171 1.996
309.900 9.900 -2.56 -0.593 -1.825 3.204
309.900 10.000 -2.987 0.398 -2.144 3.703
309.900 10.100 -2.311 1.163 -1.797 3.154
309.900 10.200 -1.487 1.484 -1.314 2.481
309.900 10.300 -0.361 1.539 -0.755 1.755
309.900 10.400 0.759 0.701 -0.233 1.063
309.900 10.500 0.734 -0.822 -0.128 1.113
309.900 10.600 -0.385 -1.769 -0.471 1.875
309.900 10.700 -1.629 -2.022 -1.039 2.8
309.900 10.800 -2.999 -1.96 -1.8 4.014
309.900 10.900 -4.34 -0.588 -2.511 5.053
309.900 11.000 -3.592 1.193 -2.372 4.471
309.900 11.100 -2.264 1.69 -1.908 3.414
309.900 11.200 -1.023 1.88 -1.313 2.515
309.900 11.300 0.37 1.339 -0.514 1.485
309.900 11.400 0.831 -0.196 -0.059 0.859
309.900 11.500 -0.272 -1.257 -0.193 1.303
309.900 11.600 -1.559 -0.905 -0.463 1.865
309.900 11.700 -1.893 0.027 -1.122 2.205
309.900 11.800 -1.706 0.908 -1.821 2.66
309.900 11.900 -0.722 1.97 -2.193 3.041
309.900 12.000 1.356 2.018 -2.402 3.423
309.900 12.100 2.482 0.002 -2.506 3.532
309.900 12.200 0.893 -1.559 -2.405 3.007
309.900 12.300 -0.836 -1.462 -2.417 2.952
309.900 12.400 -1.857 -0.921 -2.462 3.223
309.900 12.500 -2.537 -0.158 -2.387 3.492
309.900 12.600 -2.355 0.787 -1.558 2.936
309.900 12.700 -1.558 0.419 -0.002 1.616
309.900 12.800 -1.813 -1.39 0.816 2.428
309.900 12.900 -4.139 -3.144 -0.039 5.201
309.900 13.000 -7.604 -2.281 -1.537 8.09
309.900 13.100 -8.049 0.21 -2.299 8.377
309.900 13.200 -7.641 1.51 -2.846 8.296
309.900 13.300 -6.263 3.82 -2.606 7.789
309.900 13.400 -2.963 4.419 -1.318 5.485
309.900 13.500 -0.669 3.158 -0.539 3.277
309.900 13.600 0.248 1.832 -0.66 1.968
309.900 13.700 0.595 0.78 -1.123 1.496
309.900 13.800 0.315 -0.128 -1.342 1.39
309.900 13.900 -0.253 -0.528 -1.407 1.529
309.900 14.000 -0.866 -0.788 -1.343 1.786
309.900 14.100 -1.765 -0.942 -1.085 2.28
309.900 14.200 -2.698 -0.721 -0.902 2.938
309.900 14.300 -3.41 -0.506 -0.935 3.576
309.900 14.400 -4.453 0.227 -1.01 4.575
309.900 14.500 -4.073 1.646 -0.968 4.502
309.900 14.600 -3.077 2.101 -0.863 3.828
309.900 14.700 -2.002 2.704 -0.665 3.434
309.900 14.800 -0.107 2.722 -0.281 2.743
309.900 14.900 1.229 1.544 -0.001 1.977
309.900 15.000 0.952 0.437 -0.156 1.063
310.000 0.000 1.04 0.661 0.646 1.393
310.000 0.100 1.382 0.235 1.113 1.793
310.000 0.200 1.462 -0.438 1.236 1.967
310.000 0.300 1.263 -1.113 0.963 1.943
310.000 0.400 0.745 -1.586 0.213 1.769
310.000 0.500 0.105 -1.269 -0.853 1.536
310.000 0.600 0.209 0.031 -1.461 1.477
310.000 0.700 1.871 1.124 -1.018 2.409
310.000 0.800 3.955 -0.053 -0.184 3.961
310.000 0.900 3.133 -2.34 -0.466 3.941
310.000 1.000 1.071 -2.679 -1.239 3.143
310.000 1.100 -0.251 -2.291 -1.774 2.911
310.000 1.200 -1.145 -1.838 -2.273 3.142
310.000 1.300 -1.736 -1.231 -2.759 3.486
310.000 1.400 -2.048 -0.486 -3.216 3.845
310.000 1.500 -2.062 0.696 -3.668 4.266
310.000 1.600 -1.295 2.409 -3.742 4.635
310.000 1.700 0.522 4.371 -3.489 5.617
310.000 1.800 4.214 6.667 -3.027 8.449
310.000 1.900 11.399 7.216 -2.236 13.676
310.000 2.000 17.076 0.647 -1.237 17.135
310.000 2.100 12.216 -5.747 -0.213 13.504
310.000 2.200 6.514 -6.724 0.522 9.38
310.000 2.300 2.642 -7.07 0.225 7.554
310.000 2.400 -1.095 -6.746 -0.927 6.901
310.000 2.500 -3.769 -5.062 -2.339 6.734
310.000 2.600 -5.272 -3.427 -3.938 7.422
310.000 2.700 -6.271 -0.69 -4.806 7.933
310.000 2.800 -5.142 1.87 -3.675 6.593
310.000 2.900 -3.561 3.301 -2.137 5.306
310.000 3.000 -0.046 4.811 -1.321 4.989
310.000 3.100 5.36 3.58 -0.99 6.522
310.000 3.200 7.181 -1.291 -1.253 7.406
310.000 3.300 3.825 -3.736 -2.14 5.764
310.000 3.400 1.075 -3.384 -2.908 4.595
310.000 3.500 -0.616 -2.543 -3.53 4.398
310.000 3.600 -1.731 -1.427 -3.838 4.449
310.000 3.700 -2.216 -0.34 -3.614 4.256
310.000 3.800 -2.486 0.364 -3.084 3.981
310.000 3.900 -2.342 1.143 -2.515 3.624
310.000 4.000 -1.461 1.347 -1.999 2.821
310.000 4.100 -0.835 1.03 -1.766 2.211
310.000 4.200 -0.527 0.828 -1.794 2.048
310.000 4.300 -0.167 1.002 -1.902 2.159
310.000 4.400 0.777 1.439 -1.813 2.444
310.000 4.500 2.608 1.149 -1.378 3.168
310.000 4.600 3.243 -1.047 -1.263 3.638
310.000 4.700 1.165 -2.334 -1.97 3.275
310.000 4.800 -0.688 -1.893 -2.563 3.265
310.000 4.900 -1.582 -1.203 -2.841 3.472
310.000 5.000 -2.056 -0.632 -2.998 3.695
310.000 5.100 -2.216 -0.093 -2.924 3.674
310.000 5.200 -2.199 0.154 -2.688 3.48
310.000 5.300 -2.311 0.215 -2.497 3.413
310.000 5.400 -2.727 0.358 -2.418 3.666
310.000 5.500 -2.993 1.327 -2.313 4.012
310.000 5.600 -1.656 2.406 -1.456 3.266
310.000 5.700 0.2 1.874 -0.414 1.93
310.000 5.800 0.844 0.451 -0.149 0.971
310.000 5.900 0.46 -0.376 -0.519 0.794
310.000 6.000 -0.004 -0.611 -0.896 1.091
310.000 6.100 -0.408 -0.683 -1.18 1.429
310.000 6.200 -0.816 -0.663 -1.427 1.778
310.000 6.300 -1.222 -0.558 -1.686 2.161
310.000 6.400 -1.704 -0.131 -1.974 2.616
310.000 6.500 -1.482 0.858 -2.049 2.675
310.000 6.600 -0.335 1.354 -1.793 2.276
310.000 6.700 0.564 1.02 -1.439 1.856
310.000 6.800 0.662 0.685 -1.107 1.465
310.000 6.900 0.721 0.486 -0.676 1.106
310.000 7.000 0.722 0.104 -0.386 0.831
310.000 7.100 0.599 -0.334 -0.247 0.734
310.000 7.200 0.279 -0.891 -0.292 0.985
310.000 7.300 -0.335 -1.369 -0.538 1.516
310.000 7.400 -1.228 -1.737 -0.742 2.26
310.000 7.500 -2.736 -1.963 -0.81 3.469
310.000 7.600 -4.593 -0.941 -0.797 4.761
310.000 7.700 -4.185 0.829 -0.673 4.323
310.000 7.800 -3.008 1.046 -0.557 3.237
310.000 7.900 -2.208 1.083 -0.491 2.511
310.000 8.000 -1.287 0.728 -0.459 1.551
310.000 8.100 -0.899 0.076 -0.557 1.065
310.000 8.200 -1.004 -0.476 -0.778 1.361
310.000 8.300 -1.42 -0.834 -1.027 1.946
310.000 8.400 -2.141 -1.087 -1.204 2.691
310.000 8.500 -3.323 -0.905 -1.41 3.726
310.000 8.600 -3.685 0.222 -1.326 3.926
310.000 8.700 -2.819 0.519 -0.877 3.001
310.000 8.800 -2.294 0.146 -0.591 2.377
310.000 8.900 -1.918 -0.535 -0.304 2.018
310.000 9.000 -2.228 -1.82 -0.225 2.89
310.000 9.100 -4.062 -3.187 -0.478 5.189
310.000 9.200 -7.762 -2.803 -0.947 8.31
310.000 9.300 -8.906 1.285 -1.256 9.089
310.000 9.400 -5.166 3.334 -1.21 6.269
310.000 9.500 -2.328 2.516 -1.099 3.603
310.000 9.600 -1.289 1.407 -1.049 2.181
310.000 9.700 -1.001 0.616 -1.082 1.603
310.000 9.800 -1.102 0.041 -1.36 1.756
310.000 9.900 -1.429 -0.056 -1.814 2.315
310.000 10.000 -1.566 0.341 -2.027 2.589
310.000 10.100 -1.361 0.746 -1.823 2.399
310.000 10.200 -0.983 0.978 -1.422 1.991
310.000 10.300 -0.391 0.95 -0.892 1.365
310.000 10.400 0.144 0.369 -0.439 0.596
310.000 10.500 0.107 -0.56 -0.452 0.732
310.000 10.600 -0.474 -1.179 -0.942 1.587
310.000 10.700 -1.167 -1.337 -1.603 2.396
310.000 10.800 -1.854 -1.135 -2.318 3.183
310.000 10.900 -2.342 -0.309 -2.851 3.708
310.000 11.000 -2.077 0.684 -2.679 3.464
310.000 11.100 -1.438 1.112 -2.116 2.795
310.000 11.200 -0.799 1.135 -1.468 2.025
310.000 11.300 -0.272 0.673 -0.824 1.103
310.000 11.400 -0.286 -0.264 -0.534 0.667
310.000 11.500 -1.204 -0.99 -0.754 1.736
310.000 11.600 -2.397 -0.497 -1.173 2.719
310.000 11.700 -2.203 0.605 -1.529 2.754
310.000 11.800 -1.517 1.211 -1.731 2.606
310.000 11.900 -0.459 1.906 -1.574 2.519
310.000 12.000 1.351 1.799 -1.023 2.476
310.000 12.100 2.298 0.07 -0.721 2.413
310.000 12.200 1.093 -1.247 -1.205 2.055
310.000 12.300 -0.216 -1.21 -1.752 2.146
310.000 12.400 -0.962 -0.809 -2.052 2.412
310.000 12.500 -1.376 -0.386 -2.091 2.538
310.000 12.600 -1.554 -0.146 -1.733 2.338
310.000 12.700 -1.83 -0.485 -1.197 2.244
310.000 12.800 -2.476 -1.103 -1.185 2.963
310.000 12.900 -3.407 -1.635 -2.116 4.336
310.000 13.000 -4.667 -1.059 -3.479 5.921
310.000 13.100 -4.882 0.432 -4.002 6.333
310.000 13.200 -4.396 1.575 -3.926 6.105
310.000 13.300 -3.463 2.734 -3.296 5.512
310.000 13.400 -1.971 3.146 -2.061 4.251
310.000 13.500 -0.675 2.672 -1.102 2.973
310.000 13.600 0.302 1.982 -0.74 2.142
310.000 13.700 1.081 1.025 -0.73 1.664
310.000 13.800 0.863 -0.048 -0.846 1.214
310.000 13.900 0.238 -0.458 -0.98 1.113
310.000 14.000 -0.377 -0.779 -1.144 1.439
310.000 14.100 -1.293 -0.917 -1.399 2.119
310.000 14.200 -2.138 -0.618 -1.684 2.795
310.000 14.300 -2.611 -0.265 -1.944 3.271
310.000 14.400 -3.123 0.361 -2.253 3.873
310.000 14.500 -2.869 1.371 -2.114 3.823
310.000 14.600 -2.155 1.834 -1.698 3.305
310.000 14.700 -1.375 2.181 -1.185 2.843
310.000 14.800 -0.33 2.111 -0.46 2.19
310.000 14.900 0.387 1.397 0.035 1.454
310.000 15.000 0.418 0.687 0.01 0.808
